category,kernel,phase,hardware,implementation,shape,median_ms,throughput,throughput_unit
matrix_multiplication,mul_mat_f32,decode,SG2044,rvv_f32_vec_dot,M=1;N=4096;K=4096,19.541076,1.717123,GOP/s
matrix_multiplication,mul_mat_f32,decode,K1/X60,rvv_f32_vec_dot,M=1;N=4096;K=4096,16.680309,2.011619,GOP/s
matrix_multiplication,mul_mat_f16,decode,SG2044,rvv_f16_vec_dot,M=1;N=4096;K=4096,6.833510,4.910278,GOP/s
matrix_multiplication,mul_mat_f16,decode,K1/X60,rvv_f16_vec_dot,M=1;N=4096;K=4096,10.094934,3.323888,GOP/s
matrix_multiplication,mul_mat_q1_0,decode,SG2044,rvv_quantized_vec_dot,M=1;N=4096;K=4096,3.235204,10.371659,GOP/s
matrix_multiplication,mul_mat_q1_0,decode,K1/X60,rvv_quantized_vec_dot,M=1;N=4096;K=4096,9.088584,3.691932,GOP/s
matrix_multiplication,mul_mat_q4_0,decode,SG2044,rvv_quantized_vec_dot,M=1;N=4096;K=4096,4.518320,7.426307,GOP/s
matrix_multiplication,mul_mat_q4_0,decode,K1/X60,rvv_quantized_vec_dot,M=1;N=4096;K=4096,15.211242,2.205897,GOP/s
matrix_multiplication,mul_mat_q4_1,decode,SG2044,rvv_quantized_vec_dot,M=1;N=4096;K=4096,5.444093,6.163456,GOP/s
matrix_multiplication,mul_mat_q4_1,decode,K1/X60,rvv_quantized_vec_dot,M=1;N=4096;K=4096,16.099845,2.084146,GOP/s
matrix_multiplication,mul_mat_q5_0,decode,SG2044,rvv_quantized_vec_dot,M=1;N=4096;K=4096,6.294038,5.331145,GOP/s
matrix_multiplication,mul_mat_q5_0,decode,K1/X60,rvv_quantized_vec_dot,M=1;N=4096;K=4096,18.693953,1.794935,GOP/s
matrix_multiplication,mul_mat_q5_1,decode,SG2044,rvv_quantized_vec_dot,M=1;N=4096;K=4096,7.537963,4.451393,GOP/s
matrix_multiplication,mul_mat_q5_1,decode,K1/X60,rvv_quantized_vec_dot,M=1;N=4096;K=4096,20.294408,1.653383,GOP/s
matrix_multiplication,mul_mat_q8_0,decode,SG2044,rvv_quantized_vec_dot,M=1;N=4096;K=4096,54.051598,0.620785,GOP/s
matrix_multiplication,mul_mat_q8_0,decode,K1/X60,rvv_quantized_vec_dot,M=1;N=4096;K=4096,15.924164,2.107139,GOP/s
matrix_multiplication,mul_mat_q2_K,decode,SG2044,rvv_quantized_vec_dot,M=1;N=4096;K=4096,3.593546,9.337415,GOP/s
matrix_multiplication,mul_mat_q2_K,decode,K1/X60,rvv_quantized_vec_dot,M=1;N=4096;K=4096,13.702322,2.448814,GOP/s
matrix_multiplication,mul_mat_q3_K,decode,SG2044,rvv_quantized_vec_dot,M=1;N=4096;K=4096,4.651160,7.214206,GOP/s
matrix_multiplication,mul_mat_q3_K,decode,K1/X60,rvv_quantized_vec_dot,M=1;N=4096;K=4096,14.029094,2.391775,GOP/s
matrix_multiplication,mul_mat_q4_K,decode,SG2044,rvv_quantized_vec_dot,M=1;N=4096;K=4096,3.488385,9.618902,GOP/s
matrix_multiplication,mul_mat_q4_K,decode,K1/X60,rvv_quantized_vec_dot,M=1;N=4096;K=4096,13.629952,2.461816,GOP/s
matrix_multiplication,mul_mat_q5_K,decode,SG2044,rvv_quantized_vec_dot,M=1;N=4096;K=4096,29.056817,1.154787,GOP/s
matrix_multiplication,mul_mat_q5_K,decode,K1/X60,rvv_quantized_vec_dot,M=1;N=4096;K=4096,26.925787,1.246182,GOP/s
matrix_multiplication,mul_mat_q6_K,decode,SG2044,rvv_quantized_vec_dot,M=1;N=4096;K=4096,7.243702,4.632221,GOP/s
matrix_multiplication,mul_mat_q6_K,decode,K1/X60,rvv_quantized_vec_dot,M=1;N=4096;K=4096,14.289597,2.348172,GOP/s
matrix_multiplication,mul_mat_iq1_s,decode,SG2044,rvv_quantized_vec_dot,M=1;N=4096;K=4096,6.932851,4.839919,GOP/s
matrix_multiplication,mul_mat_iq1_s,decode,K1/X60,rvv_quantized_vec_dot,M=1;N=4096;K=4096,12.598438,2.663380,GOP/s
matrix_multiplication,mul_mat_iq1_m,decode,SG2044,rvv_quantized_vec_dot,M=1;N=4096;K=4096,12.713226,2.639333,GOP/s
matrix_multiplication,mul_mat_iq1_m,decode,K1/X60,rvv_quantized_vec_dot,M=1;N=4096;K=4096,23.560875,1.424159,GOP/s
matrix_multiplication,mul_mat_iq2_s,decode,SG2044,rvv_quantized_vec_dot,M=1;N=4096;K=4096,16.569793,2.025036,GOP/s
matrix_multiplication,mul_mat_iq2_s,decode,K1/X60,rvv_quantized_vec_dot,M=1;N=4096;K=4096,23.254533,1.442920,GOP/s
matrix_multiplication,mul_mat_iq2_xs,decode,SG2044,rvv_quantized_vec_dot,M=1;N=4096;K=4096,8.200546,4.091731,GOP/s
matrix_multiplication,mul_mat_iq2_xs,decode,K1/X60,rvv_quantized_vec_dot,M=1;N=4096;K=4096,19.146297,1.752529,GOP/s
matrix_multiplication,mul_mat_iq2_xxs,decode,SG2044,rvv_quantized_vec_dot,M=1;N=4096;K=4096,8.429827,3.980441,GOP/s
matrix_multiplication,mul_mat_iq2_xxs,decode,K1/X60,rvv_quantized_vec_dot,M=1;N=4096;K=4096,20.196183,1.661424,GOP/s
matrix_multiplication,mul_mat_iq3_s,decode,SG2044,rvv_quantized_vec_dot,M=1;N=4096;K=4096,30.565645,1.097783,GOP/s
matrix_multiplication,mul_mat_iq3_s,decode,K1/X60,rvv_quantized_vec_dot,M=1;N=4096;K=4096,20.500965,1.636725,GOP/s
matrix_multiplication,mul_mat_iq3_xxs,decode,SG2044,rvv_quantized_vec_dot,M=1;N=4096;K=4096,12.816356,2.618095,GOP/s
matrix_multiplication,mul_mat_iq3_xxs,decode,K1/X60,rvv_quantized_vec_dot,M=1;N=4096;K=4096,23.362855,1.436230,GOP/s
matrix_multiplication,mul_mat_iq4_nl,decode,SG2044,rvv_quantized_vec_dot,M=1;N=4096;K=4096,5.150412,6.514902,GOP/s
matrix_multiplication,mul_mat_iq4_nl,decode,K1/X60,rvv_quantized_vec_dot,M=1;N=4096;K=4096,12.144835,2.762856,GOP/s
matrix_multiplication,mul_mat_iq4_xs,decode,SG2044,rvv_quantized_vec_dot,M=1;N=4096;K=4096,12.443914,2.696453,GOP/s
matrix_multiplication,mul_mat_iq4_xs,decode,K1/X60,rvv_quantized_vec_dot,M=1;N=4096;K=4096,19.829567,1.692141,GOP/s
matrix_multiplication,mul_mat_tq1_0,decode,SG2044,rvv_quantized_vec_dot,M=1;N=4096;K=4096,4.186209,8.015470,GOP/s
matrix_multiplication,mul_mat_tq1_0,decode,K1/X60,rvv_quantized_vec_dot,M=1;N=4096;K=4096,10.049628,3.338873,GOP/s
matrix_multiplication,mul_mat_tq2_0,decode,SG2044,rvv_quantized_vec_dot,M=1;N=4096;K=4096,3.082524,10.885378,GOP/s
matrix_multiplication,mul_mat_tq2_0,decode,K1/X60,rvv_quantized_vec_dot,M=1;N=4096;K=4096,7.000006,4.793486,GOP/s
matrix_multiplication,mul_mat_mxfp4,decode,SG2044,rvv_quantized_vec_dot,M=1;N=4096;K=4096,5.394894,6.219665,GOP/s
matrix_multiplication,mul_mat_mxfp4,decode,K1/X60,rvv_quantized_vec_dot,M=1;N=4096;K=4096,13.234815,2.535316,GOP/s
matrix_multiplication,mul_mat_nvfp4,decode,SG2044,scalar_quantized_vec_dot,M=1;N=4096;K=4096,110.654219,0.303237,GOP/s
matrix_multiplication,mul_mat_nvfp4,decode,K1/X60,scalar_quantized_vec_dot,M=1;N=4096;K=4096,207.564220,0.161658,GOP/s
matrix_multiplication,mul_mat_f32,prefill,SG2044,rvv_f32_vec_dot,M=128;N=4096;K=4096,577.845586,7.432725,GOP/s
matrix_multiplication,mul_mat_f32,prefill,K1/X60,rvv_f32_vec_dot,M=128;N=4096;K=4096,1668.433894,2.574251,GOP/s
matrix_multiplication,mul_mat_f16,prefill,SG2044,rvv_f16_vec_dot,M=128;N=4096;K=4096,285.691164,15.033602,GOP/s
matrix_multiplication,mul_mat_f16,prefill,K1/X60,rvv_f16_vec_dot,M=128;N=4096;K=4096,725.461613,5.920323,GOP/s
matrix_multiplication,mul_mat_q1_0,prefill,SG2044,rvv_quantized_vec_dot,M=128;N=4096;K=4096,376.363372,11.411757,GOP/s
matrix_multiplication,mul_mat_q1_0,prefill,K1/X60,rvv_quantized_vec_dot,M=128;N=4096;K=4096,1134.469004,3.785883,GOP/s
matrix_multiplication,mul_mat_q4_0,prefill,SG2044,rvv_quantized_vec_dot,M=128;N=4096;K=4096,568.052133,7.560868,GOP/s
matrix_multiplication,mul_mat_q4_0,prefill,K1/X60,rvv_quantized_vec_dot,M=128;N=4096;K=4096,1895.435308,2.265953,GOP/s
matrix_multiplication,mul_mat_q4_1,prefill,SG2044,rvv_quantized_vec_dot,M=128;N=4096;K=4096,685.553110,6.264967,GOP/s
matrix_multiplication,mul_mat_q4_1,prefill,K1/X60,rvv_quantized_vec_dot,M=128;N=4096;K=4096,1988.738638,2.159644,GOP/s
matrix_multiplication,mul_mat_q5_0,prefill,SG2044,rvv_quantized_vec_dot,M=128;N=4096;K=4096,802.537893,5.351731,GOP/s
matrix_multiplication,mul_mat_q5_0,prefill,K1/X60,rvv_quantized_vec_dot,M=128;N=4096;K=4096,2324.196198,1.847937,GOP/s
matrix_multiplication,mul_mat_q5_1,prefill,SG2044,rvv_quantized_vec_dot,M=128;N=4096;K=4096,966.941144,4.441808,GOP/s
matrix_multiplication,mul_mat_q5_1,prefill,K1/X60,rvv_quantized_vec_dot,M=128;N=4096;K=4096,2505.177327,1.714436,GOP/s
matrix_multiplication,mul_mat_q8_0,prefill,SG2044,rvv_quantized_vec_dot,M=128;N=4096;K=4096,1070.734500,4.011235,GOP/s
matrix_multiplication,mul_mat_q8_0,prefill,K1/X60,rvv_quantized_vec_dot,M=128;N=4096;K=4096,1928.411259,2.227205,GOP/s
matrix_multiplication,mul_mat_q2_K,prefill,SG2044,rvv_quantized_vec_dot,M=128;N=4096;K=4096,444.701382,9.658093,GOP/s
matrix_multiplication,mul_mat_q2_K,prefill,K1/X60,rvv_quantized_vec_dot,M=128;N=4096;K=4096,1751.230173,2.452543,GOP/s
matrix_multiplication,mul_mat_q3_K,prefill,SG2044,rvv_quantized_vec_dot,M=128;N=4096;K=4096,598.618698,7.174796,GOP/s
matrix_multiplication,mul_mat_q3_K,prefill,K1/X60,rvv_quantized_vec_dot,M=128;N=4096;K=4096,1758.333620,2.442635,GOP/s
matrix_multiplication,mul_mat_q4_K,prefill,SG2044,rvv_quantized_vec_dot,M=128;N=4096;K=4096,445.681747,9.636848,GOP/s
matrix_multiplication,mul_mat_q4_K,prefill,K1/X60,rvv_quantized_vec_dot,M=128;N=4096;K=4096,1711.840360,2.508977,GOP/s
matrix_multiplication,mul_mat_q5_K,prefill,SG2044,rvv_quantized_vec_dot,M=128;N=4096;K=4096,1047.753899,4.099214,GOP/s
matrix_multiplication,mul_mat_q5_K,prefill,K1/X60,rvv_quantized_vec_dot,M=128;N=4096;K=4096,3401.551917,1.262649,GOP/s
matrix_multiplication,mul_mat_q6_K,prefill,SG2044,rvv_quantized_vec_dot,M=128;N=4096;K=4096,576.988313,7.443768,GOP/s
matrix_multiplication,mul_mat_q6_K,prefill,K1/X60,rvv_quantized_vec_dot,M=128;N=4096;K=4096,1713.712461,2.506236,GOP/s
matrix_multiplication,mul_mat_iq1_s,prefill,SG2044,rvv_quantized_vec_dot,M=128;N=4096;K=4096,884.676403,4.854846,GOP/s
matrix_multiplication,mul_mat_iq1_s,prefill,K1/X60,rvv_quantized_vec_dot,M=128;N=4096;K=4096,1567.172231,2.740584,GOP/s
matrix_multiplication,mul_mat_iq1_m,prefill,SG2044,rvv_quantized_vec_dot,M=128;N=4096;K=4096,1630.412456,2.634283,GOP/s
matrix_multiplication,mul_mat_iq1_m,prefill,K1/X60,rvv_quantized_vec_dot,M=128;N=4096;K=4096,2968.436420,1.446879,GOP/s
matrix_multiplication,mul_mat_iq2_s,prefill,SG2044,rvv_quantized_vec_dot,M=128;N=4096;K=4096,1713.720606,2.506224,GOP/s
matrix_multiplication,mul_mat_iq2_s,prefill,K1/X60,rvv_quantized_vec_dot,M=128;N=4096;K=4096,2923.392440,1.469172,GOP/s
matrix_multiplication,mul_mat_iq2_xs,prefill,SG2044,rvv_quantized_vec_dot,M=128;N=4096;K=4096,892.979922,4.809702,GOP/s
matrix_multiplication,mul_mat_iq2_xs,prefill,K1/X60,rvv_quantized_vec_dot,M=128;N=4096;K=4096,2391.134226,1.796205,GOP/s
matrix_multiplication,mul_mat_iq2_xxs,prefill,SG2044,rvv_quantized_vec_dot,M=128;N=4096;K=4096,1044.538911,4.111831,GOP/s
matrix_multiplication,mul_mat_iq2_xxs,prefill,K1/X60,rvv_quantized_vec_dot,M=128;N=4096;K=4096,2518.863607,1.705121,GOP/s
matrix_multiplication,mul_mat_iq3_s,prefill,SG2044,rvv_quantized_vec_dot,M=128;N=4096;K=4096,2144.988499,2.002326,GOP/s
matrix_multiplication,mul_mat_iq3_s,prefill,K1/X60,rvv_quantized_vec_dot,M=128;N=4096;K=4096,2564.238440,1.674948,GOP/s
matrix_multiplication,mul_mat_iq3_xxs,prefill,SG2044,rvv_quantized_vec_dot,M=128;N=4096;K=4096,1470.965383,2.919829,GOP/s
matrix_multiplication,mul_mat_iq3_xxs,prefill,K1/X60,rvv_quantized_vec_dot,M=128;N=4096;K=4096,2916.835122,1.472475,GOP/s
matrix_multiplication,mul_mat_iq4_nl,prefill,SG2044,rvv_quantized_vec_dot,M=128;N=4096;K=4096,653.276003,6.574506,GOP/s
matrix_multiplication,mul_mat_iq4_nl,prefill,K1/X60,rvv_quantized_vec_dot,M=128;N=4096;K=4096,1496.280262,2.870430,GOP/s
matrix_multiplication,mul_mat_iq4_xs,prefill,SG2044,rvv_quantized_vec_dot,M=128;N=4096;K=4096,736.788293,5.829310,GOP/s
matrix_multiplication,mul_mat_iq4_xs,prefill,K1/X60,rvv_quantized_vec_dot,M=128;N=4096;K=4096,2500.410969,1.717705,GOP/s
matrix_multiplication,mul_mat_tq1_0,prefill,SG2044,rvv_quantized_vec_dot,M=128;N=4096;K=4096,538.116076,7.981489,GOP/s
matrix_multiplication,mul_mat_tq1_0,prefill,K1/X60,rvv_quantized_vec_dot,M=128;N=4096;K=4096,1242.005829,3.458089,GOP/s
matrix_multiplication,mul_mat_tq2_0,prefill,SG2044,rvv_quantized_vec_dot,M=128;N=4096;K=4096,358.251061,11.988708,GOP/s
matrix_multiplication,mul_mat_tq2_0,prefill,K1/X60,rvv_quantized_vec_dot,M=128;N=4096;K=4096,863.486981,4.973980,GOP/s
matrix_multiplication,mul_mat_mxfp4,prefill,SG2044,rvv_quantized_vec_dot,M=128;N=4096;K=4096,689.968806,6.224872,GOP/s
matrix_multiplication,mul_mat_mxfp4,prefill,K1/X60,rvv_quantized_vec_dot,M=128;N=4096;K=4096,1633.675363,2.629021,GOP/s
matrix_multiplication,mul_mat_nvfp4,prefill,SG2044,scalar_quantized_vec_dot,M=128;N=4096;K=4096,14111.915889,0.304350,GOP/s
matrix_multiplication,mul_mat_nvfp4,prefill,K1/X60,scalar_quantized_vec_dot,M=128;N=4096;K=4096,26511.182741,0.162006,GOP/s
vec_dot_microkernel,q1_0_q8_0,decode,SG2044,rvv_intrinsic,M=1;N=14336;K=4096,10.258445,11.448178,GOP/s
vec_dot_microkernel,q1_0_q8_0,decode,K1/X60,rvv_intrinsic,M=1;N=14336;K=4096,31.132359,3.772297,GOP/s
vec_dot_microkernel,q4_0_q8_0,decode,SG2044,rvv_intrinsic,M=1;N=14336;K=4096,15.528839,7.562736,GOP/s
vec_dot_microkernel,q4_0_q8_0,decode,K1/X60,rvv_intrinsic,M=1;N=14336;K=4096,52.674398,2.229556,GOP/s
vec_dot_microkernel,q4_1_q8_1,decode,SG2044,rvv_intrinsic,M=1;N=14336;K=4096,18.700793,6.279975,GOP/s
vec_dot_microkernel,q4_1_q8_1,decode,K1/X60,rvv_intrinsic,M=1;N=14336;K=4096,55.708052,2.108143,GOP/s
vec_dot_microkernel,q5_0_q8_0,decode,SG2044,rvv_intrinsic,M=1;N=14336;K=4096,21.670166,5.419456,GOP/s
vec_dot_microkernel,q5_0_q8_0,decode,K1/X60,rvv_intrinsic,M=1;N=14336;K=4096,64.814675,1.811943,GOP/s
vec_dot_microkernel,q5_1_q8_1,decode,SG2044,rvv_intrinsic,M=1;N=14336;K=4096,24.626589,4.768850,GOP/s
vec_dot_microkernel,q5_1_q8_1,decode,K1/X60,rvv_intrinsic,M=1;N=14336;K=4096,70.374556,1.668792,GOP/s
vec_dot_microkernel,q8_0_q8_0,decode,SG2044,rvv_intrinsic,M=1;N=14336;K=4096,175.741950,0.668255,GOP/s
vec_dot_microkernel,q8_0_q8_0,decode,K1/X60,rvv_intrinsic,M=1;N=14336;K=4096,55.232876,2.126279,GOP/s
vec_dot_microkernel,q2_K_q8_K,decode,SG2044,rvv_intrinsic,M=1;N=14336;K=4096,12.413725,9.460538,GOP/s
vec_dot_microkernel,q2_K_q8_K,decode,K1/X60,rvv_intrinsic,M=1;N=14336;K=4096,47.363033,2.479582,GOP/s
vec_dot_microkernel,q3_K_q8_K,decode,SG2044,rvv_intrinsic,M=1;N=14336;K=4096,15.679809,7.489920,GOP/s
vec_dot_microkernel,q3_K_q8_K,decode,K1/X60,rvv_intrinsic,M=1;N=14336;K=4096,48.220742,2.435477,GOP/s
vec_dot_microkernel,q4_K_q8_K,decode,SG2044,rvv_intrinsic,M=1;N=14336;K=4096,11.578311,10.143147,GOP/s
vec_dot_microkernel,q4_K_q8_K,decode,K1/X60,rvv_intrinsic,M=1;N=14336;K=4096,46.882691,2.504987,GOP/s
vec_dot_microkernel,q5_K_q8_K,decode,SG2044,rvv_intrinsic,M=1;N=14336;K=4096,101.524201,1.156774,GOP/s
vec_dot_microkernel,q5_K_q8_K,decode,K1/X60,rvv_intrinsic,M=1;N=14336;K=4096,93.608742,1.254589,GOP/s
vec_dot_microkernel,q6_K_q8_K,decode,SG2044,rvv_intrinsic,M=1;N=14336;K=4096,23.787856,4.936994,GOP/s
vec_dot_microkernel,q6_K_q8_K,decode,K1/X60,rvv_intrinsic,M=1;N=14336;K=4096,50.592703,2.321293,GOP/s
vec_dot_microkernel,iq1_s_q8_K,decode,SG2044,rvv_intrinsic,M=1;N=14336;K=4096,24.158537,4.861243,GOP/s
vec_dot_microkernel,iq1_s_q8_K,decode,K1/X60,rvv_intrinsic,M=1;N=14336;K=4096,43.309199,2.711676,GOP/s
vec_dot_microkernel,iq1_m_q8_K,decode,SG2044,rvv_intrinsic,M=1;N=14336;K=4096,44.309276,2.650472,GOP/s
vec_dot_microkernel,iq1_m_q8_K,decode,K1/X60,rvv_intrinsic,M=1;N=14336;K=4096,81.822750,1.435304,GOP/s
vec_dot_microkernel,iq2_s_q8_K,decode,SG2044,rvv_intrinsic,M=1;N=14336;K=4096,59.637905,1.969226,GOP/s
vec_dot_microkernel,iq2_s_q8_K,decode,K1/X60,rvv_intrinsic,M=1;N=14336;K=4096,80.703424,1.455211,GOP/s
vec_dot_microkernel,iq2_xs_q8_K,decode,SG2044,rvv_intrinsic,M=1;N=14336;K=4096,28.197355,4.164948,GOP/s
vec_dot_microkernel,iq2_xs_q8_K,decode,K1/X60,rvv_intrinsic,M=1;N=14336;K=4096,66.221810,1.773442,GOP/s
vec_dot_microkernel,iq2_xxs_q8_K,decode,SG2044,rvv_intrinsic,M=1;N=14336;K=4096,29.081428,4.038334,GOP/s
vec_dot_microkernel,iq2_xxs_q8_K,decode,K1/X60,rvv_intrinsic,M=1;N=14336;K=4096,69.997216,1.677788,GOP/s
vec_dot_microkernel,iq3_s_q8_K,decode,SG2044,rvv_intrinsic,M=1;N=14336;K=4096,98.423751,1.193213,GOP/s
vec_dot_microkernel,iq3_s_q8_K,decode,K1/X60,rvv_intrinsic,M=1;N=14336;K=4096,71.010315,1.653851,GOP/s
vec_dot_microkernel,iq3_xxs_q8_K,decode,SG2044,rvv_intrinsic,M=1;N=14336;K=4096,43.927253,2.673523,GOP/s
vec_dot_microkernel,iq3_xxs_q8_K,decode,K1/X60,rvv_intrinsic,M=1;N=14336;K=4096,81.132560,1.447514,GOP/s
vec_dot_microkernel,iq4_nl_q8_0,decode,SG2044,rvv_intrinsic,M=1;N=14336;K=4096,17.660278,6.649981,GOP/s
vec_dot_microkernel,iq4_nl_q8_0,decode,K1/X60,rvv_intrinsic,M=1;N=14336;K=4096,41.618910,2.821807,GOP/s
vec_dot_microkernel,iq4_xs_q8_K,decode,SG2044,rvv_intrinsic,M=1;N=14336;K=4096,43.587251,2.694378,GOP/s
vec_dot_microkernel,iq4_xs_q8_K,decode,K1/X60,rvv_intrinsic,M=1;N=14336;K=4096,68.538399,1.713500,GOP/s
vec_dot_microkernel,tq1_0_q8_K,decode,SG2044,rvv_intrinsic,M=1;N=14336;K=4096,14.456003,8.123996,GOP/s
vec_dot_microkernel,tq1_0_q8_K,decode,K1/X60,rvv_intrinsic,M=1;N=14336;K=4096,34.452757,3.408741,GOP/s
vec_dot_microkernel,tq2_0_q8_K,decode,SG2044,rvv_intrinsic,M=1;N=14336;K=4096,10.651867,11.025345,GOP/s
vec_dot_microkernel,tq2_0_q8_K,decode,K1/X60,rvv_intrinsic,M=1;N=14336;K=4096,23.790775,4.936389,GOP/s
vec_dot_microkernel,mxfp4_q8_0,decode,SG2044,rvv_intrinsic,M=1;N=14336;K=4096,18.636662,6.301585,GOP/s
vec_dot_microkernel,mxfp4_q8_0,decode,K1/X60,rvv_intrinsic,M=1;N=14336;K=4096,45.511187,2.580476,GOP/s
vec_dot_microkernel,nvfp4_q8_0,decode,SG2044,scalar,M=1;N=14336;K=4096,387.974273,0.302702,GOP/s
vec_dot_microkernel,nvfp4_q8_0,decode,K1/X60,scalar,M=1;N=14336;K=4096,741.770647,0.158325,GOP/s
quantization,quantize_row_q8_0,prefill,SG2044,rvv_intrinsic,M=128;K=14336,3.369885,544.531422,MElements/s
quantization,quantize_row_q8_0,prefill,K1/X60,rvv_intrinsic,M=128;K=14336,5.551527,330.541129,MElements/s
quantization,quantize_row_q8_1,prefill,SG2044,rvv_intrinsic,M=128;K=14336,3.452155,531.554348,MElements/s
quantization,quantize_row_q8_1,prefill,K1/X60,rvv_intrinsic,M=128;K=14336,6.381506,287.550932,MElements/s
quantization,quantize_row_q8_K,prefill,SG2044,rvv_intrinsic,M=128;K=14336,3.443585,532.877220,MElements/s
quantization,quantize_row_q8_K,prefill,K1/X60,rvv_intrinsic,M=128;K=14336,5.077997,361.364495,MElements/s
dequantization,dequantize_row_q1_0,tensor,SG2044,scalar,N=1024;K=4096,5.620935,746.193360,MElements/s
dequantization,dequantize_row_q1_0,tensor,K1/X60,scalar,N=1024;K=4096,27.957046,150.026726,MElements/s
dequantization,dequantize_row_q4_0,tensor,SG2044,scalar,N=1024;K=4096,9.818903,427.166253,MElements/s
dequantization,dequantize_row_q4_0,tensor,K1/X60,scalar,N=1024;K=4096,24.584340,170.608773,MElements/s
dequantization,dequantize_row_q4_1,tensor,SG2044,scalar,N=1024;K=4096,11.390560,368.226321,MElements/s
dequantization,dequantize_row_q4_1,tensor,K1/X60,scalar,N=1024;K=4096,27.892194,150.375552,MElements/s
dequantization,dequantize_row_q5_0,tensor,SG2044,scalar,N=1024;K=4096,24.850589,168.780869,MElements/s
dequantization,dequantize_row_q5_0,tensor,K1/X60,scalar,N=1024;K=4096,26.275838,159.625889,MElements/s
dequantization,dequantize_row_q5_1,tensor,SG2044,scalar,N=1024;K=4096,26.117644,160.592736,MElements/s
dequantization,dequantize_row_q5_1,tensor,K1/X60,scalar,N=1024;K=4096,28.423596,147.564155,MElements/s
dequantization,dequantize_row_q8_0,tensor,SG2044,scalar,N=1024;K=4096,12.663845,331.203030,MElements/s
dequantization,dequantize_row_q8_0,tensor,K1/X60,scalar,N=1024;K=4096,22.788447,184.053964,MElements/s
dequantization,dequantize_row_mxfp4,tensor,SG2044,scalar,N=1024;K=4096,26.103415,160.680279,MElements/s
dequantization,dequantize_row_mxfp4,tensor,K1/X60,scalar,N=1024;K=4096,25.554878,164.129294,MElements/s
dequantization,dequantize_row_nvfp4,tensor,SG2044,scalar,N=1024;K=4096,27.667612,151.596170,MElements/s
dequantization,dequantize_row_nvfp4,tensor,K1/X60,scalar,N=1024;K=4096,41.539392,100.971723,MElements/s
dequantization,dequantize_row_q2_K,tensor,SG2044,scalar,N=1024;K=4096,6.687770,627.160324,MElements/s
dequantization,dequantize_row_q2_K,tensor,K1/X60,scalar,N=1024;K=4096,30.962970,135.461938,MElements/s
dequantization,dequantize_row_q3_K,tensor,SG2044,scalar,N=1024;K=4096,11.294910,371.344615,MElements/s
dequantization,dequantize_row_q3_K,tensor,K1/X60,scalar,N=1024;K=4096,36.718950,114.227230,MElements/s
dequantization,dequantize_row_q4_K,tensor,SG2044,scalar,N=1024;K=4096,6.143867,682.681445,MElements/s
dequantization,dequantize_row_q4_K,tensor,K1/X60,scalar,N=1024;K=4096,25.069472,167.307230,MElements/s
dequantization,dequantize_row_q5_K,tensor,SG2044,scalar,N=1024;K=4096,11.020818,380.580081,MElements/s
dequantization,dequantize_row_q5_K,tensor,K1/X60,scalar,N=1024;K=4096,37.416266,112.098412,MElements/s
dequantization,dequantize_row_q6_K,tensor,SG2044,scalar,N=1024;K=4096,21.633085,193.883766,MElements/s
dequantization,dequantize_row_q6_K,tensor,K1/X60,scalar,N=1024;K=4096,41.365730,101.395625,MElements/s
dequantization,dequantize_row_tq1_0,tensor,SG2044,scalar,N=1024;K=4096,6.273427,668.582579,MElements/s
dequantization,dequantize_row_tq1_0,tensor,K1/X60,scalar,N=1024;K=4096,37.982002,110.428724,MElements/s
dequantization,dequantize_row_tq2_0,tensor,SG2044,scalar,N=1024;K=4096,6.226667,673.603336,MElements/s
dequantization,dequantize_row_tq2_0,tensor,K1/X60,scalar,N=1024;K=4096,24.156726,173.628831,MElements/s
dequantization,dequantize_row_iq2_xxs,tensor,SG2044,scalar,N=1024;K=4096,9.460332,443.356980,MElements/s
dequantization,dequantize_row_iq2_xxs,tensor,K1/X60,scalar,N=1024;K=4096,28.256143,148.438660,MElements/s
dequantization,dequantize_row_iq2_xs,tensor,SG2044,scalar,N=1024;K=4096,9.115780,460.114658,MElements/s
dequantization,dequantize_row_iq2_xs,tensor,K1/X60,scalar,N=1024;K=4096,30.684457,136.691485,MElements/s
dequantization,dequantize_row_iq2_s,tensor,SG2044,scalar,N=1024;K=4096,9.834103,426.506007,MElements/s
dequantization,dequantize_row_iq2_s,tensor,K1/X60,scalar,N=1024;K=4096,28.592592,146.691980,MElements/s
dequantization,dequantize_row_iq3_xxs,tensor,SG2044,scalar,N=1024;K=4096,9.494612,441.756230,MElements/s
dequantization,dequantize_row_iq3_xxs,tensor,K1/X60,scalar,N=1024;K=4096,28.263643,148.399270,MElements/s
dequantization,dequantize_row_iq3_s,tensor,SG2044,scalar,N=1024;K=4096,11.710181,358.175832,MElements/s
dequantization,dequantize_row_iq3_s,tensor,K1/X60,scalar,N=1024;K=4096,27.571494,152.124657,MElements/s
dequantization,dequantize_row_iq1_s,tensor,SG2044,scalar,N=1024;K=4096,5.768545,727.099121,MElements/s
dequantization,dequantize_row_iq1_s,tensor,K1/X60,scalar,N=1024;K=4096,32.312082,129.806058,MElements/s
dequantization,dequantize_row_iq1_m,tensor,SG2044,scalar,N=1024;K=4096,5.953676,704.489798,MElements/s
dequantization,dequantize_row_iq1_m,tensor,K1/X60,scalar,N=1024;K=4096,34.473382,121.667900,MElements/s
dequantization,dequantize_row_iq4_nl,tensor,SG2044,scalar,N=1024;K=4096,23.106732,181.518702,MElements/s
dequantization,dequantize_row_iq4_nl,tensor,K1/X60,scalar,N=1024;K=4096,27.053361,155.038185,MElements/s
dequantization,dequantize_row_iq4_xs,tensor,SG2044,scalar,N=1024;K=4096,23.163352,181.075002,MElements/s
dequantization,dequantize_row_iq4_xs,tensor,K1/X60,scalar,N=1024;K=4096,26.552103,157.965043,MElements/s
elementwise_activation,add,forward,SG2044,scalar,"hidden[128,4096]",0.799,,
elementwise_activation,add,forward,K1/X60,SpacemiT RVV intrinsic,"hidden[128,4096]",1.556,,
elementwise_activation,sub,forward,SG2044,scalar,"hidden[128,4096]",0.797,,
elementwise_activation,sub,forward,K1/X60,SpacemiT RVV intrinsic,"hidden[128,4096]",1.569,,
elementwise_activation,mul,forward,SG2044,scalar,"hidden[128,4096]",0.798,,
elementwise_activation,mul,forward,K1/X60,SpacemiT RVV intrinsic,"hidden[128,4096]",1.595,,
elementwise_activation,div,forward,SG2044,scalar,"hidden[128,4096]",0.800,,
elementwise_activation,div,forward,K1/X60,SpacemiT RVV intrinsic,"hidden[128,4096]",1.992,,
elementwise_activation,scale,forward,SG2044,RVV intrinsic,"hidden[128,4096]",0.983,,
elementwise_activation,scale,forward,K1/X60,RVV intrinsic,"hidden[128,4096]",1.751,,
elementwise_activation,gelu,forward,SG2044,scalar,"ffn[128,14336]",5.114,,
elementwise_activation,gelu,forward,K1/X60,scalar,"ffn[128,14336]",37.761,,
elementwise_activation,silu,forward,SG2044,RVV intrinsic,"ffn[128,14336]",4.113,,
elementwise_activation,silu,forward,K1/X60,RVV intrinsic,"ffn[128,14336]",13.233,,
normalization_reduction,norm,forward,SG2044,scalar,"hidden[128,4096]",3.507,,
normalization_reduction,norm,forward,K1/X60,SpacemiT RVV intrinsic,"hidden[128,4096]",1.688,,
normalization_reduction,rms_norm,forward,SG2044,scalar,"hidden[128,4096]",2.637,,
normalization_reduction,rms_norm,forward,K1/X60,SpacemiT RVV intrinsic,"hidden[128,4096]",1.699,,
normalization_reduction,softmax,forward,SG2044,RVV intrinsic,"attention[heads=32,Q=128,K=128]",4.170,,
normalization_reduction,softmax,forward,K1/X60,RVV intrinsic,"attention[heads=32,Q=128,K=128]",8.349,,
normalization_reduction,sum_rows,forward,SG2044,scalar,"hidden[128,4096]",2.145,,
normalization_reduction,sum_rows,forward,K1/X60,SpacemiT RVV intrinsic,"hidden[128,4096]",0.606,,
layout_memory_indexing,cpy,forward,SG2044,scalar/memcpy,"hidden[128,4096]",0.726,,
layout_memory_indexing,cpy,forward,K1/X60,scalar/memcpy,"hidden[128,4096]",1.030,,
layout_memory_indexing,cont,forward,SG2044,scalar/memcpy,"transpose(hidden[128,4096])",5.574,,
layout_memory_indexing,cont,forward,K1/X60,RVV inline asm,"transpose(hidden[128,4096])",4.251,,
layout_memory_indexing,get_rows,forward,SG2044,scalar,"embedding[vocab=128256,hidden=4096],tokens=128",0.825,,
layout_memory_indexing,get_rows,forward,K1/X60,scalar,"embedding[vocab=128256,hidden=4096],tokens=128",3.362,,
layout_memory_indexing,get_rows_f32,forward,K1/X60,RVV inline asm,"TinyLlama embedding[vocab=32000,hidden=2048],tokens=128",0.691,,
layout_memory_indexing,repeat,forward,SG2044,scalar,"norm_weight[4096]->hidden[128,4096]",0.747,,
layout_memory_indexing,repeat,forward,K1/X60,SpacemiT RVV intrinsic,"norm_weight[4096]->hidden[128,4096]",0.365,,
layout_memory_indexing,concat,forward,SG2044,scalar,"hidden[64+64,4096]",1.008,,
layout_memory_indexing,concat,forward,K1/X60,scalar,"hidden[64+64,4096]",2.018,,
layout_memory_indexing,concat_dim0,forward,K1/X60,SpacemiT scalar,"hidden[128,2048+2048]",3.924,,
attention_position,rope,forward,SG2044,scalar,"q[head_dim=128,heads=32,tokens=128]",1.253,,
attention_position,rope,forward,K1/X60,scalar,"q[head_dim=128,heads=32,tokens=128]",5.237,,
attention_position,flash_attn,forward,SG2044,generic mixed,"Q=128,KV=128,H=32,Hkv=8,D=128",21.667,,
attention_position,flash_attn,forward,K1/X60,generic mixed,"Q=128,KV=128,H=32,Hkv=8,D=128",44.422,,
