vec_dot|q4_0|typed-flat|arity2|micro-fixed,g8s3-opp-reparse,mechanism,opp-reparse-symbol-level,g8-stage3-opponent-reparse,n_a(opp-reparse-no-AB),vlen=128,tot125/rvv12/mac3/vset4;ggml-block-dot-weak,pending-§6,pending-§6,pending-§6,n_a,g8-stage3-opponent-reparse/rvv/objdump_metrics_rvv.txt,naive,pending-§6,pending-§6,pending-§6,n_a,n_a,n_a,n_a,n_a,n_a,opp-reparse-clang18-sym,rvv-openEuler-VLEN128-clang18.1.8-tcrv-canonical-fnoias-richmarch-core8_15,2026-07-14-g8-stage3-opp-reparse,g8-stage3-opponent-reparse/rvv/objdump_metrics_rvv.txt,ggml=e36a602(vericurve-2026-06-15),matmul-kernel-sym,pending-§6,light-vec,ggml_vec_dot_q4_0_q8_0,g8-stage3-opponent-reparse/rvv/objdump_metrics_rvv.txt,clang18-sym,pending-§6,in-denom
vec_dot|q4_1|typed-flat|arity2|micro-fixed,g8s3-opp-reparse,mechanism,opp-reparse-symbol-level,g8-stage3-opponent-reparse,n_a(opp-reparse-no-AB),vlen=128,tot76/rvv10/mac3/vset4;ggml-block-dot-weak,pending-§6,pending-§6,pending-§6,n_a,g8-stage3-opponent-reparse/rvv/objdump_metrics_rvv.txt,naive,pending-§6,pending-§6,pending-§6,n_a,n_a,n_a,n_a,n_a,n_a,opp-reparse-clang18-sym,rvv-openEuler-VLEN128-clang18.1.8-tcrv-canonical-fnoias-richmarch-core8_15,2026-07-14-g8-stage3-opp-reparse,g8-stage3-opponent-reparse/rvv/objdump_metrics_rvv.txt,ggml=e36a602(vericurve-2026-06-15),matmul-kernel-sym,pending-§6,light-vec,ggml_vec_dot_q4_1_q8_1,g8-stage3-opponent-reparse/rvv/objdump_metrics_rvv.txt,clang18-sym,pending-§6,in-denom
vec_dot|q5_0|typed-flat|arity2|micro-fixed,g8s3-opp-reparse,mechanism,opp-reparse-symbol-level,g8-stage3-opponent-reparse,n_a(opp-reparse-no-AB),vlen=128,tot112/rvv22/mac4/vset10/csrr1;better-vec-qh5bit-VLENadaptive,pending-§6,pending-§6,pending-§6,n_a,g8-stage3-opponent-reparse/rvv/objdump_metrics_rvv.txt,factory,pending-§6,pending-§6,pending-§6,n_a,n_a,n_a,n_a,n_a,n_a,opp-reparse-clang18-sym,rvv-openEuler-VLEN128-clang18.1.8-tcrv-canonical-fnoias-richmarch-core8_15,2026-07-14-g8-stage3-opp-reparse,g8-stage3-opponent-reparse/rvv/objdump_metrics_rvv.txt,ggml=e36a602(vericurve-2026-06-15),matmul-kernel-sym,pending-§6,native-vec-moderate,ggml_vec_dot_q5_0_q8_0,g8-stage3-opponent-reparse/rvv/objdump_metrics_rvv.txt,clang18-sym,pending-§6,in-denom
vec_dot|q5_1|typed-flat|arity2|micro-fixed,g8s3-opp-reparse,mechanism,opp-reparse-symbol-level,g8-stage3-opponent-reparse,n_a(opp-reparse-no-AB),vlen=128,tot120/rvv20/mac4/vset10/csrr1;better-vec-qh5bit,pending-§6,pending-§6,pending-§6,n_a,g8-stage3-opponent-reparse/rvv/objdump_metrics_rvv.txt,factory,pending-§6,pending-§6,pending-§6,n_a,n_a,n_a,n_a,n_a,n_a,opp-reparse-clang18-sym,rvv-openEuler-VLEN128-clang18.1.8-tcrv-canonical-fnoias-richmarch-core8_15,2026-07-14-g8-stage3-opp-reparse,g8-stage3-opponent-reparse/rvv/objdump_metrics_rvv.txt,ggml=e36a602(vericurve-2026-06-15),matmul-kernel-sym,pending-§6,native-vec-moderate,ggml_vec_dot_q5_1_q8_1,g8-stage3-opponent-reparse/rvv/objdump_metrics_rvv.txt,clang18-sym,pending-§6,in-denom
vec_dot|q8_0|typed-flat|arity2|micro-fixed,g8s3-opp-reparse,mechanism,opp-reparse-symbol-level,g8-stage3-opponent-reparse,n_a(opp-reparse-no-AB),vlen=128,tot66/rvv6/mac2/vset4;ggml-block-dot-weak,pending-§6,pending-§6,pending-§6,n_a,g8-stage3-opponent-reparse/rvv/objdump_metrics_rvv.txt,naive,pending-§6,pending-§6,pending-§6,n_a,n_a,n_a,n_a,n_a,n_a,opp-reparse-clang18-sym,rvv-openEuler-VLEN128-clang18.1.8-tcrv-canonical-fnoias-richmarch-core8_15,2026-07-14-g8-stage3-opp-reparse,g8-stage3-opponent-reparse/rvv/objdump_metrics_rvv.txt,ggml=e36a602(vericurve-2026-06-15),matmul-kernel-sym,pending-§6,light-vec,ggml_vec_dot_q8_0_q8_0,g8-stage3-opponent-reparse/rvv/objdump_metrics_rvv.txt,clang18-sym,pending-§6,in-denom
vec_dot|q2_K|typed-super-block|arity2|micro-fixed,g8s3-opp-reparse,mechanism,opp-reparse-symbol-level,g8-stage3-opponent-reparse,n_a(opp-reparse-no-AB),vlen=128,tot235/rvv125/mac66/vset9;SpacemiT-vl128-unrolled-STRONG,pending-§6,pending-§6,pending-§6,n_a,g8-stage3-opponent-reparse/rvv/objdump_metrics_rvv.txt,factory,pending-§6,pending-§6,pending-§6,n_a,n_a,n_a,n_a,n_a,n_a,opp-reparse-clang18-sym,rvv-openEuler-VLEN128-clang18.1.8-tcrv-canonical-fnoias-richmarch-core8_15,2026-07-14-g8-stage3-opp-reparse,g8-stage3-opponent-reparse/rvv/objdump_metrics_rvv.txt,ggml=e36a602(vericurve-2026-06-15),matmul-kernel-sym,pending-§6,hand-tuned,ggml_vec_dot_q2_K_q8_K_vl128,g8-stage3-opponent-reparse/rvv/objdump_metrics_rvv.txt,clang18-sym,pending-§6,in-denom
vec_dot|q3_K|typed-super-block|arity2|micro-fixed,g8s3-opp-reparse,mechanism,opp-reparse-symbol-level,g8-stage3-opponent-reparse,n_a(opp-reparse-no-AB),vlen=128,tot238/rvv102/mac36/vset14;SpacemiT-vl128-STRONG,pending-§6,pending-§6,pending-§6,n_a,g8-stage3-opponent-reparse/rvv/objdump_metrics_rvv.txt,factory,pending-§6,pending-§6,pending-§6,n_a,n_a,n_a,n_a,n_a,n_a,opp-reparse-clang18-sym,rvv-openEuler-VLEN128-clang18.1.8-tcrv-canonical-fnoias-richmarch-core8_15,2026-07-14-g8-stage3-opp-reparse,g8-stage3-opponent-reparse/rvv/objdump_metrics_rvv.txt,ggml=e36a602(vericurve-2026-06-15),matmul-kernel-sym,pending-§6,hand-tuned,ggml_vec_dot_q3_K_q8_K_vl128,g8-stage3-opponent-reparse/rvv/objdump_metrics_rvv.txt,clang18-sym,pending-§6,in-denom
vec_dot|q4_K|typed-super-block|arity2|micro-fixed,g8s3-opp-reparse,mechanism,opp-reparse-symbol-level,g8-stage3-opponent-reparse,n_a(opp-reparse-no-AB),vlen=128,tot220/rvv105/mac35/vset7;SpacemiT-vl128-STRONG,pending-§6,pending-§6,pending-§6,n_a,g8-stage3-opponent-reparse/rvv/objdump_metrics_rvv.txt,factory,pending-§6,pending-§6,pending-§6,n_a,n_a,n_a,n_a,n_a,n_a,opp-reparse-clang18-sym,rvv-openEuler-VLEN128-clang18.1.8-tcrv-canonical-fnoias-richmarch-core8_15,2026-07-14-g8-stage3-opp-reparse,g8-stage3-opponent-reparse/rvv/objdump_metrics_rvv.txt,ggml=e36a602(vericurve-2026-06-15),matmul-kernel-sym,pending-§6,hand-tuned,ggml_vec_dot_q4_K_q8_K_vl128,g8-stage3-opponent-reparse/rvv/objdump_metrics_rvv.txt,clang18-sym,pending-§6,in-denom
vec_dot|q5_K|typed-super-block|arity2|micro-fixed,g8s3-opp-reparse,mechanism,opp-reparse-symbol-level,g8-stage3-opponent-reparse,n_a(opp-reparse-no-AB),vlen=128,tot238/rvv82/mac26/vset15;NO-vl-spec-唯一未手调-MODERATE,pending-§6,pending-§6,pending-§6,n_a,g8-stage3-opponent-reparse/rvv/objdump_metrics_rvv.txt,factory,pending-§6,pending-§6,pending-§6,n_a,n_a,n_a,n_a,n_a,n_a,opp-reparse-clang18-sym,rvv-openEuler-VLEN128-clang18.1.8-tcrv-canonical-fnoias-richmarch-core8_15,2026-07-14-g8-stage3-opp-reparse,g8-stage3-opponent-reparse/rvv/objdump_metrics_rvv.txt,ggml=e36a602(vericurve-2026-06-15),matmul-kernel-sym,pending-§6,native-vec-moderate,ggml_vec_dot_q5_K_q8_K,g8-stage3-opponent-reparse/rvv/objdump_metrics_rvv.txt,clang18-sym,pending-§6,in-denom
vec_dot|q6_K|typed-super-block|arity2|micro-fixed,g8s3-opp-reparse,mechanism,opp-reparse-symbol-level,g8-stage3-opponent-reparse,n_a(opp-reparse-no-AB),vlen=128,tot232/rvv84/mac36/vset10;SpacemiT-vl128-STRONG,pending-§6,pending-§6,pending-§6,n_a,g8-stage3-opponent-reparse/rvv/objdump_metrics_rvv.txt,factory,pending-§6,pending-§6,pending-§6,n_a,n_a,n_a,n_a,n_a,n_a,opp-reparse-clang18-sym,rvv-openEuler-VLEN128-clang18.1.8-tcrv-canonical-fnoias-richmarch-core8_15,2026-07-14-g8-stage3-opp-reparse,g8-stage3-opponent-reparse/rvv/objdump_metrics_rvv.txt,ggml=e36a602(vericurve-2026-06-15),matmul-kernel-sym,pending-§6,hand-tuned,ggml_vec_dot_q6_K_q8_K_vl128,g8-stage3-opponent-reparse/rvv/objdump_metrics_rvv.txt,clang18-sym,pending-§6,in-denom
gemm|q2_K|repack-gemm|arity2|micro-fixed,g8s3-opp-reparse,mechanism,opp-reparse-symbol-level,g8-stage3-opponent-reparse,n_a(opp-reparse-no-AB),vlen=128,cross-op-vs-blockdot-no-repack-GEMM-opp;our-gemm-vs-opp-vl128-blockdot,pending-§6,pending-§6,pending-§6,n_a,g8-stage3-opponent-reparse/rvv/objdump_metrics_rvv.txt,factory,pending-§6,pending-§6,pending-§6,n_a,n_a,n_a,n_a,n_a,n_a,opp-reparse-clang18-sym,rvv-openEuler-VLEN128-clang18.1.8-tcrv-canonical-fnoias-richmarch-core8_15,2026-07-14-g8-stage3-opp-reparse,g8-stage3-opponent-reparse/rvv/objdump_metrics_rvv.txt,ggml=e36a602(vericurve-2026-06-15),matmul-kernel-sym,pending-§6,hand-tuned-CROSSOP,ggml_vec_dot_q2_K_q8_K_vl128,g8-stage3-opponent-reparse/rvv/objdump_metrics_rvv.txt,clang18-sym,pending-§6,in-denom
gemm|q3_K|repack-gemm|arity2|micro-fixed,g8s3-opp-reparse,mechanism,opp-reparse-symbol-level,g8-stage3-opponent-reparse,n_a(opp-reparse-no-AB),vlen=128,cross-op-vs-blockdot;our-gemm-vs-opp-vl128-blockdot,pending-§6,pending-§6,pending-§6,n_a,g8-stage3-opponent-reparse/rvv/objdump_metrics_rvv.txt,factory,pending-§6,pending-§6,pending-§6,n_a,n_a,n_a,n_a,n_a,n_a,opp-reparse-clang18-sym,rvv-openEuler-VLEN128-clang18.1.8-tcrv-canonical-fnoias-richmarch-core8_15,2026-07-14-g8-stage3-opp-reparse,g8-stage3-opponent-reparse/rvv/objdump_metrics_rvv.txt,ggml=e36a602(vericurve-2026-06-15),matmul-kernel-sym,pending-§6,hand-tuned-CROSSOP,ggml_vec_dot_q3_K_q8_K_vl128,g8-stage3-opponent-reparse/rvv/objdump_metrics_rvv.txt,clang18-sym,pending-§6,in-denom
gemm|q4_K|repack-gemm|arity2|micro-fixed,g8s3-opp-reparse,mechanism,opp-reparse-symbol-level,g8-stage3-opponent-reparse,n_a(opp-reparse-no-AB),vlen=128,cross-op-vs-blockdot;our-gemm-vs-opp-vl128-blockdot,pending-§6,pending-§6,pending-§6,n_a,g8-stage3-opponent-reparse/rvv/objdump_metrics_rvv.txt,factory,pending-§6,pending-§6,pending-§6,n_a,n_a,n_a,n_a,n_a,n_a,opp-reparse-clang18-sym,rvv-openEuler-VLEN128-clang18.1.8-tcrv-canonical-fnoias-richmarch-core8_15,2026-07-14-g8-stage3-opp-reparse,g8-stage3-opponent-reparse/rvv/objdump_metrics_rvv.txt,ggml=e36a602(vericurve-2026-06-15),matmul-kernel-sym,pending-§6,hand-tuned-CROSSOP,ggml_vec_dot_q4_K_q8_K_vl128,g8-stage3-opponent-reparse/rvv/objdump_metrics_rvv.txt,clang18-sym,pending-§6,in-denom
gemm|q5_K|repack-gemm|arity2|micro-fixed,g8s3-opp-reparse,mechanism,opp-reparse-symbol-level,g8-stage3-opponent-reparse,n_a(opp-reparse-no-AB),vlen=128,cross-op-vs-blockdot-no-vl-spec;our-gemm-vs-opp-MODERATE,pending-§6,pending-§6,pending-§6,n_a,g8-stage3-opponent-reparse/rvv/objdump_metrics_rvv.txt,factory,pending-§6,pending-§6,pending-§6,n_a,n_a,n_a,n_a,n_a,n_a,opp-reparse-clang18-sym,rvv-openEuler-VLEN128-clang18.1.8-tcrv-canonical-fnoias-richmarch-core8_15,2026-07-14-g8-stage3-opp-reparse,g8-stage3-opponent-reparse/rvv/objdump_metrics_rvv.txt,ggml=e36a602(vericurve-2026-06-15),matmul-kernel-sym,pending-§6,native-vec-moderate-CROSSOP,ggml_vec_dot_q5_K_q8_K,g8-stage3-opponent-reparse/rvv/objdump_metrics_rvv.txt,clang18-sym,pending-§6,in-denom
gemm|q6_K|repack-gemm|arity2|micro-fixed,g8s3-opp-reparse,mechanism,opp-reparse-symbol-level,g8-stage3-opponent-reparse,n_a(opp-reparse-no-AB),vlen=128,cross-op-vs-blockdot;our-gemm-vs-opp-vl128-blockdot,pending-§6,pending-§6,pending-§6,n_a,g8-stage3-opponent-reparse/rvv/objdump_metrics_rvv.txt,factory,pending-§6,pending-§6,pending-§6,n_a,n_a,n_a,n_a,n_a,n_a,opp-reparse-clang18-sym,rvv-openEuler-VLEN128-clang18.1.8-tcrv-canonical-fnoias-richmarch-core8_15,2026-07-14-g8-stage3-opp-reparse,g8-stage3-opponent-reparse/rvv/objdump_metrics_rvv.txt,ggml=e36a602(vericurve-2026-06-15),matmul-kernel-sym,pending-§6,hand-tuned-CROSSOP,ggml_vec_dot_q6_K_q8_K_vl128,g8-stage3-opponent-reparse/rvv/objdump_metrics_rvv.txt,clang18-sym,pending-§6,in-denom
vec_dot|iq1_s|typed-grid|arity2|micro-fixed,g8s3-opp-reparse,mechanism,opp-reparse-symbol-level,g8-stage3-opponent-reparse,n_a(opp-reparse-no-AB),vlen=128,tot225/rvv68/mac19/gather5/csrr6;SpacemiT-vl128-gather-STRONG,pending-§6,pending-§6,pending-§6,n_a,g8-stage3-opponent-reparse/rvv/objdump_metrics_rvv.txt,factory,pending-§6,pending-§6,pending-§6,n_a,n_a,n_a,n_a,n_a,n_a,opp-reparse-clang18-sym,rvv-openEuler-VLEN128-clang18.1.8-tcrv-canonical-fnoias-richmarch-core8_15,2026-07-14-g8-stage3-opp-reparse,g8-stage3-opponent-reparse/rvv/objdump_metrics_rvv.txt,ggml=e36a602(vericurve-2026-06-15),matmul-kernel-sym,pending-§6,hand-tuned,ggml_vec_dot_iq1_s_q8_K_vl128,g8-stage3-opponent-reparse/rvv/objdump_metrics_rvv.txt,clang18-sym,pending-§6,in-denom
vec_dot|iq1_m|typed-grid|arity2|micro-fixed,g8s3-opp-reparse,mechanism,opp-reparse-symbol-level,g8-stage3-opponent-reparse,n_a(opp-reparse-no-AB),vlen=128,tot253/rvv62/mac26/gather2/csrr8;SpacemiT-vl128-STRONG,pending-§6,pending-§6,pending-§6,n_a,g8-stage3-opponent-reparse/rvv/objdump_metrics_rvv.txt,factory,pending-§6,pending-§6,pending-§6,n_a,n_a,n_a,n_a,n_a,n_a,opp-reparse-clang18-sym,rvv-openEuler-VLEN128-clang18.1.8-tcrv-canonical-fnoias-richmarch-core8_15,2026-07-14-g8-stage3-opp-reparse,g8-stage3-opponent-reparse/rvv/objdump_metrics_rvv.txt,ggml=e36a602(vericurve-2026-06-15),matmul-kernel-sym,pending-§6,hand-tuned,ggml_vec_dot_iq1_m_q8_K_vl128,g8-stage3-opponent-reparse/rvv/objdump_metrics_rvv.txt,clang18-sym,pending-§6,in-denom
vec_dot|iq4_nl|typed-codebook|arity2|micro-fixed,g8s3-opp-reparse,mechanism,opp-reparse-symbol-level,g8-stage3-opponent-reparse,n_a(opp-reparse-no-AB),vlen=128,tot102/rvv18/mac4/gather2/vset11;hand-vl128-light-codebook-gather,pending-§6,pending-§6,pending-§6,n_a,g8-stage3-opponent-reparse/rvv/objdump_metrics_rvv.txt,factory,pending-§6,pending-§6,pending-§6,n_a,n_a,n_a,n_a,n_a,n_a,opp-reparse-clang18-sym,rvv-openEuler-VLEN128-clang18.1.8-tcrv-canonical-fnoias-richmarch-core8_15,2026-07-14-g8-stage3-opp-reparse,g8-stage3-opponent-reparse/rvv/objdump_metrics_rvv.txt,ggml=e36a602(vericurve-2026-06-15),matmul-kernel-sym,pending-§6,native-vec-moderate,ggml_vec_dot_iq4_nl_q8_0_vl128,g8-stage3-opponent-reparse/rvv/objdump_metrics_rvv.txt,clang18-sym,pending-§6,in-denom
vec_dot|nvfp4|typed-codebook|arity2|micro-fixed,g8s3-opp-reparse,mechanism,opp-reparse-symbol-level,g8-stage3-opponent-reparse,n_a(opp-reparse-no-AB),vlen=128,tot214/rvv23/mac2/NO-riscv-spec-generic;generic-C-autovec-NO-vl-spec-weak,pending-§6,pending-§6,pending-§6,n_a,g8-stage3-opponent-reparse/rvv/objdump_metrics_rvv.txt,naive,pending-§6,pending-§6,pending-§6,n_a,n_a,n_a,n_a,n_a,n_a,opp-reparse-clang18-sym,rvv-openEuler-VLEN128-clang18.1.8-tcrv-canonical-fnoias-richmarch-core8_15,2026-07-14-g8-stage3-opp-reparse,g8-stage3-opponent-reparse/rvv/objdump_metrics_rvv.txt,ggml=e36a602(vericurve-2026-06-15),matmul-kernel-sym,pending-§6,native-vec-generic-weak,ggml_vec_dot_nvfp4_q8_0,g8-stage3-opponent-reparse/rvv/objdump_metrics_rvv.txt,clang18-sym,pending-§6,in-denom
forward|softmax|reduce-strip|arity1|f32,g8s3-opp-reparse,mechanism,opp-reparse-symbol-level,g8-stage3-opponent-reparse,n_a(opp-reparse-no-AB),vlen=128,tot592/rvv19/mac4/csrr1;expf-reduce-max-sub,pending-§6,pending-§6,pending-§6,n_a,g8-stage3-opponent-reparse/rvv/objdump_metrics_rvv.txt,factory,pending-§6,pending-§6,pending-§6,n_a,n_a,n_a,n_a,n_a,n_a,opp-reparse-clang18-sym,rvv-openEuler-VLEN128-clang18.1.8-tcrv-canonical-fnoias-richmarch-core8_15,2026-07-14-g8-stage3-opp-reparse,g8-stage3-opponent-reparse/rvv/objdump_metrics_rvv.txt,ggml=e36a602(vericurve-2026-06-15),forward-op,pending-§6,native-vec,ggml_compute_forward_soft_max,g8-stage3-opponent-reparse/rvv/objdump_metrics_rvv.txt,clang18-sym,pending-§6,in-denom
forward|rms_norm|reduce-strip|arity1|f32,g8s3-opp-reparse,mechanism,opp-reparse-symbol-level,g8-stage3-opponent-reparse,n_a(opp-reparse-no-AB),vlen=128,tot277/rvv10/mac2/csrr3;2-pass-VLENadaptive,pending-§6,pending-§6,pending-§6,n_a,g8-stage3-opponent-reparse/rvv/objdump_metrics_rvv.txt,factory,pending-§6,pending-§6,pending-§6,n_a,n_a,n_a,n_a,n_a,n_a,opp-reparse-clang18-sym,rvv-openEuler-VLEN128-clang18.1.8-tcrv-canonical-fnoias-richmarch-core8_15,2026-07-14-g8-stage3-opp-reparse,g8-stage3-opponent-reparse/rvv/objdump_metrics_rvv.txt,ggml=e36a602(vericurve-2026-06-15),forward-op,pending-§6,native-vec,ggml_compute_forward_rms_norm,g8-stage3-opponent-reparse/rvv/objdump_metrics_rvv.txt,clang18-sym,pending-§6,in-denom
forward|rope|rotate-strip|arity1|f32,g8s3-opp-reparse,mechanism,opp-reparse-symbol-level,g8-stage3-opponent-reparse,n_a(opp-reparse-no-AB),vlen=128,tot1184/rvv32/mac12;autovec+scalar-sin-cos,pending-§6,pending-§6,pending-§6,n_a,g8-stage3-opponent-reparse/rvv/objdump_metrics_rvv.txt,factory,pending-§6,pending-§6,pending-§6,n_a,n_a,n_a,n_a,n_a,n_a,opp-reparse-clang18-sym,rvv-openEuler-VLEN128-clang18.1.8-tcrv-canonical-fnoias-richmarch-core8_15,2026-07-14-g8-stage3-opp-reparse,g8-stage3-opponent-reparse/rvv/objdump_metrics_rvv.txt,ggml=e36a602(vericurve-2026-06-15),forward-op,pending-§6,native-vec,ggml_compute_forward_rope_flt_f32,g8-stage3-opponent-reparse/rvv/objdump_metrics_rvv.txt,clang18-sym,pending-§6,in-denom
forward|silu|map-strip|arity1|f32,g8s3-opp-reparse,mechanism,opp-reparse-symbol-level,g8-stage3-opponent-reparse,n_a(opp-reparse-no-AB),vlen=128,tot112/rvv38/mac7;sigmoid-expf-vectorized,pending-§6,pending-§6,pending-§6,n_a,g8-stage3-opponent-reparse/rvv/objdump_metrics_rvv.txt,factory,pending-§6,pending-§6,pending-§6,n_a,n_a,n_a,n_a,n_a,n_a,opp-reparse-clang18-sym,rvv-openEuler-VLEN128-clang18.1.8-tcrv-canonical-fnoias-richmarch-core8_15,2026-07-14-g8-stage3-opp-reparse,g8-stage3-opponent-reparse/rvv/objdump_metrics_rvv.txt,ggml=e36a602(vericurve-2026-06-15),forward-op,pending-§6,native-vec,ggml_vec_silu_f32,g8-stage3-opponent-reparse/rvv/objdump_metrics_rvv.txt,clang18-sym,pending-§6,in-denom
forward|gelu|map-strip|arity1|f32,g8s3-opp-reparse,mechanism,opp-reparse-symbol-level,g8-stage3-opponent-reparse,n_a(opp-reparse-no-AB),vlen=128,NO-vec-table-lookup-STRUCTURAL;GGML_GELU_FP16-not-fair-speed-AB,pending-§6,pending-§6,pending-§6,n_a,g8-stage3-opponent-reparse/rvv/objdump_metrics_rvv.txt,scalar,pending-§6,pending-§6,pending-§6,n_a,n_a,n_a,n_a,n_a,n_a,opp-reparse-clang18-sym,rvv-openEuler-VLEN128-clang18.1.8-tcrv-canonical-fnoias-richmarch-core8_15,2026-07-14-g8-stage3-opp-reparse,g8-stage3-opponent-reparse/rvv/objdump_metrics_rvv.txt,ggml=e36a602(vericurve-2026-06-15),forward-op,pending-§6,scalar-f16-LUT,ggml_table_gelu_f16_BSS_LUT,g8-stage3-opponent-reparse/rvv/objdump_metrics_rvv.txt,clang18-sym,pending-§6,in-denom
forward|add|binary-map|arity2|f32,g8s3-opp-reparse,mechanism,opp-reparse-symbol-level,g8-stage3-opponent-reparse,n_a(opp-reparse-no-AB),vlen=128,vfadd.vv-inline-autovec;IEEE-f32-bit-exact,pending-§6,pending-§6,pending-§6,n_a,g8-stage3-opponent-reparse/rvv/objdump_metrics_rvv.txt,factory,pending-§6,pending-§6,pending-§6,n_a,n_a,n_a,n_a,n_a,n_a,opp-reparse-clang18-sym,rvv-openEuler-VLEN128-clang18.1.8-tcrv-canonical-fnoias-richmarch-core8_15,2026-07-14-g8-stage3-opp-reparse,g8-stage3-opponent-reparse/rvv/objdump_metrics_rvv.txt,ggml=e36a602(vericurve-2026-06-15),forward-op,pending-§6,native-vec,ggml_compute_forward_add,g8-stage3-opponent-reparse/rvv/objdump_metrics_rvv.txt,clang18-sym,pending-§6,in-denom
forward|mul|binary-map|arity2|f32,g8s3-opp-reparse,mechanism,opp-reparse-symbol-level,g8-stage3-opponent-reparse,n_a(opp-reparse-no-AB),vlen=128,vfmul-binary-op-autovec;IEEE-f32-bit-exact,pending-§6,pending-§6,pending-§6,n_a,g8-stage3-opponent-reparse/rvv/objdump_metrics_rvv.txt,factory,pending-§6,pending-§6,pending-§6,n_a,n_a,n_a,n_a,n_a,n_a,opp-reparse-clang18-sym,rvv-openEuler-VLEN128-clang18.1.8-tcrv-canonical-fnoias-richmarch-core8_15,2026-07-14-g8-stage3-opp-reparse,g8-stage3-opponent-reparse/rvv/objdump_metrics_rvv.txt,ggml=e36a602(vericurve-2026-06-15),forward-op,pending-§6,native-vec,ggml_compute_forward_mul,g8-stage3-opponent-reparse/rvv/objdump_metrics_rvv.txt,clang18-sym,pending-§6,in-denom
forward|scale|map-strip|arity1|f32,g8s3-opp-reparse,mechanism,opp-reparse-symbol-level,g8-stage3-opponent-reparse,n_a(opp-reparse-no-AB),vlen=128,tot154/rvv7/mac2;vfmul.vf-inplace,pending-§6,pending-§6,pending-§6,n_a,g8-stage3-opponent-reparse/rvv/objdump_metrics_rvv.txt,naive,pending-§6,pending-§6,pending-§6,n_a,n_a,n_a,n_a,n_a,n_a,opp-reparse-clang18-sym,rvv-openEuler-VLEN128-clang18.1.8-tcrv-canonical-fnoias-richmarch-core8_15,2026-07-14-g8-stage3-opp-reparse,g8-stage3-opponent-reparse/rvv/objdump_metrics_rvv.txt,ggml=e36a602(vericurve-2026-06-15),forward-op,pending-§6,native-vec-light,ggml_compute_forward_scale,g8-stage3-opponent-reparse/rvv/objdump_metrics_rvv.txt,clang18-sym,pending-§6,in-denom
forward|cpy|copy-map|arity1|f32,g8s3-opp-reparse,mechanism,opp-reparse-symbol-level,g8-stage3-opponent-reparse,n_a(opp-reparse-no-AB),vlen=128,tot4339/rvv51/csrr12;vector-copy-memcpy-paths,pending-§6,pending-§6,pending-§6,n_a,g8-stage3-opponent-reparse/rvv/objdump_metrics_rvv.txt,factory,pending-§6,pending-§6,pending-§6,n_a,n_a,n_a,n_a,n_a,n_a,opp-reparse-clang18-sym,rvv-openEuler-VLEN128-clang18.1.8-tcrv-canonical-fnoias-richmarch-core8_15,2026-07-14-g8-stage3-opp-reparse,g8-stage3-opponent-reparse/rvv/objdump_metrics_rvv.txt,ggml=e36a602(vericurve-2026-06-15),forward-op,pending-§6,native-vec-streaming,ggml_compute_forward_dup_cpy,g8-stage3-opponent-reparse/rvv/objdump_metrics_rvv.txt,clang18-sym,pending-§6,in-denom
dequant|q2_K|streaming|arity1|f32,g8s3-opp-reparse,mechanism,opp-reparse-symbol-level,g8-stage3-opponent-reparse,n_a(opp-reparse-no-AB),vlen=128,tot256/rvv88;deploy-footnote-gcc15-autovec,pending-§6,pending-§6,pending-§6,n_a,g8-stage3-opponent-reparse/rvv/objdump_metrics_rvv.txt,factory,pending-§6,pending-§6,pending-§6,n_a,n_a,n_a,n_a,n_a,n_a,opp-reparse-clang18-sym,rvv-openEuler-VLEN128-clang18.1.8-tcrv-canonical-fnoias-richmarch-core8_15,2026-07-14-g8-stage3-opp-reparse,g8-stage3-opponent-reparse/rvv/objdump_metrics_rvv.txt,ggml=e36a602(vericurve-2026-06-15),DEQ-AXIS,pending-§6,native-vec,dequantize_row_q2_K,g8-stage3-opponent-reparse/rvv/objdump_metrics_rvv.txt,clang18-sym,pending-§6,test-only-not-in-denom
dequant|q3_K|streaming|arity1|f32,g8s3-opp-reparse,mechanism,opp-reparse-symbol-level,g8-stage3-opponent-reparse,n_a(opp-reparse-no-AB),vlen=128,tot365/rvv132/mac16;strong-autovec,pending-§6,pending-§6,pending-§6,n_a,g8-stage3-opponent-reparse/rvv/objdump_metrics_rvv.txt,factory,pending-§6,pending-§6,pending-§6,n_a,n_a,n_a,n_a,n_a,n_a,opp-reparse-clang18-sym,rvv-openEuler-VLEN128-clang18.1.8-tcrv-canonical-fnoias-richmarch-core8_15,2026-07-14-g8-stage3-opp-reparse,g8-stage3-opponent-reparse/rvv/objdump_metrics_rvv.txt,ggml=e36a602(vericurve-2026-06-15),DEQ-AXIS,pending-§6,native-vec,dequantize_row_q3_K,g8-stage3-opponent-reparse/rvv/objdump_metrics_rvv.txt,clang18-sym,pending-§6,test-only-not-in-denom
dequant|q4_K|streaming|arity1|f32,g8s3-opp-reparse,mechanism,opp-reparse-symbol-level,g8-stage3-opponent-reparse,n_a(opp-reparse-no-AB),vlen=128,tot467/rvv0-NOT-vectorized;clang18-scalar-vs-gcc15-autovec-footnote,pending-§6,pending-§6,pending-§6,n_a,g8-stage3-opponent-reparse/rvv/objdump_metrics_rvv.txt,scalar,pending-§6,pending-§6,pending-§6,n_a,n_a,n_a,n_a,n_a,n_a,opp-reparse-clang18-sym,rvv-openEuler-VLEN128-clang18.1.8-tcrv-canonical-fnoias-richmarch-core8_15,2026-07-14-g8-stage3-opp-reparse,g8-stage3-opponent-reparse/rvv/objdump_metrics_rvv.txt,ggml=e36a602(vericurve-2026-06-15),DEQ-AXIS,pending-§6,scalar,dequantize_row_q4_K,g8-stage3-opponent-reparse/rvv/objdump_metrics_rvv.txt,clang18-sym,pending-§6,test-only-not-in-denom
dequant|q5_K|streaming|arity1|f32,g8s3-opp-reparse,mechanism,opp-reparse-symbol-level,g8-stage3-opponent-reparse,n_a(opp-reparse-no-AB),vlen=128,tot330/rvv26/csrr1,pending-§6,pending-§6,pending-§6,n_a,g8-stage3-opponent-reparse/rvv/objdump_metrics_rvv.txt,naive,pending-§6,pending-§6,pending-§6,n_a,n_a,n_a,n_a,n_a,n_a,opp-reparse-clang18-sym,rvv-openEuler-VLEN128-clang18.1.8-tcrv-canonical-fnoias-richmarch-core8_15,2026-07-14-g8-stage3-opp-reparse,g8-stage3-opponent-reparse/rvv/objdump_metrics_rvv.txt,ggml=e36a602(vericurve-2026-06-15),DEQ-AXIS,pending-§6,native-vec-light,dequantize_row_q5_K,g8-stage3-opponent-reparse/rvv/objdump_metrics_rvv.txt,clang18-sym,pending-§6,test-only-not-in-denom
dequant|q6_K|streaming|arity1|f32,g8s3-opp-reparse,mechanism,opp-reparse-symbol-level,g8-stage3-opponent-reparse,n_a(opp-reparse-no-AB),vlen=128,tot692/rvv432/mac64;big-unroll,pending-§6,pending-§6,pending-§6,n_a,g8-stage3-opponent-reparse/rvv/objdump_metrics_rvv.txt,factory,pending-§6,pending-§6,pending-§6,n_a,n_a,n_a,n_a,n_a,n_a,opp-reparse-clang18-sym,rvv-openEuler-VLEN128-clang18.1.8-tcrv-canonical-fnoias-richmarch-core8_15,2026-07-14-g8-stage3-opp-reparse,g8-stage3-opponent-reparse/rvv/objdump_metrics_rvv.txt,ggml=e36a602(vericurve-2026-06-15),DEQ-AXIS,pending-§6,native-vec-heavy,dequantize_row_q6_K,g8-stage3-opponent-reparse/rvv/objdump_metrics_rvv.txt,clang18-sym,pending-§6,test-only-not-in-denom
dequant|iq1_s|streaming|arity1|f32,g8s3-opp-reparse,mechanism,opp-reparse-symbol-level,g8-stage3-opponent-reparse,n_a(opp-reparse-no-AB),vlen=128,tot129/rvv24,pending-§6,pending-§6,pending-§6,n_a,g8-stage3-opponent-reparse/rvv/objdump_metrics_rvv.txt,naive,pending-§6,pending-§6,pending-§6,n_a,n_a,n_a,n_a,n_a,n_a,opp-reparse-clang18-sym,rvv-openEuler-VLEN128-clang18.1.8-tcrv-canonical-fnoias-richmarch-core8_15,2026-07-14-g8-stage3-opp-reparse,g8-stage3-opponent-reparse/rvv/objdump_metrics_rvv.txt,ggml=e36a602(vericurve-2026-06-15),DEQ-AXIS,pending-§6,native-vec-light,dequantize_row_iq1_s,g8-stage3-opponent-reparse/rvv/objdump_metrics_rvv.txt,clang18-sym,pending-§6,test-only-not-in-denom
dequant|iq1_m|streaming|arity1|f32,g8s3-opp-reparse,mechanism,opp-reparse-symbol-level,g8-stage3-opponent-reparse,n_a(opp-reparse-no-AB),vlen=128,tot194/rvv24,pending-§6,pending-§6,pending-§6,n_a,g8-stage3-opponent-reparse/rvv/objdump_metrics_rvv.txt,naive,pending-§6,pending-§6,pending-§6,n_a,n_a,n_a,n_a,n_a,n_a,opp-reparse-clang18-sym,rvv-openEuler-VLEN128-clang18.1.8-tcrv-canonical-fnoias-richmarch-core8_15,2026-07-14-g8-stage3-opp-reparse,g8-stage3-opponent-reparse/rvv/objdump_metrics_rvv.txt,ggml=e36a602(vericurve-2026-06-15),DEQ-AXIS,pending-§6,native-vec-light,dequantize_row_iq1_m,g8-stage3-opponent-reparse/rvv/objdump_metrics_rvv.txt,clang18-sym,pending-§6,test-only-not-in-denom
dequant|iq2_xxs|streaming|arity1|f32,g8s3-opp-reparse,mechanism,opp-reparse-symbol-level,g8-stage3-opponent-reparse,n_a(opp-reparse-no-AB),vlen=128,tot290/rvv74,pending-§6,pending-§6,pending-§6,n_a,g8-stage3-opponent-reparse/rvv/objdump_metrics_rvv.txt,factory,pending-§6,pending-§6,pending-§6,n_a,n_a,n_a,n_a,n_a,n_a,opp-reparse-clang18-sym,rvv-openEuler-VLEN128-clang18.1.8-tcrv-canonical-fnoias-richmarch-core8_15,2026-07-14-g8-stage3-opp-reparse,g8-stage3-opponent-reparse/rvv/objdump_metrics_rvv.txt,ggml=e36a602(vericurve-2026-06-15),DEQ-AXIS,pending-§6,native-vec,dequantize_row_iq2_xxs,g8-stage3-opponent-reparse/rvv/objdump_metrics_rvv.txt,clang18-sym,pending-§6,test-only-not-in-denom
dequant|iq2_xs|streaming|arity1|f32,g8s3-opp-reparse,mechanism,opp-reparse-symbol-level,g8-stage3-opponent-reparse,n_a(opp-reparse-no-AB),vlen=128,tot183/rvv10;near-scalar,pending-§6,pending-§6,pending-§6,n_a,g8-stage3-opponent-reparse/rvv/objdump_metrics_rvv.txt,naive,pending-§6,pending-§6,pending-§6,n_a,n_a,n_a,n_a,n_a,n_a,opp-reparse-clang18-sym,rvv-openEuler-VLEN128-clang18.1.8-tcrv-canonical-fnoias-richmarch-core8_15,2026-07-14-g8-stage3-opp-reparse,g8-stage3-opponent-reparse/rvv/objdump_metrics_rvv.txt,ggml=e36a602(vericurve-2026-06-15),DEQ-AXIS,pending-§6,light-vec,dequantize_row_iq2_xs,g8-stage3-opponent-reparse/rvv/objdump_metrics_rvv.txt,clang18-sym,pending-§6,test-only-not-in-denom
dequant|iq2_s|streaming|arity1|f32,g8s3-opp-reparse,mechanism,opp-reparse-symbol-level,g8-stage3-opponent-reparse,n_a(opp-reparse-no-AB),vlen=128,tot281/rvv74,pending-§6,pending-§6,pending-§6,n_a,g8-stage3-opponent-reparse/rvv/objdump_metrics_rvv.txt,factory,pending-§6,pending-§6,pending-§6,n_a,n_a,n_a,n_a,n_a,n_a,opp-reparse-clang18-sym,rvv-openEuler-VLEN128-clang18.1.8-tcrv-canonical-fnoias-richmarch-core8_15,2026-07-14-g8-stage3-opp-reparse,g8-stage3-opponent-reparse/rvv/objdump_metrics_rvv.txt,ggml=e36a602(vericurve-2026-06-15),DEQ-AXIS,pending-§6,native-vec,dequantize_row_iq2_s,g8-stage3-opponent-reparse/rvv/objdump_metrics_rvv.txt,clang18-sym,pending-§6,test-only-not-in-denom
dequant|iq3_xxs|streaming|arity1|f32,g8s3-opp-reparse,mechanism,opp-reparse-symbol-level,g8-stage3-opponent-reparse,n_a(opp-reparse-no-AB),vlen=128,tot304/rvv74,pending-§6,pending-§6,pending-§6,n_a,g8-stage3-opponent-reparse/rvv/objdump_metrics_rvv.txt,factory,pending-§6,pending-§6,pending-§6,n_a,n_a,n_a,n_a,n_a,n_a,opp-reparse-clang18-sym,rvv-openEuler-VLEN128-clang18.1.8-tcrv-canonical-fnoias-richmarch-core8_15,2026-07-14-g8-stage3-opp-reparse,g8-stage3-opponent-reparse/rvv/objdump_metrics_rvv.txt,ggml=e36a602(vericurve-2026-06-15),DEQ-AXIS,pending-§6,native-vec,dequantize_row_iq3_xxs,g8-stage3-opponent-reparse/rvv/objdump_metrics_rvv.txt,clang18-sym,pending-§6,test-only-not-in-denom
dequant|iq3_s|streaming|arity1|f32,g8s3-opp-reparse,mechanism,opp-reparse-symbol-level,g8-stage3-opponent-reparse,n_a(opp-reparse-no-AB),vlen=128,tot528/rvv146,pending-§6,pending-§6,pending-§6,n_a,g8-stage3-opponent-reparse/rvv/objdump_metrics_rvv.txt,factory,pending-§6,pending-§6,pending-§6,n_a,n_a,n_a,n_a,n_a,n_a,opp-reparse-clang18-sym,rvv-openEuler-VLEN128-clang18.1.8-tcrv-canonical-fnoias-richmarch-core8_15,2026-07-14-g8-stage3-opp-reparse,g8-stage3-opponent-reparse/rvv/objdump_metrics_rvv.txt,ggml=e36a602(vericurve-2026-06-15),DEQ-AXIS,pending-§6,native-vec-heavy,dequantize_row_iq3_s,g8-stage3-opponent-reparse/rvv/objdump_metrics_rvv.txt,clang18-sym,pending-§6,test-only-not-in-denom
dequant|iq4_nl|streaming|arity1|f32,g8s3-opp-reparse,mechanism,opp-reparse-symbol-level,g8-stage3-opponent-reparse,n_a(opp-reparse-no-AB),vlen=128,tot131/rvv13/gather2,pending-§6,pending-§6,pending-§6,n_a,g8-stage3-opponent-reparse/rvv/objdump_metrics_rvv.txt,naive,pending-§6,pending-§6,pending-§6,n_a,n_a,n_a,n_a,n_a,n_a,opp-reparse-clang18-sym,rvv-openEuler-VLEN128-clang18.1.8-tcrv-canonical-fnoias-richmarch-core8_15,2026-07-14-g8-stage3-opp-reparse,g8-stage3-opponent-reparse/rvv/objdump_metrics_rvv.txt,ggml=e36a602(vericurve-2026-06-15),DEQ-AXIS,pending-§6,light-vec-gather,dequantize_row_iq4_nl,g8-stage3-opponent-reparse/rvv/objdump_metrics_rvv.txt,clang18-sym,pending-§6,test-only-not-in-denom
dequant|iq4_xs|streaming|arity1|f32,g8s3-opp-reparse,mechanism,opp-reparse-symbol-level,g8-stage3-opponent-reparse,n_a(opp-reparse-no-AB),vlen=128,tot179/rvv13/gather2,pending-§6,pending-§6,pending-§6,n_a,g8-stage3-opponent-reparse/rvv/objdump_metrics_rvv.txt,naive,pending-§6,pending-§6,pending-§6,n_a,n_a,n_a,n_a,n_a,n_a,opp-reparse-clang18-sym,rvv-openEuler-VLEN128-clang18.1.8-tcrv-canonical-fnoias-richmarch-core8_15,2026-07-14-g8-stage3-opp-reparse,g8-stage3-opponent-reparse/rvv/objdump_metrics_rvv.txt,ggml=e36a602(vericurve-2026-06-15),DEQ-AXIS,pending-§6,light-vec-gather,dequantize_row_iq4_xs,g8-stage3-opponent-reparse/rvv/objdump_metrics_rvv.txt,clang18-sym,pending-§6,test-only-not-in-denom
dequant|mxfp4|streaming|arity1|f32,g8s3-opp-reparse,mechanism,opp-reparse-symbol-level,g8-stage3-opponent-reparse,n_a(opp-reparse-no-AB),vlen=128,tot124/rvv14/gather2,pending-§6,pending-§6,pending-§6,n_a,g8-stage3-opponent-reparse/rvv/objdump_metrics_rvv.txt,naive,pending-§6,pending-§6,pending-§6,n_a,n_a,n_a,n_a,n_a,n_a,opp-reparse-clang18-sym,rvv-openEuler-VLEN128-clang18.1.8-tcrv-canonical-fnoias-richmarch-core8_15,2026-07-14-g8-stage3-opp-reparse,g8-stage3-opponent-reparse/rvv/objdump_metrics_rvv.txt,ggml=e36a602(vericurve-2026-06-15),DEQ-AXIS,pending-§6,light-vec-gather,dequantize_row_mxfp4,g8-stage3-opponent-reparse/rvv/objdump_metrics_rvv.txt,clang18-sym,pending-§6,test-only-not-in-denom
dequant|nvfp4|streaming|arity1|f32,g8s3-opp-reparse,mechanism,opp-reparse-symbol-level,g8-stage3-opponent-reparse,n_a(opp-reparse-no-AB),vlen=128,tot190/rvv24;nvfp4-dequant-EXISTS-unlike-vecdot,pending-§6,pending-§6,pending-§6,n_a,g8-stage3-opponent-reparse/rvv/objdump_metrics_rvv.txt,naive,pending-§6,pending-§6,pending-§6,n_a,n_a,n_a,n_a,n_a,n_a,opp-reparse-clang18-sym,rvv-openEuler-VLEN128-clang18.1.8-tcrv-canonical-fnoias-richmarch-core8_15,2026-07-14-g8-stage3-opp-reparse,g8-stage3-opponent-reparse/rvv/objdump_metrics_rvv.txt,ggml=e36a602(vericurve-2026-06-15),DEQ-AXIS,pending-§6,native-vec-light,dequantize_row_nvfp4,g8-stage3-opponent-reparse/rvv/objdump_metrics_rvv.txt,clang18-sym,pending-§6,test-only-not-in-denom
dequant|tq1_0|streaming|arity1|f32,g8s3-opp-reparse,mechanism,opp-reparse-symbol-level,g8-stage3-opponent-reparse,n_a(opp-reparse-no-AB),vlen=128,tot734/rvv135/mac44,pending-§6,pending-§6,pending-§6,n_a,g8-stage3-opponent-reparse/rvv/objdump_metrics_rvv.txt,factory,pending-§6,pending-§6,pending-§6,n_a,n_a,n_a,n_a,n_a,n_a,opp-reparse-clang18-sym,rvv-openEuler-VLEN128-clang18.1.8-tcrv-canonical-fnoias-richmarch-core8_15,2026-07-14-g8-stage3-opp-reparse,g8-stage3-opponent-reparse/rvv/objdump_metrics_rvv.txt,ggml=e36a602(vericurve-2026-06-15),DEQ-AXIS,pending-§6,native-vec-heavy,dequantize_row_tq1_0,g8-stage3-opponent-reparse/rvv/objdump_metrics_rvv.txt,clang18-sym,pending-§6,test-only-not-in-denom
dequant|tq2_0|streaming|arity1|f32,g8s3-opp-reparse,mechanism,opp-reparse-symbol-level,g8-stage3-opponent-reparse,n_a(opp-reparse-no-AB),vlen=128,tot431/rvv23,pending-§6,pending-§6,pending-§6,n_a,g8-stage3-opponent-reparse/rvv/objdump_metrics_rvv.txt,naive,pending-§6,pending-§6,pending-§6,n_a,n_a,n_a,n_a,n_a,n_a,opp-reparse-clang18-sym,rvv-openEuler-VLEN128-clang18.1.8-tcrv-canonical-fnoias-richmarch-core8_15,2026-07-14-g8-stage3-opp-reparse,g8-stage3-opponent-reparse/rvv/objdump_metrics_rvv.txt,ggml=e36a602(vericurve-2026-06-15),DEQ-AXIS,pending-§6,native-vec-light,dequantize_row_tq2_0,g8-stage3-opponent-reparse/rvv/objdump_metrics_rvv.txt,clang18-sym,pending-§6,test-only-not-in-denom
vec_dot|q1_0|typed-flat|arity2|micro-fixed,g8s3-opp-reparse,mechanism,opp-reparse-symbol-level,g8-stage3-opponent-reparse,n_a(opp-reparse-no-AB),vlen=128,tot111/rvv25/mac4-enum41-Weft-internal;no-genuine-3rd-party-opp-our-format-only,pending-§6,pending-§6,pending-§6,n_a,g8-stage3-opponent-reparse/rvv/objdump_metrics_rvv.txt,factory,pending-§6,pending-§6,pending-§6,n_a,n_a,n_a,n_a,n_a,n_a,opp-reparse-clang18-sym,rvv-openEuler-VLEN128-clang18.1.8-tcrv-canonical-fnoias-richmarch-core8_15,2026-07-14-g8-stage3-opp-reparse,g8-stage3-opponent-reparse/rvv/objdump_metrics_rvv.txt,ggml=e36a602(vericurve-2026-06-15),EXCLUDED-internal,pending-§6,native-vec-INTERNAL-A/B,ggml_vec_dot_q1_0_q8_0_vl128,g8-stage3-opponent-reparse/rvv/objdump_metrics_rvv.txt,clang18-sym,pending-§6,excluded-internal-A/B-not-in-denom
