kernel,target,phase,entry,symbol,source_bindings,physical_bindings,input_policy,repetitions,numeric,max_absolute_error,max_relative_error,throughput,unit,previous_weft,source,ratio,change_percent,log,local_artifacts,remote_artifacts
dequantize_row_iq1_m,K1/X60,tensor,examples/kernels/dequantize/iq1_m.py,row_dequantize_iq1_m,{},"{""lmul_eighths"":8,""partial_combine_policy"":""independent-multilevel"",""pipeline_depth"":1,""record_axis_policy"":""within-record"",""scalar_load_prime"":0,""unroll"":1}",finite-random-record-replicated,10,within-tolerance,0,0,349.936071,MEl/s,349.318900,121.667900,2.876158,0.177,/tmp/weft-band-final-runs.BxYFeq/k1-080-dequantize_row_iq1_m-tensor.log,/tmp/weft-row-dequantize.fwUmNX,k1:/tmp/weft-row-dequantize.n79myY
dequantize_row_iq1_s,K1/X60,tensor,examples/kernels/dequantize/iq1_s.py,row_dequantize_iq1_s,{},"{""lmul_eighths"":8,""partial_combine_policy"":""independent-multilevel"",""pipeline_depth"":1,""record_axis_policy"":""within-record"",""scalar_load_prime"":0,""unroll"":1}",finite-random-record-replicated,10,within-tolerance,0,0,533.770941,MEl/s,533.359139,129.806058,4.112065,0.077,/tmp/weft-band-final-runs.BxYFeq/k1-085-dequantize_row_iq1_s-tensor.log,/tmp/weft-row-dequantize.yijRtD,k1:/tmp/weft-row-dequantize.ZUwOam
dequantize_row_iq2_s,K1/X60,tensor,examples/kernels/dequantize/iq2_s.py,row_dequantize_iq2_s,{},"{""lmul_eighths"":8,""partial_combine_policy"":""independent-multilevel"",""pipeline_depth"":1,""record_axis_policy"":""within-record"",""scalar_load_prime"":0,""unroll"":1}",finite-random-record-replicated,10,within-tolerance,0,0,212.565017,MEl/s,213.462627,146.691980,1.449057,-0.420,/tmp/weft-band-final-runs.BxYFeq/k1-059-dequantize_row_iq2_s-tensor.log,/tmp/weft-row-dequantize.anSSad,k1:/tmp/weft-row-dequantize.Dwk2w6
dequantize_row_iq2_xs,K1/X60,tensor,examples/kernels/dequantize/iq2_xs.py,row_dequantize_iq2_xs,{},"{""lmul_eighths"":8,""partial_combine_policy"":""independent-multilevel"",""pipeline_depth"":1,""record_axis_policy"":""within-record"",""scalar_load_prime"":0,""unroll"":1}",finite-random-record-replicated,10,within-tolerance,0,0,252.479921,MEl/s,251.545930,136.691485,1.847079,0.371,/tmp/weft-band-final-runs.BxYFeq/k1-067-dequantize_row_iq2_xs-tensor.log,/tmp/weft-row-dequantize.WQ9Dbm,k1:/tmp/weft-row-dequantize.SvxTlM
dequantize_row_iq2_xxs,K1/X60,tensor,examples/kernels/dequantize/iq2_xxs.py,row_dequantize_iq2_xxs,{},"{""lmul_eighths"":16,""partial_combine_policy"":""independent-multilevel"",""pipeline_depth"":1,""record_axis_policy"":""within-record"",""scalar_load_prime"":0,""unroll"":1}",finite-random-record-replicated,10,within-tolerance,0,0,441.645267,MEl/s,441.130097,148.438660,2.975271,0.117,/tmp/weft-band-final-runs.BxYFeq/k1-081-dequantize_row_iq2_xxs-tensor.log,/tmp/weft-row-dequantize.OlULL8,k1:/tmp/weft-row-dequantize.MQRGEk
dequantize_row_iq3_s,K1/X60,tensor,examples/kernels/dequantize/iq3_s.py,row_dequantize_iq3_s,{},"{""lmul_eighths"":8,""partial_combine_policy"":""independent-multilevel"",""pipeline_depth"":1,""record_axis_policy"":""within-record"",""scalar_load_prime"":0,""unroll"":1}",finite-random-record-replicated,10,within-tolerance,0,0,156.526410,MEl/s,158.002969,152.124657,1.028935,-0.935,/tmp/weft-band-final-runs.BxYFeq/k1-018-dequantize_row_iq3_s-tensor.log,/tmp/weft-row-dequantize.2bMHIZ,k1:/tmp/weft-row-dequantize.uWwFof
dequantize_row_iq3_xxs,K1/X60,tensor,examples/kernels/dequantize/iq3_xxs.py,row_dequantize_iq3_xxs,{},"{""lmul_eighths"":8,""partial_combine_policy"":""independent-multilevel"",""pipeline_depth"":1,""record_axis_policy"":""within-record"",""scalar_load_prime"":0,""unroll"":1}",finite-random-record-replicated,10,within-tolerance,0,0,288.740819,MEl/s,288.614396,148.399270,1.945702,0.044,/tmp/weft-band-final-runs.BxYFeq/k1-068-dequantize_row_iq3_xxs-tensor.log,/tmp/weft-row-dequantize.53ocQw,k1:/tmp/weft-row-dequantize.da3DB7
dequantize_row_iq4_nl,K1/X60,tensor,examples/kernels/dequantize/iq4_nl.py,row_dequantize_iq4_nl,{},"{""lmul_eighths"":8,""partial_combine_policy"":""independent-multilevel"",""pipeline_depth"":1,""record_axis_policy"":""within-record"",""scalar_load_prime"":0,""unroll"":1}",finite-random-record-replicated,10,within-tolerance,0,0,441.241729,MEl/s,440.397228,155.038185,2.846020,0.192,/tmp/weft-band-final-runs.BxYFeq/k1-079-dequantize_row_iq4_nl-tensor.log,/tmp/weft-row-dequantize.cVbLCZ,k1:/tmp/weft-row-dequantize.mpyAkF
dequantize_row_iq4_xs,K1/X60,tensor,examples/kernels/dequantize/iq4_xs.py,row_dequantize_iq4_xs,{},"{""lmul_eighths"":8,""partial_combine_policy"":""independent-multilevel"",""pipeline_depth"":1,""record_axis_policy"":""within-record"",""scalar_load_prime"":0,""unroll"":1}",finite-random-record-replicated,10,within-tolerance,0,0,357.591617,MEl/s,357.294813,157.965043,2.263739,0.083,/tmp/weft-band-final-runs.BxYFeq/k1-075-dequantize_row_iq4_xs-tensor.log,/tmp/weft-row-dequantize.RGvGxu,k1:/tmp/weft-row-dequantize.zMWS6R
dequantize_row_mxfp4,K1/X60,tensor,examples/kernels/dequantize/mxfp4.py,row_dequantize_mxfp4,{},"{""lmul_eighths"":8,""partial_combine_policy"":""independent-multilevel"",""pipeline_depth"":1,""record_axis_policy"":""within-record"",""scalar_load_prime"":0,""unroll"":1}",finite-random-record-replicated,10,within-tolerance,0,0,260.946403,MEl/s,261.445027,164.129294,1.589883,-0.191,/tmp/weft-band-final-runs.BxYFeq/k1-063-dequantize_row_mxfp4-tensor.log,/tmp/weft-row-dequantize.UohQbi,k1:/tmp/weft-row-dequantize.CfCemN
dequantize_row_nvfp4,K1/X60,tensor,examples/kernels/dequantize/nvfp4.py,row_dequantize_nvfp4,{},"{""lmul_eighths"":8,""partial_combine_policy"":""independent-multilevel"",""pipeline_depth"":1,""record_axis_policy"":""within-record"",""scalar_load_prime"":0,""unroll"":1}",finite-random-record-replicated,10,within-tolerance,0,0,208.276266,MEl/s,206.262454,100.971723,2.062719,0.976,/tmp/weft-band-final-runs.BxYFeq/k1-070-dequantize_row_nvfp4-tensor.log,/tmp/weft-row-dequantize.1PrF84,k1:/tmp/weft-row-dequantize.PxjRX0
dequantize_row_q1_0,K1/X60,tensor,examples/kernels/dequantize/q1_0.py,row_dequantize_q1_0,{},"{""lmul_eighths"":8,""partial_combine_policy"":""independent-multilevel"",""pipeline_depth"":1,""record_axis_policy"":""within-record"",""scalar_load_prime"":0,""unroll"":1}",finite-random-record-replicated,10,within-tolerance,0,0,586.355037,MEl/s,584.082008,150.026726,3.908337,0.389,/tmp/weft-band-final-runs.BxYFeq/k1-084-dequantize_row_q1_0-tensor.log,/tmp/weft-row-dequantize.sAdCZX,k1:/tmp/weft-row-dequantize.Wnxxw2
dequantize_row_q2_k,K1/X60,tensor,examples/kernels/dequantize/q2_k.py,row_dequantize_q2_k,{},"{""lmul_eighths"":8,""partial_combine_policy"":""independent-multilevel"",""pipeline_depth"":1,""record_axis_policy"":""within-record"",""scalar_load_prime"":0,""unroll"":1}",finite-random-record-replicated,10,within-tolerance,0,0,283.464307,MEl/s,283.595222,135.461938,2.092575,-0.046,/tmp/weft-band-final-runs.BxYFeq/k1-072-dequantize_row_q2_k-tensor.log,/tmp/weft-row-dequantize.UvSt59,k1:/tmp/weft-row-dequantize.QB16BI
dequantize_row_q3_k,K1/X60,tensor,examples/kernels/dequantize/q3_k.py,row_dequantize_q3_k,{},"{""lmul_eighths"":8,""partial_combine_policy"":""independent-multilevel"",""pipeline_depth"":1,""record_axis_policy"":""within-record"",""scalar_load_prime"":0,""unroll"":1}",finite-random-record-replicated,10,within-tolerance,0,0,248.612525,MEl/s,249.697493,114.227230,2.176473,-0.435,/tmp/weft-band-final-runs.BxYFeq/k1-073-dequantize_row_q3_k-tensor.log,/tmp/weft-row-dequantize.GfKBWK,k1:/tmp/weft-row-dequantize.wY5Ec5
dequantize_row_q4_0,K1/X60,tensor,examples/kernels/dequantize/q4_0.py,row_dequantize_q4_0,{},"{""lmul_eighths"":8,""partial_combine_policy"":""independent-multilevel"",""pipeline_depth"":1,""record_axis_policy"":""within-record"",""scalar_load_prime"":0,""unroll"":1}",finite-random-record-replicated,10,within-tolerance,0,0,432.298968,MEl/s,434.582150,170.608773,2.533861,-0.525,/tmp/weft-band-final-runs.BxYFeq/k1-077-dequantize_row_q4_0-tensor.log,/tmp/weft-row-dequantize.5jqeNc,k1:/tmp/weft-row-dequantize.I2UVNq
dequantize_row_q4_1,K1/X60,tensor,examples/kernels/dequantize/q4_1.py,row_dequantize_q4_1,{},"{""lmul_eighths"":8,""partial_combine_policy"":""independent-multilevel"",""pipeline_depth"":1,""record_axis_policy"":""within-record"",""scalar_load_prime"":0,""unroll"":1}",finite-random-record-replicated,10,within-tolerance,0,0,276.866908,MEl/s,276.088851,150.375552,1.841170,0.282,/tmp/weft-band-final-runs.BxYFeq/k1-066-dequantize_row_q4_1-tensor.log,/tmp/weft-row-dequantize.fcsJkU,k1:/tmp/weft-row-dequantize.N8CCH9
dequantize_row_q4_k,K1/X60,tensor,examples/kernels/dequantize/q4_k.py,row_dequantize_q4_k,{},"{""lmul_eighths"":8,""partial_combine_policy"":""independent-multilevel"",""pipeline_depth"":1,""record_axis_policy"":""within-record"",""scalar_load_prime"":0,""unroll"":1}",finite-random-record-replicated,10,within-tolerance,0,0,516.378946,MEl/s,515.898174,167.307230,3.086411,0.093,/tmp/weft-band-final-runs.BxYFeq/k1-082-dequantize_row_q4_k-tensor.log,/tmp/weft-row-dequantize.F6VRv2,k1:/tmp/weft-row-dequantize.XTcZlB
dequantize_row_q5_0,K1/X60,tensor,examples/kernels/dequantize/q5_0.py,row_dequantize_q5_0,{},"{""lmul_eighths"":8,""partial_combine_policy"":""independent-multilevel"",""pipeline_depth"":1,""record_axis_policy"":""within-record"",""scalar_load_prime"":0,""unroll"":1}",finite-random-record-replicated,10,within-tolerance,0,0,275.287923,MEl/s,276.417409,159.625889,1.724582,-0.409,/tmp/weft-band-final-runs.BxYFeq/k1-065-dequantize_row_q5_0-tensor.log,/tmp/weft-row-dequantize.xDlcDY,k1:/tmp/weft-row-dequantize.1UjMQh
dequantize_row_q5_1,K1/X60,tensor,examples/kernels/dequantize/q5_1.py,row_dequantize_q5_1,{},"{""lmul_eighths"":8,""partial_combine_policy"":""independent-multilevel"",""pipeline_depth"":1,""record_axis_policy"":""within-record"",""scalar_load_prime"":0,""unroll"":1}",finite-random-record-replicated,10,within-tolerance,0,0,293.312485,MEl/s,293.578341,147.564155,1.987695,-0.091,/tmp/weft-band-final-runs.BxYFeq/k1-069-dequantize_row_q5_1-tensor.log,/tmp/weft-row-dequantize.YCueZH,k1:/tmp/weft-row-dequantize.t2vR3b
dequantize_row_q5_k,K1/X60,tensor,examples/kernels/dequantize/q5_k.py,row_dequantize_q5_k,{},"{""lmul_eighths"":8,""partial_combine_policy"":""independent-multilevel"",""pipeline_depth"":1,""record_axis_policy"":""within-record"",""scalar_load_prime"":0,""unroll"":1}",finite-random-record-replicated,10,within-tolerance,0,0,246.274495,MEl/s,245.629672,112.098412,2.196949,0.263,/tmp/weft-band-final-runs.BxYFeq/k1-074-dequantize_row_q5_k-tensor.log,/tmp/weft-row-dequantize.1oJxRA,k1:/tmp/weft-row-dequantize.ulZcP7
dequantize_row_q6_k,K1/X60,tensor,examples/kernels/dequantize/q6_k.py,row_dequantize_q6_k,{},"{""lmul_eighths"":8,""partial_combine_policy"":""independent-multilevel"",""pipeline_depth"":1,""record_axis_policy"":""within-record"",""scalar_load_prime"":0,""unroll"":1}",finite-random-record-replicated,10,within-tolerance,0,0,237.391325,MEl/s,237.455150,101.395625,2.341238,-0.027,/tmp/weft-band-final-runs.BxYFeq/k1-076-dequantize_row_q6_k-tensor.log,/tmp/weft-row-dequantize.eB4FyK,k1:/tmp/weft-row-dequantize.zIQoUc
dequantize_row_q8_0,K1/X60,tensor,examples/kernels/dequantize/q8_0.py,row_dequantize_q8_0,{},"{""lmul_eighths"":8,""partial_combine_policy"":""independent-multilevel"",""pipeline_depth"":1,""record_axis_policy"":""within-record"",""scalar_load_prime"":0,""unroll"":1}",finite-random-record-replicated,10,within-tolerance,0,0,507.053168,MEl/s,503.681720,184.053964,2.754916,0.669,/tmp/weft-band-final-runs.BxYFeq/k1-078-dequantize_row_q8_0-tensor.log,/tmp/weft-row-dequantize.xbtBt5,k1:/tmp/weft-row-dequantize.GeR9l7
dequantize_row_tq1_0,K1/X60,tensor,examples/kernels/dequantize/tq1_0.py,row_dequantize_tq1_0,{},"{""lmul_eighths"":8,""partial_combine_policy"":""independent-multilevel"",""pipeline_depth"":1,""record_axis_policy"":""within-record"",""scalar_load_prime"":0,""unroll"":1}",finite-random-record-replicated,10,within-tolerance,0,0,492.850600,MEl/s,492.160010,110.428724,4.463065,0.140,/tmp/weft-band-final-runs.BxYFeq/k1-086-dequantize_row_tq1_0-tensor.log,/tmp/weft-row-dequantize.ogFQVs,k1:/tmp/weft-row-dequantize.IqYbdN
dequantize_row_tq2_0,K1/X60,tensor,examples/kernels/dequantize/tq2_0.py,row_dequantize_tq2_0,{},"{""lmul_eighths"":8,""partial_combine_policy"":""independent-multilevel"",""pipeline_depth"":1,""record_axis_policy"":""within-record"",""scalar_load_prime"":0,""unroll"":1}",finite-random-record-replicated,10,within-tolerance,0,0,575.594556,MEl/s,574.598478,173.628831,3.315086,0.173,/tmp/weft-band-final-runs.BxYFeq/k1-083-dequantize_row_tq2_0-tensor.log,/tmp/weft-row-dequantize.umQ1qE,k1:/tmp/weft-row-dequantize.nxRjJx
iq1_s_q8_k,K1/X60,decode,examples/kernels/vec_dot/iq1_s_q8_k.py,quantized_vec_dot_iq1_s_q8_k,{},"{""lmul_eighths"":32,""partial_combine_policy"":""independent-multilevel"",""pipeline_depth"":1,""record_axis_policy"":""within-record"",""scalar_load_prime"":0,""unroll"":4}",valid-quantized-record-replicated,10,within-tolerance,0,0,2.112634,GOP/s,2.025068,2.711676,0.779088,4.324,/tmp/weft-band-final-runs.BxYFeq/k1-000-iq1_s_q8_k-decode.log,/tmp/weft-quantized-vec-dot.IEuycd,k1:/tmp/weft-quantized-vec-dot.hyRz7P
iq2_xs_q8_k,K1/X60,decode,examples/kernels/vec_dot/iq2_xs_q8_k.py,quantized_vec_dot_iq2_xs_q8_k,{},"{""lmul_eighths"":32,""partial_combine_policy"":""independent-multilevel"",""pipeline_depth"":1,""record_axis_policy"":""within-record"",""scalar_load_prime"":0,""unroll"":1}",valid-quantized-record-replicated,10,within-tolerance,0,0,2.223377,GOP/s,2.225142,1.773442,1.253707,-0.079,/tmp/weft-band-final-runs.BxYFeq/k1-042-iq2_xs_q8_k-decode.log,/tmp/weft-quantized-vec-dot.BfoEE3,k1:/tmp/weft-quantized-vec-dot.1hyURp
iq2_xxs_q8_k,K1/X60,decode,examples/kernels/vec_dot/iq2_xxs_q8_k.py,quantized_vec_dot_iq2_xxs_q8_k,{},"{""lmul_eighths"":32,""partial_combine_policy"":""independent-multilevel"",""pipeline_depth"":1,""record_axis_policy"":""within-record"",""scalar_load_prime"":0,""unroll"":4}",valid-quantized-record-replicated,10,within-tolerance,0,0,1.713075,GOP/s,1.714432,1.677788,1.021032,-0.079,/tmp/weft-band-final-runs.BxYFeq/k1-016-iq2_xxs_q8_k-decode.log,/tmp/weft-quantized-vec-dot.shb3B6,k1:/tmp/weft-quantized-vec-dot.1W2CQf
iq3_s_q8_k,K1/X60,decode,examples/kernels/vec_dot/iq3_s_q8_k.py,quantized_vec_dot_iq3_s_q8_k,{},"{""lmul_eighths"":16,""partial_combine_policy"":""independent-multilevel"",""pipeline_depth"":1,""record_axis_policy"":""within-record"",""scalar_load_prime"":0,""unroll"":1}",valid-quantized-record-replicated,10,within-tolerance,0,0,1.917693,GOP/s,1.917633,1.653851,1.159532,0.003,/tmp/weft-band-final-runs.BxYFeq/k1-032-iq3_s_q8_k-decode.log,/tmp/weft-quantized-vec-dot.p8h8Oy,k1:/tmp/weft-quantized-vec-dot.LpIcol
iq3_xxs_q8_k,K1/X60,decode,examples/kernels/vec_dot/iq3_xxs_q8_k.py,quantized_vec_dot_iq3_xxs_q8_k,{},"{""lmul_eighths"":16,""partial_combine_policy"":""independent-multilevel"",""pipeline_depth"":1,""record_axis_policy"":""within-record"",""scalar_load_prime"":0,""unroll"":1}",valid-quantized-record-replicated,10,within-tolerance,0,0,1.332032,GOP/s,1.221606,1.447514,0.920220,9.039,/tmp/weft-iq3-flat-runs.t06mR8/k1-000-iq3_xxs_q8_k-decode.log,/tmp/weft-quantized-vec-dot.x0BYFo,k1:/tmp/weft-quantized-vec-dot.jCiI1x
iq4_nl_q8_0,K1/X60,decode,examples/kernels/vec_dot/iq4_nl_q8_0.py,quantized_vec_dot_iq4_nl_q8_0,{},"{""lmul_eighths"":8,""partial_combine_policy"":""independent-multilevel"",""pipeline_depth"":1,""record_axis_policy"":""within-record"",""scalar_load_prime"":0,""unroll"":1}",valid-quantized-record-replicated,10,within-tolerance,0,0,2.378485,GOP/s,2.379864,2.821807,0.842894,-0.058,/tmp/weft-band-final-runs.BxYFeq/k1-005-iq4_nl_q8_0-decode.log,/tmp/weft-quantized-vec-dot.IVH6rH,k1:/tmp/weft-quantized-vec-dot.7qCuby
iq4_xs_q8_k,K1/X60,decode,examples/kernels/vec_dot/iq4_xs_q8_k.py,quantized_vec_dot_iq4_xs_q8_k,{},"{""lmul_eighths"":8,""partial_combine_policy"":""independent-multilevel"",""pipeline_depth"":1,""record_axis_policy"":""within-record"",""scalar_load_prime"":0,""unroll"":1}",valid-quantized-record-replicated,10,within-tolerance,0.00146484375,2.09938253e-07,2.498711,GOP/s,2.502735,1.713500,1.458250,-0.161,/tmp/weft-band-final-runs.BxYFeq/k1-060-iq4_xs_q8_k-decode.log,/tmp/weft-quantized-vec-dot.BXKzDb,k1:/tmp/weft-quantized-vec-dot.s6wvGN
mul_mat_f16,K1/X60,decode,examples/kernels/mul_mat/f16.py,production_mul_mat_f16,"{""KB"":4096,""KC"":4096,""MC"":16,""MR"":2,""NC"":32,""NR"":2}","{""lmul_eighths"":16,""partial_combine_policy"":""independent-multilevel"",""pipeline_depth"":1,""record_axis_policy"":""within-record"",""scalar_load_prime"":0,""unroll"":1}",dense-fixed-values,10,within-tolerance,0.000267028809,9.22453061e-06,3.365136,GOP/s,3.385826,3.323888,1.012410,-0.611,/tmp/weft-band-final-runs.BxYFeq/k1-015-mul_mat_f16-decode.log,/tmp/weft-mul-mat.oCcFf8,k1:/tmp/weft-mul-mat.Tiwty7
mul_mat_f32,K1/X60,decode,examples/kernels/dense/gemm_f32.py,gemm_f32,"{""MC"":64,""MR"":2,""NC"":64,""NR"":1}","{""lmul_eighths"":32,""partial_combine_policy"":""independent-multilevel"",""pipeline_depth"":1,""record_axis_policy"":""within-record"",""scalar_load_prime"":0,""unroll"":1}",dense-fixed-values,10,within-tolerance,0,0,2.068738,GOP/s,2.071017,2.011619,1.028395,-0.110,/tmp/weft-band-final-runs.BxYFeq/k1-017-mul_mat_f32-decode.log,/tmp/weft-mul-mat.51QqEB,k1:/tmp/weft-mul-mat.TfTVTd
mul_mat_f32,K1/X60,prefill,examples/kernels/dense/gemm_f32.py,gemm_f32,"{""MC"":64,""MR"":4,""NC"":16,""NR"":4}","{""lmul_eighths"":8,""partial_combine_policy"":""independent-multilevel"",""pipeline_depth"":1,""record_axis_policy"":""within-record"",""scalar_load_prime"":0,""unroll"":1}",dense-fixed-values,10,within-tolerance,0,0,3.831085,GOP/s,3.838260,2.574251,1.488233,-0.187,/tmp/weft-iq3-flat-runs.t06mR8/k1-003-mul_mat_f32-prefill.log,/tmp/weft-mul-mat.V2FDMt,k1:/tmp/weft-mul-mat.zPTXBp
mul_mat_iq1_m,K1/X60,prefill,examples/kernels/mul_mat/iq1_m.py,production_mul_mat_iq1_m,"{""MC"":16,""MR"":4,""NC"":32,""NR"":4}","{""lmul_eighths"":16,""partial_combine_policy"":""independent-multilevel"",""pipeline_depth"":1,""record_axis_policy"":""within-record"",""scalar_load_prime"":0,""unroll"":1}",valid-quantized-record-replicated,10,within-tolerance,0,0,1.636871,GOP/s,1.621238,1.446879,1.131312,0.964,/tmp/weft-band-final-runs.BxYFeq/k1-027-mul_mat_iq1_m-prefill.log,/tmp/weft-mul-mat.53bE3Q,k1:/tmp/weft-mul-mat.BkEAQe
mul_mat_iq1_s,K1/X60,decode,examples/kernels/mul_mat/iq1_s_decode.py,production_mul_mat_iq1_s_decode,{},"{""lmul_eighths"":32,""partial_combine_policy"":""independent-multilevel"",""pipeline_depth"":1,""record_axis_policy"":""within-record"",""scalar_load_prime"":0,""unroll"":4}",valid-quantized-record-replicated,10,within-tolerance,0,0,2.135493,GOP/s,2.043251,2.663380,0.801798,4.514,/tmp/weft-band-final-runs.BxYFeq/k1-001-mul_mat_iq1_s-decode.log,/tmp/weft-mul-mat.qCQumU,k1:/tmp/weft-mul-mat.ih0Hdr
mul_mat_iq1_s,K1/X60,prefill,examples/kernels/mul_mat/iq1_s.py,production_mul_mat_iq1_s,"{""MC"":16,""MR"":4,""NC"":32,""NR"":4}","{""lmul_eighths"":16,""partial_combine_policy"":""independent-multilevel"",""pipeline_depth"":1,""record_axis_policy"":""within-record"",""scalar_load_prime"":0,""unroll"":1}",valid-quantized-record-replicated,10,within-tolerance,0,0,2.754580,GOP/s,2.756692,2.740584,1.005107,-0.077,/tmp/weft-band-final-runs.BxYFeq/k1-013-mul_mat_iq1_s-prefill.log,/tmp/weft-mul-mat.OsEcsq,k1:/tmp/weft-mul-mat.OhurM5
mul_mat_iq2_xs,K1/X60,decode,examples/kernels/mul_mat/iq2_xs.py,production_mul_mat_iq2_xs,"{""NR"":1}","{""lmul_eighths"":32,""partial_combine_policy"":""independent-multilevel"",""pipeline_depth"":1,""record_axis_policy"":""within-record"",""scalar_load_prime"":0,""unroll"":1}",valid-quantized-record-replicated,10,within-tolerance,0,0,2.214898,GOP/s,2.213898,1.752529,1.263830,0.045,/tmp/weft-band-final-runs.BxYFeq/k1-045-mul_mat_iq2_xs-decode.log,/tmp/weft-mul-mat.E1MMvA,k1:/tmp/weft-mul-mat.8Griz2
mul_mat_iq2_xxs,K1/X60,decode,examples/kernels/mul_mat/iq2_xxs_decode.py,production_mul_mat_iq2_xxs_decode,{},"{""lmul_eighths"":32,""partial_combine_policy"":""independent-multilevel"",""pipeline_depth"":1,""record_axis_policy"":""within-record"",""scalar_load_prime"":0,""unroll"":4}",valid-quantized-record-replicated,10,within-tolerance,0,0,1.678989,GOP/s,1.680903,1.661424,1.010572,-0.114,/tmp/weft-band-final-runs.BxYFeq/k1-014-mul_mat_iq2_xxs-decode.log,/tmp/weft-mul-mat.lCYBcc,k1:/tmp/weft-mul-mat.n4lU98
mul_mat_iq2_xxs,K1/X60,prefill,examples/kernels/mul_mat/iq2_xxs_staged.py,production_mul_mat_iq2_xxs_staged,"{""KC"":512,""MC"":8,""MR"":1,""NC"":64,""NR"":2}","{""lmul_eighths"":8,""partial_combine_policy"":""independent-multilevel"",""pipeline_depth"":1,""record_axis_policy"":""within-record"",""scalar_load_prime"":0,""unroll"":1}",valid-quantized-record-replicated,10,within-tolerance,0,0,1.442607,GOP/s,1.483356,1.705121,0.846044,-2.747,/tmp/weft-band-final-runs.BxYFeq/k1-009-mul_mat_iq2_xxs-prefill.log,/tmp/weft-mul-mat.EVE6J5,k1:/tmp/weft-mul-mat.RyICS6
mul_mat_iq3_s,K1/X60,decode,examples/kernels/mul_mat/iq3_s.py,production_mul_mat_iq3_s,{},"{""lmul_eighths"":16,""partial_combine_policy"":""independent-multilevel"",""pipeline_depth"":1,""record_axis_policy"":""within-record"",""scalar_load_prime"":0,""unroll"":1}",valid-quantized-record-replicated,10,within-tolerance,0,0,1.914612,GOP/s,1.917223,1.636725,1.169782,-0.136,/tmp/weft-band-final-runs.BxYFeq/k1-034-mul_mat_iq3_s-decode.log,/tmp/weft-mul-mat.Ujtaal,k1:/tmp/weft-mul-mat.wzcARm
mul_mat_iq3_s,K1/X60,prefill,examples/kernels/mul_mat/iq3_s.py,production_mul_mat_iq3_s,{},"{""lmul_eighths"":16,""partial_combine_policy"":""independent-multilevel"",""pipeline_depth"":1,""record_axis_policy"":""within-record"",""scalar_load_prime"":0,""unroll"":1}",valid-quantized-record-replicated,10,within-tolerance,0,0,1.918744,GOP/s,1.919427,1.674948,1.145554,-0.036,/tmp/weft-band-final-runs.BxYFeq/k1-029-mul_mat_iq3_s-prefill.log,/tmp/weft-mul-mat.4zwv5E,k1:/tmp/weft-mul-mat.xERVqO
mul_mat_iq3_xxs,K1/X60,decode,examples/kernels/mul_mat/iq3_xxs.py,production_mul_mat_iq3_xxs,{},"{""lmul_eighths"":16,""partial_combine_policy"":""independent-multilevel"",""pipeline_depth"":1,""record_axis_policy"":""within-record"",""scalar_load_prime"":0,""unroll"":1}",valid-quantized-record-replicated,10,within-tolerance,0,0,1.341974,GOP/s,1.245754,1.436230,0.934373,7.724,/tmp/weft-iq3-flat-runs.t06mR8/k1-002-mul_mat_iq3_xxs-decode.log,/tmp/weft-mul-mat.AVE2ow,k1:/tmp/weft-mul-mat.YFE6FC
mul_mat_iq3_xxs,K1/X60,prefill,examples/kernels/mul_mat/iq3_xxs.py,production_mul_mat_iq3_xxs,{},"{""lmul_eighths"":16,""partial_combine_policy"":""independent-multilevel"",""pipeline_depth"":1,""record_axis_policy"":""within-record"",""scalar_load_prime"":0,""unroll"":1}",valid-quantized-record-replicated,10,within-tolerance,0,0,1.343608,GOP/s,1.245091,1.472475,0.912483,7.912,/tmp/weft-iq3-flat-runs.t06mR8/k1-001-mul_mat_iq3_xxs-prefill.log,/tmp/weft-mul-mat.S6yTLC,k1:/tmp/weft-mul-mat.ngVi3Y
mul_mat_iq4_nl,K1/X60,decode,examples/kernels/mul_mat/iq4_nl_decode.py,production_mul_mat_iq4_nl_decode,{},"{""lmul_eighths"":8,""partial_combine_policy"":""independent-multilevel"",""pipeline_depth"":1,""record_axis_policy"":""within-record"",""scalar_load_prime"":0,""unroll"":1}",valid-quantized-record-replicated,10,within-tolerance,0,0,2.320289,GOP/s,2.327479,2.762856,0.839815,-0.309,/tmp/weft-band-final-runs.BxYFeq/k1-004-mul_mat_iq4_nl-decode.log,/tmp/weft-mul-mat.LMbheI,k1:/tmp/weft-mul-mat.g1Q1BR
mul_mat_iq4_xs,K1/X60,decode,examples/kernels/mul_mat/iq4_xs_decode.py,production_mul_mat_iq4_xs_decode,{},"{""lmul_eighths"":8,""partial_combine_policy"":""independent-multilevel"",""pipeline_depth"":1,""record_axis_policy"":""within-record"",""scalar_load_prime"":0,""unroll"":1}",valid-quantized-record-replicated,10,within-tolerance,0.000366210938,1.29730179e-06,2.484955,GOP/s,2.490581,1.692141,1.468527,-0.226,/tmp/weft-band-final-runs.BxYFeq/k1-061-mul_mat_iq4_xs-decode.log,/tmp/weft-mul-mat.nuDAVY,k1:/tmp/weft-mul-mat.CY0h7B
mul_mat_iq4_xs,K1/X60,prefill,examples/kernels/mul_mat/iq4_xs.py,production_mul_mat_iq4_xs,"{""MC"":16,""MR"":2,""NC"":32,""NR"":4}","{""lmul_eighths"":8,""partial_combine_policy"":""independent-multilevel"",""pipeline_depth"":1,""record_axis_policy"":""within-record"",""scalar_load_prime"":0,""unroll"":1}",valid-quantized-record-replicated,10,within-tolerance,0.000549316406,5.91296121e-05,2.408589,GOP/s,2.388214,1.717705,1.402213,0.853,/tmp/weft-band-final-runs.BxYFeq/k1-058-mul_mat_iq4_xs-prefill.log,/tmp/weft-mul-mat.tKVy7n,k1:/tmp/weft-mul-mat.e2Ga5M
mul_mat_mxfp4,K1/X60,decode,examples/kernels/mul_mat/mxfp4_decode.py,production_mul_mat_mxfp4_decode,{},"{""lmul_eighths"":8,""partial_combine_policy"":""independent-multilevel"",""pipeline_depth"":1,""record_axis_policy"":""within-record"",""scalar_load_prime"":0,""unroll"":1}",valid-quantized-record-replicated,10,within-tolerance,0,0,2.312704,GOP/s,2.313262,2.535316,0.912196,-0.024,/tmp/weft-band-final-runs.BxYFeq/k1-010-mul_mat_mxfp4-decode.log,/tmp/weft-mul-mat.jpCjqx,k1:/tmp/weft-mul-mat.HPNHIJ
mul_mat_mxfp4,K1/X60,prefill,examples/kernels/mul_mat/mxfp4.py,production_mul_mat_mxfp4,"{""MC"":16,""MR"":2,""NC"":32,""NR"":4}","{""lmul_eighths"":8,""partial_combine_policy"":""independent-multilevel"",""pipeline_depth"":1,""record_axis_policy"":""within-record"",""scalar_load_prime"":0,""unroll"":1}",valid-quantized-record-replicated,10,within-tolerance,0,0,2.926338,GOP/s,2.923394,2.629021,1.113090,0.101,/tmp/weft-band-final-runs.BxYFeq/k1-023-mul_mat_mxfp4-prefill.log,/tmp/weft-mul-mat.25bEf9,k1:/tmp/weft-mul-mat.cM08zR
mul_mat_nvfp4,K1/X60,decode,examples/kernels/mul_mat/nvfp4_decode.py,production_mul_mat_nvfp4_decode,{},"{""lmul_eighths"":8,""partial_combine_policy"":""independent-multilevel"",""pipeline_depth"":1,""record_axis_policy"":""within-record"",""scalar_load_prime"":0,""unroll"":1}",valid-quantized-record-replicated,10,within-tolerance,0,0,0.945908,GOP/s,0.945171,0.161658,5.851291,0.078,/tmp/weft-band-final-runs.BxYFeq/k1-087-mul_mat_nvfp4-decode.log,/tmp/weft-mul-mat.LNNCKx,k1:/tmp/weft-mul-mat.FxZyvO
mul_mat_nvfp4,K1/X60,prefill,examples/kernels/mul_mat/nvfp4.py,production_mul_mat_nvfp4,"{""MC"":16,""MR"":2,""NC"":32,""NR"":4}","{""lmul_eighths"":8,""partial_combine_policy"":""independent-multilevel"",""pipeline_depth"":1,""record_axis_policy"":""within-record"",""scalar_load_prime"":0,""unroll"":1}",valid-quantized-record-replicated,10,within-tolerance,0,0,1.055181,GOP/s,1.050319,0.162006,6.513222,0.463,/tmp/weft-band-final-runs.BxYFeq/k1-089-mul_mat_nvfp4-prefill.log,/tmp/weft-mul-mat.Tvnytr,k1:/tmp/weft-mul-mat.Zbph0j
mul_mat_q1_0,K1/X60,decode,examples/kernels/mul_mat/q1_0_decode.py,production_mul_mat_q1_0_decode,{},"{""lmul_eighths"":8,""partial_combine_policy"":""independent-multilevel"",""pipeline_depth"":1,""record_axis_policy"":""within-record"",""scalar_load_prime"":0,""unroll"":4}",valid-quantized-record-replicated,10,within-tolerance,0,0,4.218147,GOP/s,4.215309,3.691932,1.142531,0.067,/tmp/weft-band-final-runs.BxYFeq/k1-028-mul_mat_q1_0-decode.log,/tmp/weft-mul-mat.y7EB5S,k1:/tmp/weft-mul-mat.Aogd6U
mul_mat_q1_0,K1/X60,prefill,examples/kernels/mul_mat/q1_0.py,production_mul_mat_q1_0,"{""MC"":16,""MR"":2,""NC"":32,""NR"":4}","{""lmul_eighths"":8,""partial_combine_policy"":""independent-multilevel"",""pipeline_depth"":1,""record_axis_policy"":""within-record"",""scalar_load_prime"":0,""unroll"":1}",valid-quantized-record-replicated,10,within-tolerance,0.000793457031,1.63985442e-05,3.662610,GOP/s,3.712391,3.785883,0.967439,-1.341,/tmp/weft-band-final-runs.BxYFeq/k1-012-mul_mat_q1_0-prefill.log,/tmp/weft-mul-mat.YtkWRq,k1:/tmp/weft-mul-mat.N0UojT
mul_mat_q2_k,K1/X60,decode,examples/kernels/mul_mat/q2_k_decode.py,production_mul_mat_q2_k_decode,{},"{""lmul_eighths"":8,""partial_combine_policy"":""independent-multilevel"",""pipeline_depth"":1,""record_axis_policy"":""within-record"",""scalar_load_prime"":0,""unroll"":8}",valid-quantized-record-replicated,10,within-tolerance,6.10351562e-05,1.00195261e-07,3.239613,GOP/s,3.236262,2.448814,1.322931,0.104,/tmp/weft-band-final-runs.BxYFeq/k1-053-mul_mat_q2_k-decode.log,/tmp/weft-mul-mat.fQSkO1,k1:/tmp/weft-mul-mat.HPlejn
mul_mat_q2_k,K1/X60,prefill,examples/kernels/mul_mat/q2_k.py,production_mul_mat_q2_k,"{""MC"":32,""MR"":1,""NC"":32,""NR"":2}","{""lmul_eighths"":8,""partial_combine_policy"":""independent-multilevel"",""pipeline_depth"":1,""record_axis_policy"":""within-record"",""scalar_load_prime"":0,""unroll"":4}",valid-quantized-record-replicated,10,within-tolerance,0.000610351562,1.04400072e-05,2.966162,GOP/s,2.829457,2.452543,1.209423,4.831,/tmp/weft-band-final-runs.BxYFeq/k1-031-mul_mat_q2_k-prefill.log,/tmp/weft-mul-mat.uN2d3E,k1:/tmp/weft-mul-mat.4OsZqM
mul_mat_q3_k,K1/X60,decode,examples/kernels/mul_mat/q3_k_decode.py,production_mul_mat_q3_k_decode,{},"{""lmul_eighths"":16,""partial_combine_policy"":""independent-multilevel"",""pipeline_depth"":1,""record_axis_policy"":""within-record"",""scalar_load_prime"":0,""unroll"":1}",valid-quantized-record-replicated,10,within-tolerance,7.62939453e-05,3.14590394e-07,2.974579,GOP/s,2.969818,2.391775,1.243670,0.160,/tmp/weft-band-final-runs.BxYFeq/k1-038-mul_mat_q3_k-decode.log,/tmp/weft-mul-mat.vViCsM,k1:/tmp/weft-mul-mat.6rlYFP
mul_mat_q3_k,K1/X60,prefill,examples/kernels/mul_mat/q3_k.py,production_mul_mat_q3_k,"{""MC"":8,""MR"":1,""NC"":32,""NR"":1}","{""lmul_eighths"":32,""partial_combine_policy"":""independent-multilevel"",""pipeline_depth"":1,""record_axis_policy"":""within-record"",""scalar_load_prime"":0,""unroll"":1}",valid-quantized-record-replicated,10,within-tolerance,0.000366210938,1.52754824e-05,2.727401,GOP/s,2.726732,2.442635,1.116581,0.025,/tmp/weft-band-final-runs.BxYFeq/k1-024-mul_mat_q3_k-prefill.log,/tmp/weft-mul-mat.T29X6Z,k1:/tmp/weft-mul-mat.iCGFva
mul_mat_q4_0,K1/X60,decode,examples/kernels/mul_mat/q4_0_decode.py,production_mul_mat_q4_0_decode,{},"{""lmul_eighths"":8,""partial_combine_policy"":""independent-multilevel"",""pipeline_depth"":1,""record_axis_policy"":""within-record"",""scalar_load_prime"":0,""unroll"":1}",valid-quantized-record-replicated,10,within-tolerance,4.57763672e-05,2.75299067e-07,2.558956,GOP/s,2.566449,2.205897,1.160052,-0.292,/tmp/weft-band-final-runs.BxYFeq/k1-033-mul_mat_q4_0-decode.log,/tmp/weft-mul-mat.xtIhBk,k1:/tmp/weft-mul-mat.5VrXmR
mul_mat_q4_0,K1/X60,prefill,examples/kernels/mul_mat/q4_0.py,production_mul_mat_q4_0,"{""MC"":16,""MR"":4,""NC"":32,""NR"":2}","{""lmul_eighths"":8,""partial_combine_policy"":""independent-multilevel"",""pipeline_depth"":2,""record_axis_policy"":""within-record"",""scalar_load_prime"":0,""unroll"":1}",valid-quantized-record-replicated,10,within-tolerance,0,0,2.529090,GOP/s,2.529683,2.265953,1.116126,-0.023,/tmp/weft-band-final-runs.BxYFeq/k1-025-mul_mat_q4_0-prefill.log,/tmp/weft-mul-mat.rhcKuK,k1:/tmp/weft-mul-mat.bXls6S
mul_mat_q4_1,K1/X60,decode,examples/kernels/mul_mat/q4_1_decode.py,production_mul_mat_q4_1_decode,{},"{""lmul_eighths"":8,""partial_combine_policy"":""independent-multilevel"",""pipeline_depth"":1,""record_axis_policy"":""within-record"",""scalar_load_prime"":0,""unroll"":1}",valid-quantized-record-replicated,10,within-tolerance,0,0,2.243322,GOP/s,2.246945,2.084146,1.076375,-0.161,/tmp/weft-band-final-runs.BxYFeq/k1-022-mul_mat_q4_1-decode.log,/tmp/weft-mul-mat.ZsZBfS,k1:/tmp/weft-mul-mat.Owq7M0
mul_mat_q4_k,K1/X60,decode,examples/kernels/mul_mat/q4_k_decode.py,production_mul_mat_q4_k_decode,{},"{""lmul_eighths"":8,""partial_combine_policy"":""independent-multilevel"",""pipeline_depth"":1,""record_axis_policy"":""within-record"",""scalar_load_prime"":0,""unroll"":8}",valid-quantized-record-replicated,10,within-tolerance,0.000129699707,1.17469838e-06,3.409967,GOP/s,3.397645,2.461816,1.385143,0.363,/tmp/weft-band-final-runs.BxYFeq/k1-057-mul_mat_q4_k-decode.log,/tmp/weft-mul-mat.Ces16f,k1:/tmp/weft-mul-mat.mbJScq
mul_mat_q4_k,K1/X60,prefill,examples/kernels/mul_mat/q4_k_staged.py,production_mul_mat_q4_k_staged,"{""KC"":512,""MC"":8,""MR"":2,""NC"":64}","{""lmul_eighths"":16,""partial_combine_policy"":""independent-multilevel"",""pipeline_depth"":1,""record_axis_policy"":""within-record"",""scalar_load_prime"":0,""unroll"":2}",valid-quantized-record-replicated,10,within-tolerance,0,0,4.028578,GOP/s,4.027256,2.508977,1.605666,0.033,/tmp/weft-band-final-runs.BxYFeq/k1-064-mul_mat_q4_k-prefill.log,/tmp/weft-mul-mat.95MscN,k1:/tmp/weft-mul-mat.fSYv68
mul_mat_q5_0,K1/X60,decode,examples/kernels/mul_mat/q5_0_decode.py,production_mul_mat_q5_0_decode,{},"{""lmul_eighths"":8,""partial_combine_policy"":""independent-multilevel"",""pipeline_depth"":1,""record_axis_policy"":""within-record"",""scalar_load_prime"":0,""unroll"":1}",valid-quantized-record-replicated,10,within-tolerance,0,0,2.277903,GOP/s,2.278914,1.794935,1.269073,-0.044,/tmp/weft-band-final-runs.BxYFeq/k1-047-mul_mat_q5_0-decode.log,/tmp/weft-mul-mat.GNb8mu,k1:/tmp/weft-mul-mat.1XgOZJ
mul_mat_q5_0,K1/X60,prefill,examples/kernels/mul_mat/q5_0.py,production_mul_mat_q5_0,"{""MC"":16,""MR"":4,""NC"":32,""NR"":2}","{""lmul_eighths"":8,""partial_combine_policy"":""independent-multilevel"",""pipeline_depth"":1,""record_axis_policy"":""within-record"",""scalar_load_prime"":0,""unroll"":1}",valid-quantized-record-replicated,10,within-tolerance,0,0,2.389450,GOP/s,2.281910,1.847937,1.293037,4.713,/tmp/weft-band-final-runs.BxYFeq/k1-036-mul_mat_q5_0-prefill.log,/tmp/weft-mul-mat.X3lPxv,k1:/tmp/weft-mul-mat.GfLL0L
mul_mat_q5_1,K1/X60,decode,examples/kernels/mul_mat/q5_1_decode.py,production_mul_mat_q5_1_decode,{},"{""lmul_eighths"":8,""partial_combine_policy"":""independent-multilevel"",""pipeline_depth"":1,""record_axis_policy"":""within-record"",""scalar_load_prime"":0,""unroll"":1}",valid-quantized-record-replicated,10,within-tolerance,0,0,2.062176,GOP/s,2.060515,1.653383,1.247246,0.081,/tmp/weft-band-final-runs.BxYFeq/k1-039-mul_mat_q5_1-decode.log,/tmp/weft-mul-mat.NU5Jqb,k1:/tmp/weft-mul-mat.6bVnRa
mul_mat_q5_1,K1/X60,prefill,examples/kernels/mul_mat/q5_1.py,production_mul_mat_q5_1,"{""MC"":16,""MR"":4,""NC"":32,""NR"":2}","{""lmul_eighths"":8,""partial_combine_policy"":""independent-multilevel"",""pipeline_depth"":1,""record_axis_policy"":""within-record"",""scalar_load_prime"":0,""unroll"":1}",valid-quantized-record-replicated,10,within-tolerance,0,0,1.760236,GOP/s,1.813592,1.714436,1.026714,-2.942,/tmp/weft-band-final-runs.BxYFeq/k1-020-mul_mat_q5_1-prefill.log,/tmp/weft-mul-mat.DyBPZC,k1:/tmp/weft-mul-mat.Opf1hC
mul_mat_q5_k,K1/X60,decode,examples/kernels/mul_mat/q5_k_decode.py,production_mul_mat_q5_k_decode,{},"{""lmul_eighths"":8,""partial_combine_policy"":""independent-multilevel"",""pipeline_depth"":1,""record_axis_policy"":""within-record"",""scalar_load_prime"":0,""unroll"":1}",valid-quantized-record-replicated,10,within-tolerance,6.10351562e-05,1.67281608e-07,1.705422,GOP/s,1.704060,1.246182,1.368518,0.080,/tmp/weft-band-final-runs.BxYFeq/k1-056-mul_mat_q5_k-decode.log,/tmp/weft-mul-mat.8Qtzu2,k1:/tmp/weft-mul-mat.G4ONPY
mul_mat_q5_k,K1/X60,prefill,examples/kernels/mul_mat/q5_k.py,production_mul_mat_q5_k,"{""MC"":16,""MR"":2,""NC"":32,""NR"":4}","{""lmul_eighths"":8,""partial_combine_policy"":""independent-multilevel"",""pipeline_depth"":1,""record_axis_policy"":""within-record"",""scalar_load_prime"":0,""unroll"":1}",valid-quantized-record-replicated,10,within-tolerance,0.00048828125,3.00342359e-05,2.609144,GOP/s,2.603708,1.262649,2.066405,0.209,/tmp/weft-band-final-runs.BxYFeq/k1-071-mul_mat_q5_k-prefill.log,/tmp/weft-mul-mat.GD7i13,k1:/tmp/weft-mul-mat.oqU255
mul_mat_q6_k,K1/X60,decode,examples/kernels/mul_mat/q6_k_decode.py,production_mul_mat_q6_k_decode,{},"{""lmul_eighths"":32,""partial_combine_policy"":""independent-multilevel"",""pipeline_depth"":1,""record_axis_policy"":""within-record"",""scalar_load_prime"":0,""unroll"":2}",valid-quantized-record-replicated,10,within-tolerance,6.10351562e-05,7.83834081e-08,2.454167,GOP/s,2.446343,2.348172,1.045139,0.320,/tmp/weft-band-final-runs.BxYFeq/k1-019-mul_mat_q6_k-decode.log,/tmp/weft-mul-mat.IGPDCd,k1:/tmp/weft-mul-mat.116clJ
mul_mat_q6_k,K1/X60,prefill,examples/kernels/mul_mat/q6_k.py,production_mul_mat_q6_k,"{""MC"":16,""MR"":4,""NC"":64,""NR"":2}","{""lmul_eighths"":32,""partial_combine_policy"":""independent-multilevel"",""pipeline_depth"":1,""record_axis_policy"":""within-record"",""scalar_load_prime"":0,""unroll"":4}",valid-quantized-record-replicated,10,within-tolerance,0.000305175781,3.59689943e-06,2.067723,GOP/s,2.066771,2.506236,0.825031,0.046,/tmp/weft-band-final-runs.BxYFeq/k1-003-mul_mat_q6_k-prefill.log,/tmp/weft-mul-mat.77jKfQ,k1:/tmp/weft-mul-mat.By2vEw
mul_mat_q8_0,K1/X60,decode,examples/kernels/mul_mat/q8_0_decode.py,production_mul_mat_q8_0_decode,{},"{""lmul_eighths"":8,""partial_combine_policy"":""independent-multilevel"",""pipeline_depth"":1,""record_axis_policy"":""within-record"",""scalar_load_prime"":0,""unroll"":1}",valid-quantized-record-replicated,10,within-tolerance,0.000137329102,7.89632719e-07,2.653045,GOP/s,2.650135,2.107139,1.259075,0.110,/tmp/weft-band-final-runs.BxYFeq/k1-044-mul_mat_q8_0-decode.log,/tmp/weft-mul-mat.1BXWGZ,k1:/tmp/weft-mul-mat.c2d8qS
mul_mat_tq1_0,K1/X60,prefill,examples/kernels/mul_mat/tq1_0.py,production_mul_mat_tq1_0,"{""MC"":16,""MR"":4,""NC"":32,""NR"":2}","{""lmul_eighths"":8,""partial_combine_policy"":""independent-multilevel"",""pipeline_depth"":1,""record_axis_policy"":""within-record"",""scalar_load_prime"":0,""unroll"":1}",valid-quantized-record-replicated,10,within-tolerance,0,0,4.493326,GOP/s,4.505762,3.458089,1.299367,-0.276,/tmp/weft-band-final-runs.BxYFeq/k1-049-mul_mat_tq1_0-prefill.log,/tmp/weft-mul-mat.B1zaDP,k1:/tmp/weft-mul-mat.SkA4Uv
mul_mat_tq2_0,K1/X60,decode,examples/kernels/mul_mat/tq2_0_decode.py,production_mul_mat_tq2_0_decode,{},"{""lmul_eighths"":8,""partial_combine_policy"":""independent-multilevel"",""pipeline_depth"":1,""record_axis_policy"":""within-record"",""scalar_load_prime"":0,""unroll"":1}",valid-quantized-record-replicated,10,within-tolerance,0,0,6.281354,GOP/s,6.287499,4.793486,1.310394,-0.098,/tmp/weft-band-final-runs.BxYFeq/k1-051-mul_mat_tq2_0-decode.log,/tmp/weft-mul-mat.kUxHJW,k1:/tmp/weft-mul-mat.JN7hDT
mul_mat_tq2_0,K1/X60,prefill,examples/kernels/mul_mat/tq2_0.py,production_mul_mat_tq2_0,"{""MC"":16,""MR"":4,""NC"":32,""NR"":2}","{""lmul_eighths"":8,""partial_combine_policy"":""independent-multilevel"",""pipeline_depth"":1,""record_axis_policy"":""within-record"",""scalar_load_prime"":0,""unroll"":1}",valid-quantized-record-replicated,10,within-tolerance,0,0,6.585315,GOP/s,6.432534,4.973980,1.323953,2.375,/tmp/weft-band-final-runs.BxYFeq/k1-048-mul_mat_tq2_0-prefill.log,/tmp/weft-mul-mat.LibxdR,k1:/tmp/weft-mul-mat.sV2lzR
mxfp4_q8_0,K1/X60,decode,examples/kernels/vec_dot/mxfp4_q8_0.py,quantized_vec_dot_mxfp4_q8_0,{},"{""lmul_eighths"":8,""partial_combine_policy"":""independent-multilevel"",""pipeline_depth"":1,""record_axis_policy"":""within-record"",""scalar_load_prime"":0,""unroll"":1}",valid-quantized-record-replicated,10,within-tolerance,0,0,2.368515,GOP/s,2.372602,2.580476,0.917860,-0.172,/tmp/weft-band-final-runs.BxYFeq/k1-011-mxfp4_q8_0-decode.log,/tmp/weft-quantized-vec-dot.nLYmTY,k1:/tmp/weft-quantized-vec-dot.lG1JYq
nvfp4_q8_0,K1/X60,decode,examples/kernels/vec_dot/nvfp4_q8_0.py,quantized_vec_dot_nvfp4_q8_0,{},"{""lmul_eighths"":8,""partial_combine_policy"":""independent-multilevel"",""pipeline_depth"":1,""record_axis_policy"":""within-record"",""scalar_load_prime"":0,""unroll"":1}",valid-quantized-record-replicated,10,within-tolerance,0,0,0.946082,GOP/s,0.945261,0.158325,5.975569,0.087,/tmp/weft-band-final-runs.BxYFeq/k1-088-nvfp4_q8_0-decode.log,/tmp/weft-quantized-vec-dot.zlzY0h,k1:/tmp/weft-quantized-vec-dot.9c6iry
q1_0_q8_0,K1/X60,decode,examples/kernels/vec_dot/q1_0_q8_0.py,quantized_vec_dot_q1_0_q8_0,{},"{""lmul_eighths"":8,""partial_combine_policy"":""independent-multilevel"",""pipeline_depth"":1,""record_axis_policy"":""within-record"",""scalar_load_prime"":0,""unroll"":4}",valid-quantized-record-replicated,10,within-tolerance,0,0,4.216227,GOP/s,4.214682,3.772297,1.117682,0.037,/tmp/weft-band-final-runs.BxYFeq/k1-026-q1_0_q8_0-decode.log,/tmp/weft-quantized-vec-dot.iE1LWc,k1:/tmp/weft-quantized-vec-dot.hIcJ57
q2_k_q8_k,K1/X60,decode,examples/kernels/vec_dot/q2_k_q8_k.py,quantized_vec_dot_q2_k_q8_k,{},"{""lmul_eighths"":8,""partial_combine_policy"":""independent-multilevel"",""pipeline_depth"":1,""record_axis_policy"":""within-record"",""scalar_load_prime"":0,""unroll"":8}",valid-quantized-record-replicated,10,within-tolerance,0,0,3.262670,GOP/s,3.260983,2.479582,1.315815,0.052,/tmp/weft-band-final-runs.BxYFeq/k1-052-q2_k_q8_k-decode.log,/tmp/weft-quantized-vec-dot.kyX4jP,k1:/tmp/weft-quantized-vec-dot.Bsf7Wn
q3_k_q8_k,K1/X60,decode,examples/kernels/vec_dot/q3_k_q8_k.py,quantized_vec_dot_q3_k_q8_k,{},"{""lmul_eighths"":16,""partial_combine_policy"":""independent-multilevel"",""pipeline_depth"":1,""record_axis_policy"":""within-record"",""scalar_load_prime"":0,""unroll"":1}",valid-quantized-record-replicated,10,within-tolerance,0.0029296875,3.6079188e-07,2.967060,GOP/s,2.967503,2.435477,1.218266,-0.015,/tmp/weft-band-final-runs.BxYFeq/k1-035-q3_k_q8_k-decode.log,/tmp/weft-quantized-vec-dot.uXz3KB,k1:/tmp/weft-quantized-vec-dot.4WUXQz
q4_0_q8_0,K1/X60,decode,examples/kernels/vec_dot/q4_0_q8_0.py,quantized_vec_dot_q4_0_q8_0,{},"{""lmul_eighths"":8,""partial_combine_policy"":""independent-multilevel"",""pipeline_depth"":1,""record_axis_policy"":""within-record"",""scalar_load_prime"":0,""unroll"":1}",valid-quantized-record-replicated,10,within-tolerance,0,0,2.566132,GOP/s,2.562470,2.229556,1.150961,0.143,/tmp/weft-band-final-runs.BxYFeq/k1-030-q4_0_q8_0-decode.log,/tmp/weft-quantized-vec-dot.UHsFl0,k1:/tmp/weft-quantized-vec-dot.1cOAm9
q4_1_q8_1,K1/X60,decode,examples/kernels/vec_dot/q4_1_q8_1.py,quantized_vec_dot_q4_1_q8_1,{},"{""lmul_eighths"":8,""partial_combine_policy"":""independent-multilevel"",""pipeline_depth"":1,""record_axis_policy"":""within-record"",""scalar_load_prime"":0,""unroll"":1}",valid-quantized-record-replicated,10,within-tolerance,0,0,2.242366,GOP/s,2.239807,2.108143,1.063669,0.114,/tmp/weft-band-final-runs.BxYFeq/k1-021-q4_1_q8_1-decode.log,/tmp/weft-quantized-vec-dot.CebuTq,k1:/tmp/weft-quantized-vec-dot.xTZTx0
q4_k_q8_k,K1/X60,decode,examples/kernels/vec_dot/q4_k_q8_k.py,quantized_vec_dot_q4_k_q8_k,{},"{""lmul_eighths"":8,""partial_combine_policy"":""independent-multilevel"",""pipeline_depth"":1,""record_axis_policy"":""within-record"",""scalar_load_prime"":0,""unroll"":8}",valid-quantized-record-replicated,10,within-tolerance,0,0,3.398868,GOP/s,3.387147,2.504987,1.356841,0.346,/tmp/weft-band-final-runs.BxYFeq/k1-054-q4_k_q8_k-decode.log,/tmp/weft-quantized-vec-dot.vgDfvd,k1:/tmp/weft-quantized-vec-dot.g1VZor
q5_0_q8_0,K1/X60,decode,examples/kernels/vec_dot/q5_0_q8_0.py,quantized_vec_dot_q5_0_q8_0,{},"{""lmul_eighths"":8,""partial_combine_policy"":""independent-multilevel"",""pipeline_depth"":1,""record_axis_policy"":""within-record"",""scalar_load_prime"":0,""unroll"":1}",valid-quantized-record-replicated,10,within-tolerance,0,0,2.267104,GOP/s,2.265770,1.811943,1.251201,0.059,/tmp/weft-band-final-runs.BxYFeq/k1-040-q5_0_q8_0-decode.log,/tmp/weft-quantized-vec-dot.mDj6eH,k1:/tmp/weft-quantized-vec-dot.OGazA0
q5_1_q8_1,K1/X60,decode,examples/kernels/vec_dot/q5_1_q8_1.py,quantized_vec_dot_q5_1_q8_1,{},"{""lmul_eighths"":8,""partial_combine_policy"":""independent-multilevel"",""pipeline_depth"":1,""record_axis_policy"":""within-record"",""scalar_load_prime"":0,""unroll"":1}",valid-quantized-record-replicated,10,within-tolerance,0,0,2.068119,GOP/s,2.065396,1.668792,1.239291,0.132,/tmp/weft-band-final-runs.BxYFeq/k1-037-q5_1_q8_1-decode.log,/tmp/weft-quantized-vec-dot.25J33A,k1:/tmp/weft-quantized-vec-dot.rpBVNg
q5_k_q8_k,K1/X60,decode,examples/kernels/vec_dot/q5_k_q8_k.py,quantized_vec_dot_q5_k_q8_k,{},"{""lmul_eighths"":8,""partial_combine_policy"":""independent-multilevel"",""pipeline_depth"":1,""record_axis_policy"":""within-record"",""scalar_load_prime"":0,""unroll"":1}",valid-quantized-record-replicated,10,within-tolerance,0.00048828125,1.1541925e-07,1.701280,GOP/s,1.700890,1.254589,1.356046,0.023,/tmp/weft-band-final-runs.BxYFeq/k1-055-q5_k_q8_k-decode.log,/tmp/weft-quantized-vec-dot.sS0ssE,k1:/tmp/weft-quantized-vec-dot.k28fWR
q8_0_q8_0,K1/X60,decode,examples/kernels/vec_dot/q8_0_q8_0.py,quantized_vec_dot_q8_0_q8_0,{},"{""lmul_eighths"":8,""partial_combine_policy"":""independent-multilevel"",""pipeline_depth"":1,""record_axis_policy"":""within-record"",""scalar_load_prime"":0,""unroll"":1}",valid-quantized-record-replicated,10,within-tolerance,0,0,2.675277,GOP/s,2.673845,2.126279,1.258197,0.054,/tmp/weft-band-final-runs.BxYFeq/k1-043-q8_0_q8_0-decode.log,/tmp/weft-quantized-vec-dot.wftWUy,k1:/tmp/weft-quantized-vec-dot.mWRUfD
quantize_row_q8_0,K1/X60,prefill,examples/kernels/quantize/q8_0.py,q8_0_quantize,{},"{""lmul_eighths"":8,""partial_combine_policy"":""independent-multilevel"",""pipeline_depth"":1,""record_axis_policy"":""within-record"",""scalar_load_prime"":0,""unroll"":1}",fixed-float-mod31,10,bit-exact,,,414.779982,MEl/s,414.612789,330.541129,1.254851,0.040,/tmp/weft-band-final-runs.BxYFeq/k1-041-quantize_row_q8_0-prefill.log,/tmp/weft-kernel.VmpngK,k1:/tmp/weft-kernel.5ivxcD
quantize_row_q8_1,K1/X60,prefill,examples/kernels/quantize/q8_1.py,q8_1_quantize,{},"{""lmul_eighths"":8,""partial_combine_policy"":""independent-multilevel"",""pipeline_depth"":1,""record_axis_policy"":""within-record"",""scalar_load_prime"":0,""unroll"":1}",fixed-float-mod31,10,bit-exact,,,374.152096,MEl/s,376.187767,287.550932,1.301168,-0.541,/tmp/weft-band-final-runs.BxYFeq/k1-050-quantize_row_q8_1-prefill.log,/tmp/weft-kernel.HlTMCz,k1:/tmp/weft-kernel.tWWL0R
quantize_row_q8_k,K1/X60,prefill,examples/kernels/quantize/q8_k.py,q8_K_quantize,{},"{""lmul_eighths"":16,""partial_combine_policy"":""independent-multilevel"",""pipeline_depth"":1,""record_axis_policy"":""within-record"",""scalar_load_prime"":0,""unroll"":1}",fixed-float-mod31,10,bit-exact,,,290.086774,MEl/s,291.253751,361.364495,0.802754,-0.401,/tmp/weft-band-final-runs.BxYFeq/k1-002-quantize_row_q8_k-prefill.log,/tmp/weft-kernel.BqkOa1,k1:/tmp/weft-kernel.wCrKBw
tq2_0_q8_k,K1/X60,decode,examples/kernels/vec_dot/tq2_0_q8_k.py,quantized_vec_dot_tq2_0_q8_k,{},"{""lmul_eighths"":8,""partial_combine_policy"":""independent-multilevel"",""pipeline_depth"":1,""record_axis_policy"":""within-record"",""scalar_load_prime"":0,""unroll"":1}",valid-quantized-record-replicated,10,within-tolerance,0,0,6.245573,GOP/s,6.253765,4.936389,1.265211,-0.131,/tmp/weft-band-final-runs.BxYFeq/k1-046-tq2_0_q8_k-decode.log,/tmp/weft-quantized-vec-dot.UbhOPt,k1:/tmp/weft-quantized-vec-dot.TIUBEj
dequantize_row_iq2_s,SG2044,tensor,examples/kernels/dequantize/iq2_s.py,row_dequantize_iq2_s,{},"{""lmul_eighths"":64,""partial_combine_policy"":""independent-multilevel"",""pipeline_depth"":1,""record_axis_policy"":""within-record"",""scalar_load_prime"":0,""unroll"":1}",finite-random-record-replicated,10,within-tolerance,0,0,346.466525,MEl/s,345.156714,426.506007,0.812337,0.379,/tmp/weft-band-final-runs.BxYFeq/sg2044-009-dequantize_row_iq2_s-tensor.log,/tmp/weft-row-dequantize.LPwW1b,rvv:/tmp/weft-row-dequantize.GcKHtp
dequantize_row_iq2_xs,SG2044,tensor,examples/kernels/dequantize/iq2_xs.py,row_dequantize_iq2_xs,{},"{""lmul_eighths"":8,""partial_combine_policy"":""independent-multilevel"",""pipeline_depth"":1,""record_axis_policy"":""within-record"",""scalar_load_prime"":0,""unroll"":1}",finite-random-record-replicated,10,within-tolerance,0,0,708.568394,MEl/s,707.520155,460.114658,1.539982,0.148,/tmp/weft-band-final-runs.BxYFeq/sg2044-055-dequantize_row_iq2_xs-tensor.log,/tmp/weft-row-dequantize.MpHyjX,rvv:/tmp/weft-row-dequantize.lOeJYi
dequantize_row_iq2_xxs,SG2044,tensor,examples/kernels/dequantize/iq2_xxs.py,row_dequantize_iq2_xxs,{},"{""lmul_eighths"":16,""partial_combine_policy"":""independent-multilevel"",""pipeline_depth"":1,""record_axis_policy"":""within-record"",""scalar_load_prime"":0,""unroll"":1}",finite-random-record-replicated,10,within-tolerance,0,0,363.107663,MEl/s,357.295574,443.356980,0.818996,1.627,/tmp/weft-band-final-runs.BxYFeq/sg2044-008-dequantize_row_iq2_xxs-tensor.log,/tmp/weft-row-dequantize.OS2NlO,rvv:/tmp/weft-row-dequantize.uwmVMA
dequantize_row_iq3_s,SG2044,tensor,examples/kernels/dequantize/iq3_s.py,row_dequantize_iq3_s,{},"{""lmul_eighths"":16,""partial_combine_policy"":""independent-multilevel"",""pipeline_depth"":1,""record_axis_policy"":""within-record"",""scalar_load_prime"":0,""unroll"":1}",finite-random-record-replicated,10,within-tolerance,0,0,262.703723,MEl/s,254.375808,358.175832,0.733449,3.274,/tmp/weft-band-final-runs.BxYFeq/sg2044-003-dequantize_row_iq3_s-tensor.log,/tmp/weft-row-dequantize.QjsRil,rvv:/tmp/weft-row-dequantize.zxNfGX
dequantize_row_iq3_xxs,SG2044,tensor,examples/kernels/dequantize/iq3_xxs.py,row_dequantize_iq3_xxs,{},"{""lmul_eighths"":8,""partial_combine_policy"":""independent-multilevel"",""pipeline_depth"":1,""record_axis_policy"":""within-record"",""scalar_load_prime"":0,""unroll"":1}",finite-random-record-replicated,10,within-tolerance,0,0,315.130471,MEl/s,311.906823,441.756230,0.713358,1.034,/tmp/weft-band-final-runs.BxYFeq/sg2044-002-dequantize_row_iq3_xxs-tensor.log,/tmp/weft-row-dequantize.YHEOuw,rvv:/tmp/weft-row-dequantize.bmX6Ik
dequantize_row_iq4_nl,SG2044,tensor,examples/kernels/dequantize/iq4_nl.py,row_dequantize_iq4_nl,{},"{""lmul_eighths"":8,""partial_combine_policy"":""independent-multilevel"",""pipeline_depth"":1,""record_axis_policy"":""within-record"",""scalar_load_prime"":0,""unroll"":1}",finite-random-record-replicated,10,within-tolerance,0,0,735.886056,MEl/s,736.776704,181.518702,4.054051,-0.121,/tmp/weft-band-final-runs.BxYFeq/sg2044-072-dequantize_row_iq4_nl-tensor.log,/tmp/weft-row-dequantize.Pfnu3q,rvv:/tmp/weft-row-dequantize.9Xd9kK
dequantize_row_iq4_xs,SG2044,tensor,examples/kernels/dequantize/iq4_xs.py,row_dequantize_iq4_xs,{},"{""lmul_eighths"":8,""partial_combine_policy"":""independent-multilevel"",""pipeline_depth"":1,""record_axis_policy"":""within-record"",""scalar_load_prime"":0,""unroll"":1}",finite-random-record-replicated,10,within-tolerance,0,0,320.053537,MEl/s,322.785848,181.075002,1.767519,-0.846,/tmp/weft-band-final-runs.BxYFeq/sg2044-061-dequantize_row_iq4_xs-tensor.log,/tmp/weft-row-dequantize.vqg8Y8,rvv:/tmp/weft-row-dequantize.u4aoNC
dequantize_row_mxfp4,SG2044,tensor,examples/kernels/dequantize/mxfp4.py,row_dequantize_mxfp4,{},"{""lmul_eighths"":8,""partial_combine_policy"":""independent-multilevel"",""pipeline_depth"":1,""record_axis_policy"":""within-record"",""scalar_load_prime"":0,""unroll"":1}",finite-random-record-replicated,10,within-tolerance,0,0,737.648752,MEl/s,739.062917,160.680279,4.590786,-0.191,/tmp/weft-band-final-runs.BxYFeq/sg2044-075-dequantize_row_mxfp4-tensor.log,/tmp/weft-row-dequantize.A4tezd,rvv:/tmp/weft-row-dequantize.38NYfU
dequantize_row_nvfp4,SG2044,tensor,examples/kernels/dequantize/nvfp4.py,row_dequantize_nvfp4,{},"{""lmul_eighths"":8,""partial_combine_policy"":""independent-multilevel"",""pipeline_depth"":1,""record_axis_policy"":""within-record"",""scalar_load_prime"":0,""unroll"":1}",finite-random-record-replicated,10,within-tolerance,0,0,170.937387,MEl/s,169.973266,151.596170,1.127584,0.567,/tmp/weft-band-final-runs.BxYFeq/sg2044-042-dequantize_row_nvfp4-tensor.log,/tmp/weft-row-dequantize.qp2U5Z,rvv:/tmp/weft-row-dequantize.CMPIfX
dequantize_row_q1_0,SG2044,tensor,examples/kernels/dequantize/q1_0.py,row_dequantize_q1_0,{},"{""lmul_eighths"":16,""partial_combine_policy"":""independent-multilevel"",""pipeline_depth"":1,""record_axis_policy"":""within-record"",""scalar_load_prime"":0,""unroll"":1}",finite-random-record-replicated,10,within-tolerance,0,0,742.386882,MEl/s,743.348672,746.193360,0.994899,-0.129,/tmp/weft-band-final-runs.BxYFeq/sg2044-028-dequantize_row_q1_0-tensor.log,/tmp/weft-row-dequantize.TD2zQa,rvv:/tmp/weft-row-dequantize.ud0m01
dequantize_row_q3_k,SG2044,tensor,examples/kernels/dequantize/q3_k.py,row_dequantize_q3_k,{},"{""lmul_eighths"":32,""partial_combine_policy"":""independent-multilevel"",""pipeline_depth"":1,""record_axis_policy"":""within-record"",""scalar_load_prime"":0,""unroll"":1}",finite-random-record-replicated,10,within-tolerance,0,0,345.896219,MEl/s,332.812726,371.344615,0.931470,3.931,/tmp/weft-band-final-runs.BxYFeq/sg2044-021-dequantize_row_q3_k-tensor.log,/tmp/weft-row-dequantize.QP08ho,rvv:/tmp/weft-row-dequantize.nVoKpK
dequantize_row_q4_0,SG2044,tensor,examples/kernels/dequantize/q4_0.py,row_dequantize_q4_0,{},"{""lmul_eighths"":8,""partial_combine_policy"":""independent-multilevel"",""pipeline_depth"":1,""record_axis_policy"":""within-record"",""scalar_load_prime"":0,""unroll"":1}",finite-random-record-replicated,10,within-tolerance,0,0,737.299945,MEl/s,735.723413,427.166253,1.726026,0.214,/tmp/weft-band-final-runs.BxYFeq/sg2044-059-dequantize_row_q4_0-tensor.log,/tmp/weft-row-dequantize.BdWRcp,rvv:/tmp/weft-row-dequantize.tXiRJh
dequantize_row_q4_1,SG2044,tensor,examples/kernels/dequantize/q4_1.py,row_dequantize_q4_1,{},"{""lmul_eighths"":8,""partial_combine_policy"":""independent-multilevel"",""pipeline_depth"":1,""record_axis_policy"":""within-record"",""scalar_load_prime"":0,""unroll"":1}",finite-random-record-replicated,10,within-tolerance,0,0,736.333050,MEl/s,735.806017,368.226321,1.999675,0.072,/tmp/weft-band-final-runs.BxYFeq/sg2044-064-dequantize_row_q4_1-tensor.log,/tmp/weft-row-dequantize.13ja1c,rvv:/tmp/weft-row-dequantize.R0oxQJ
dequantize_row_q5_0,SG2044,tensor,examples/kernels/dequantize/q5_0.py,row_dequantize_q5_0,{},"{""lmul_eighths"":8,""partial_combine_policy"":""independent-multilevel"",""pipeline_depth"":1,""record_axis_policy"":""within-record"",""scalar_load_prime"":0,""unroll"":1}",finite-random-record-replicated,10,within-tolerance,0,0,734.599787,MEl/s,734.126561,168.780869,4.352388,0.064,/tmp/weft-band-final-runs.BxYFeq/sg2044-073-dequantize_row_q5_0-tensor.log,/tmp/weft-row-dequantize.3D9qRn,rvv:/tmp/weft-row-dequantize.c0C61D
dequantize_row_q5_1,SG2044,tensor,examples/kernels/dequantize/q5_1.py,row_dequantize_q5_1,{},"{""lmul_eighths"":8,""partial_combine_policy"":""independent-multilevel"",""pipeline_depth"":1,""record_axis_policy"":""within-record"",""scalar_load_prime"":0,""unroll"":1}",finite-random-record-replicated,10,within-tolerance,0,0,729.788761,MEl/s,731.547787,160.592736,4.544345,-0.240,/tmp/weft-band-final-runs.BxYFeq/sg2044-074-dequantize_row_q5_1-tensor.log,/tmp/weft-row-dequantize.sJ3biF,rvv:/tmp/weft-row-dequantize.SaEczr
dequantize_row_q5_k,SG2044,tensor,examples/kernels/dequantize/q5_k.py,row_dequantize_q5_k,{},"{""lmul_eighths"":16,""partial_combine_policy"":""independent-multilevel"",""pipeline_depth"":1,""record_axis_policy"":""within-record"",""scalar_load_prime"":0,""unroll"":1}",finite-random-record-replicated,10,within-tolerance,0,0,354.617883,MEl/s,346.382976,380.580081,0.931783,2.377,/tmp/weft-band-final-runs.BxYFeq/sg2044-024-dequantize_row_q5_k-tensor.log,/tmp/weft-row-dequantize.fhTy30,rvv:/tmp/weft-row-dequantize.B6l2Nr
dequantize_row_q6_k,SG2044,tensor,examples/kernels/dequantize/q6_k.py,row_dequantize_q6_k,{},"{""lmul_eighths"":8,""partial_combine_policy"":""independent-multilevel"",""pipeline_depth"":1,""record_axis_policy"":""within-record"",""scalar_load_prime"":0,""unroll"":1}",finite-random-record-replicated,10,within-tolerance,0,0,342.433143,MEl/s,320.872085,193.883766,1.766177,6.720,/tmp/weft-band-final-runs.BxYFeq/sg2044-057-dequantize_row_q6_k-tensor.log,/tmp/weft-row-dequantize.jJUSOa,rvv:/tmp/weft-row-dequantize.5EhOwn
dequantize_row_q8_0,SG2044,tensor,examples/kernels/dequantize/q8_0.py,row_dequantize_q8_0,{},"{""lmul_eighths"":8,""partial_combine_policy"":""independent-multilevel"",""pipeline_depth"":1,""record_axis_policy"":""within-record"",""scalar_load_prime"":0,""unroll"":1}",finite-random-record-replicated,10,within-tolerance,0,0,725.138052,MEl/s,725.526959,331.203030,2.189406,-0.054,/tmp/weft-band-final-runs.BxYFeq/sg2044-066-dequantize_row_q8_0-tensor.log,/tmp/weft-row-dequantize.y5KvKi,rvv:/tmp/weft-row-dequantize.nzngkg
dequantize_row_tq2_0,SG2044,tensor,examples/kernels/dequantize/tq2_0.py,row_dequantize_tq2_0,{},"{""lmul_eighths"":32,""partial_combine_policy"":""independent-multilevel"",""pipeline_depth"":1,""record_axis_policy"":""within-record"",""scalar_load_prime"":0,""unroll"":1}",finite-random-record-replicated,10,within-tolerance,0,0,734.302704,MEl/s,734.246144,673.603336,1.090111,0.008,/tmp/weft-band-final-runs.BxYFeq/sg2044-039-dequantize_row_tq2_0-tensor.log,/tmp/weft-row-dequantize.JN0WqW,rvv:/tmp/weft-row-dequantize.9REihT
iq1_m_q8_k,SG2044,decode,examples/kernels/vec_dot/iq1_m_q8_k.py,quantized_vec_dot_iq1_m_q8_k,{},"{""lmul_eighths"":32,""partial_combine_policy"":""independent-multilevel"",""pipeline_depth"":1,""record_axis_policy"":""within-record"",""scalar_load_prime"":0,""unroll"":2}",valid-quantized-record-replicated,10,within-tolerance,0,0,2.188051,GOP/s,2.187488,2.650472,0.825533,0.026,/tmp/weft-band-final-runs.BxYFeq/sg2044-011-iq1_m_q8_k-decode.log,/tmp/weft-quantized-vec-dot.xNmq8s,rvv:/tmp/weft-quantized-vec-dot.vzyPGY
iq1_s_q8_k,SG2044,decode,examples/kernels/vec_dot/iq1_s_q8_k.py,quantized_vec_dot_iq1_s_q8_k,{},"{""lmul_eighths"":32,""partial_combine_policy"":""independent-multilevel"",""pipeline_depth"":1,""record_axis_policy"":""within-record"",""scalar_load_prime"":0,""unroll"":4}",valid-quantized-record-replicated,10,within-tolerance,0,0,3.811723,GOP/s,3.520539,4.861243,0.784105,8.271,/tmp/weft-band-final-runs.BxYFeq/sg2044-005-iq1_s_q8_k-decode.log,/tmp/weft-quantized-vec-dot.sI4mVi,rvv:/tmp/weft-quantized-vec-dot.tBPFLv
iq2_s_q8_k,SG2044,decode,examples/kernels/vec_dot/iq2_s_q8_k.py,quantized_vec_dot_iq2_s_q8_k,{},"{""lmul_eighths"":32,""partial_combine_policy"":""independent-multilevel"",""pipeline_depth"":1,""record_axis_policy"":""within-record"",""scalar_load_prime"":0,""unroll"":1}",valid-quantized-record-replicated,10,within-tolerance,0,0,2.992088,GOP/s,2.369991,1.969226,1.519423,26.249,/tmp/weft-band-final-runs.BxYFeq/sg2044-045-iq2_s_q8_k-decode.log,/tmp/weft-quantized-vec-dot.gYungB,rvv:/tmp/weft-quantized-vec-dot.U9fBjx
iq2_xs_q8_k,SG2044,decode,examples/kernels/vec_dot/iq2_xs_q8_k.py,quantized_vec_dot_iq2_xs_q8_k,{},"{""lmul_eighths"":32,""partial_combine_policy"":""independent-multilevel"",""pipeline_depth"":1,""record_axis_policy"":""within-record"",""scalar_load_prime"":0,""unroll"":1}",valid-quantized-record-replicated,10,within-tolerance,0,0,3.392023,GOP/s,3.524658,4.164948,0.814421,-3.763,/tmp/weft-band-final-runs.BxYFeq/sg2044-014-iq2_xs_q8_k-decode.log,/tmp/weft-quantized-vec-dot.BUlZ4w,rvv:/tmp/weft-quantized-vec-dot.RK9Y0c
iq3_s_q8_k,SG2044,decode,examples/kernels/vec_dot/iq3_s_q8_k.py,quantized_vec_dot_iq3_s_q8_k,{},"{""lmul_eighths"":32,""partial_combine_policy"":""independent-multilevel"",""pipeline_depth"":1,""record_axis_policy"":""within-record"",""scalar_load_prime"":0,""unroll"":1}",valid-quantized-record-replicated,10,within-tolerance,0,0,1.823094,GOP/s,1.824628,1.193213,1.527886,-0.084,/tmp/weft-band-final-runs.BxYFeq/sg2044-054-iq3_s_q8_k-decode.log,/tmp/weft-quantized-vec-dot.a80KcO,rvv:/tmp/weft-quantized-vec-dot.jFfF8P
iq3_xxs_q8_k,SG2044,decode,examples/kernels/vec_dot/iq3_xxs_q8_k.py,quantized_vec_dot_iq3_xxs_q8_k,{},"{""lmul_eighths"":32,""partial_combine_policy"":""independent-multilevel"",""pipeline_depth"":1,""record_axis_policy"":""within-record"",""scalar_load_prime"":0,""unroll"":1}",valid-quantized-record-replicated,10,within-tolerance,0,0,2.207702,GOP/s,2.396461,2.673523,0.825765,-7.877,/tmp/weft-iq3-flat-runs.t06mR8/sg2044-001-iq3_xxs_q8_k-decode.log,/tmp/weft-quantized-vec-dot.u0ACaK,rvv:/tmp/weft-quantized-vec-dot.oHXWiL
iq4_xs_q8_k,SG2044,decode,examples/kernels/vec_dot/iq4_xs_q8_k.py,quantized_vec_dot_iq4_xs_q8_k,{},"{""lmul_eighths"":8,""partial_combine_policy"":""independent-multilevel"",""pipeline_depth"":1,""record_axis_policy"":""within-record"",""scalar_load_prime"":0,""unroll"":1}",valid-quantized-record-replicated,10,within-tolerance,0.00146484375,2.09938253e-07,6.364725,GOP/s,6.606590,2.694378,2.362224,-3.661,/tmp/weft-band-final-runs.BxYFeq/sg2044-068-iq4_xs_q8_k-decode.log,/tmp/weft-quantized-vec-dot.XrlwAl,rvv:/tmp/weft-quantized-vec-dot.8H12MK
mul_mat_f16,SG2044,prefill,examples/kernels/mul_mat/f16.py,production_mul_mat_f16,"{""KB"":4096,""KC"":4096,""MC"":16,""MR"":4,""NC"":32,""NR"":2}","{""lmul_eighths"":8,""partial_combine_policy"":""independent-multilevel"",""pipeline_depth"":1,""record_axis_policy"":""within-record"",""scalar_load_prime"":0,""unroll"":1}",dense-fixed-values,10,within-tolerance,0.00253677368,0.0015805389,15.674408,GOP/s,15.857677,15.033602,1.042625,-1.156,/tmp/weft-band-final-runs.BxYFeq/sg2044-038-mul_mat_f16-prefill.log,/tmp/weft-mul-mat.Z8rTy1,rvv:/tmp/weft-mul-mat.fNInnr
mul_mat_f32,SG2044,decode,examples/kernels/dense/gemm_f32.py,gemm_f32,"{""MC"":64,""MR"":2,""NC"":16,""NR"":2}","{""lmul_eighths"":16,""partial_combine_policy"":""independent-multilevel"",""pipeline_depth"":1,""record_axis_policy"":""within-record"",""scalar_load_prime"":0,""unroll"":1}",dense-fixed-values,10,within-tolerance,0,0,2.540104,GOP/s,2.553196,1.717123,1.479279,-0.513,/tmp/weft-band-final-runs.BxYFeq/sg2044-053-mul_mat_f32-decode.log,/tmp/weft-mul-mat.y4GqG4,rvv:/tmp/weft-mul-mat.KmQmGM
mul_mat_f32,SG2044,prefill,examples/kernels/dense/gemm_f32.py,gemm_f32,"{""MC"":64,""MR"":4,""NC"":16,""NR"":4}","{""lmul_eighths"":8,""partial_combine_policy"":""independent-multilevel"",""pipeline_depth"":1,""record_axis_policy"":""within-record"",""scalar_load_prime"":0,""unroll"":1}",dense-fixed-values,10,within-tolerance,0,0,8.993214,GOP/s,9.001753,7.432725,1.209948,-0.095,/tmp/weft-band-final-runs.BxYFeq/sg2044-046-mul_mat_f32-prefill.log,/tmp/weft-mul-mat.C5pvV0,rvv:/tmp/weft-mul-mat.KWj0ua
mul_mat_iq1_m,SG2044,decode,examples/kernels/mul_mat/iq1_m_decode.py,production_mul_mat_iq1_m_decode,{},"{""lmul_eighths"":32,""partial_combine_policy"":""independent-multilevel"",""pipeline_depth"":1,""record_axis_policy"":""within-record"",""scalar_load_prime"":0,""unroll"":2}",valid-quantized-record-replicated,10,within-tolerance,0,0,2.185161,GOP/s,2.191551,2.639333,0.827922,-0.292,/tmp/weft-band-final-runs.BxYFeq/sg2044-012-mul_mat_iq1_m-decode.log,/tmp/weft-mul-mat.y1UqPf,rvv:/tmp/weft-mul-mat.UwFcsh
mul_mat_iq1_s,SG2044,decode,examples/kernels/mul_mat/iq1_s_decode.py,production_mul_mat_iq1_s_decode,{},"{""lmul_eighths"":32,""partial_combine_policy"":""independent-multilevel"",""pipeline_depth"":1,""record_axis_policy"":""within-record"",""scalar_load_prime"":0,""unroll"":4}",valid-quantized-record-replicated,10,within-tolerance,0,0,3.822073,GOP/s,3.548349,4.839919,0.789698,7.714,/tmp/weft-band-final-runs.BxYFeq/sg2044-006-mul_mat_iq1_s-decode.log,/tmp/weft-mul-mat.SUgMr8,rvv:/tmp/weft-mul-mat.xt22iL
mul_mat_iq1_s,SG2044,prefill,examples/kernels/mul_mat/iq1_s.py,production_mul_mat_iq1_s,"{""MC"":16,""MR"":1,""NC"":32,""NR"":1}","{""lmul_eighths"":32,""partial_combine_policy"":""independent-multilevel"",""pipeline_depth"":1,""record_axis_policy"":""within-record"",""scalar_load_prime"":0,""unroll"":1}",valid-quantized-record-replicated,10,within-tolerance,0,0,3.132048,GOP/s,3.505333,4.854846,0.645138,-10.649,/tmp/weft-band-final-runs.BxYFeq/sg2044-004-mul_mat_iq1_s-prefill.log,/tmp/weft-mul-mat.TqVdrF,rvv:/tmp/weft-mul-mat.IC9rl3
mul_mat_iq2_s,SG2044,decode,examples/kernels/mul_mat/iq2_s.py,production_mul_mat_iq2_s,{},"{""lmul_eighths"":32,""partial_combine_policy"":""independent-multilevel"",""pipeline_depth"":1,""record_axis_policy"":""within-record"",""scalar_load_prime"":0,""unroll"":1}",valid-quantized-record-replicated,10,within-tolerance,0,0,2.999451,GOP/s,2.278927,2.025036,1.481184,31.617,/tmp/weft-band-final-runs.BxYFeq/sg2044-044-mul_mat_iq2_s-decode.log,/tmp/weft-mul-mat.jKedPM,rvv:/tmp/weft-mul-mat.THQEBk
mul_mat_iq3_s,SG2044,decode,examples/kernels/mul_mat/iq3_s.py,production_mul_mat_iq3_s,{},"{""lmul_eighths"":32,""partial_combine_policy"":""independent-multilevel"",""pipeline_depth"":1,""record_axis_policy"":""within-record"",""scalar_load_prime"":0,""unroll"":1}",valid-quantized-record-replicated,10,within-tolerance,0,0,1.838312,GOP/s,1.832357,1.097783,1.674568,0.325,/tmp/weft-band-final-runs.BxYFeq/sg2044-058-mul_mat_iq3_s-decode.log,/tmp/weft-mul-mat.sgRo2f,rvv:/tmp/weft-mul-mat.vfuni0
mul_mat_iq3_s,SG2044,prefill,examples/kernels/mul_mat/iq3_s.py,production_mul_mat_iq3_s,{},"{""lmul_eighths"":32,""partial_combine_policy"":""independent-multilevel"",""pipeline_depth"":1,""record_axis_policy"":""within-record"",""scalar_load_prime"":0,""unroll"":1}",valid-quantized-record-replicated,10,within-tolerance,0,0,1.830427,GOP/s,1.767709,2.002326,0.914150,3.548,/tmp/weft-band-final-runs.BxYFeq/sg2044-019-mul_mat_iq3_s-prefill.log,/tmp/weft-mul-mat.0eAT89,rvv:/tmp/weft-mul-mat.I4Yqzf
mul_mat_iq3_xxs,SG2044,decode,examples/kernels/mul_mat/iq3_xxs.py,production_mul_mat_iq3_xxs,{},"{""lmul_eighths"":32,""partial_combine_policy"":""independent-multilevel"",""pipeline_depth"":1,""record_axis_policy"":""within-record"",""scalar_load_prime"":0,""unroll"":1}",valid-quantized-record-replicated,10,within-tolerance,0,0,2.892633,GOP/s,2.448096,2.618095,1.104862,18.158,/tmp/weft-iq3-flat-runs.t06mR8/sg2044-002-mul_mat_iq3_xxs-decode.log,/tmp/weft-mul-mat.WhaxN5,rvv:/tmp/weft-mul-mat.FPqpCN
mul_mat_iq3_xxs,SG2044,prefill,examples/kernels/mul_mat/iq3_xxs.py,production_mul_mat_iq3_xxs,{},"{""lmul_eighths"":32,""partial_combine_policy"":""independent-multilevel"",""pipeline_depth"":1,""record_axis_policy"":""within-record"",""scalar_load_prime"":0,""unroll"":1}",valid-quantized-record-replicated,10,within-tolerance,0,0,2.755449,GOP/s,2.439465,2.919829,0.943702,12.953,/tmp/weft-iq3-flat-runs.t06mR8/sg2044-000-mul_mat_iq3_xxs-prefill.log,/tmp/weft-mul-mat.cNm55p,rvv:/tmp/weft-mul-mat.0fNSFo
mul_mat_iq4_nl,SG2044,decode,examples/kernels/mul_mat/iq4_nl_decode.py,production_mul_mat_iq4_nl_decode,{},"{""lmul_eighths"":8,""partial_combine_policy"":""independent-multilevel"",""pipeline_depth"":1,""record_axis_policy"":""within-record"",""scalar_load_prime"":0,""unroll"":1}",valid-quantized-record-replicated,10,within-tolerance,0,0,6.533359,GOP/s,6.534147,6.514902,1.002833,-0.012,/tmp/weft-band-final-runs.BxYFeq/sg2044-029-mul_mat_iq4_nl-decode.log,/tmp/weft-mul-mat.SLNOdP,rvv:/tmp/weft-mul-mat.ciIfyu
mul_mat_iq4_nl,SG2044,prefill,examples/kernels/mul_mat/iq4_nl.py,production_mul_mat_iq4_nl,"{""MC"":16,""MR"":4,""NC"":32,""NR"":2}","{""lmul_eighths"":8,""partial_combine_policy"":""independent-multilevel"",""pipeline_depth"":1,""record_axis_policy"":""within-record"",""scalar_load_prime"":0,""unroll"":1}",valid-quantized-record-replicated,10,within-tolerance,0,0,9.373084,GOP/s,9.383889,6.574506,1.425671,-0.115,/tmp/weft-band-final-runs.BxYFeq/sg2044-052-mul_mat_iq4_nl-prefill.log,/tmp/weft-mul-mat.89sYcQ,rvv:/tmp/weft-mul-mat.56ISW3
mul_mat_iq4_xs,SG2044,decode,examples/kernels/mul_mat/iq4_xs_decode.py,production_mul_mat_iq4_xs_decode,{},"{""lmul_eighths"":8,""partial_combine_policy"":""independent-multilevel"",""pipeline_depth"":1,""record_axis_policy"":""within-record"",""scalar_load_prime"":0,""unroll"":1}",valid-quantized-record-replicated,10,within-tolerance,0.000366210938,1.29730179e-06,7.149235,GOP/s,6.771940,2.696453,2.651348,5.571,/tmp/weft-band-final-runs.BxYFeq/sg2044-069-mul_mat_iq4_xs-decode.log,/tmp/weft-mul-mat.5AqpdO,rvv:/tmp/weft-mul-mat.X9bXko
mul_mat_iq4_xs,SG2044,prefill,examples/kernels/mul_mat/iq4_xs.py,production_mul_mat_iq4_xs,"{""MC"":16,""MR"":2,""NC"":32,""NR"":4}","{""lmul_eighths"":8,""partial_combine_policy"":""independent-multilevel"",""pipeline_depth"":1,""record_axis_policy"":""within-record"",""scalar_load_prime"":0,""unroll"":1}",valid-quantized-record-replicated,10,within-tolerance,0.000549316406,5.91296121e-05,8.984068,GOP/s,8.982014,5.829310,1.541189,0.023,/tmp/weft-band-final-runs.BxYFeq/sg2044-056-mul_mat_iq4_xs-prefill.log,/tmp/weft-mul-mat.PehGxo,rvv:/tmp/weft-mul-mat.WE6s18
mul_mat_mxfp4,SG2044,decode,examples/kernels/mul_mat/mxfp4_decode.py,production_mul_mat_mxfp4_decode,{},"{""lmul_eighths"":8,""partial_combine_policy"":""independent-multilevel"",""pipeline_depth"":1,""record_axis_policy"":""within-record"",""scalar_load_prime"":0,""unroll"":1}",valid-quantized-record-replicated,10,within-tolerance,0,0,6.555159,GOP/s,6.557055,6.219665,1.053941,-0.029,/tmp/weft-band-final-runs.BxYFeq/sg2044-037-mul_mat_mxfp4-decode.log,/tmp/weft-mul-mat.QarcPI,rvv:/tmp/weft-mul-mat.tpmEtZ
mul_mat_mxfp4,SG2044,prefill,examples/kernels/mul_mat/mxfp4.py,production_mul_mat_mxfp4,"{""MC"":16,""MR"":2,""NC"":32,""NR"":4}","{""lmul_eighths"":8,""partial_combine_policy"":""independent-multilevel"",""pipeline_depth"":1,""record_axis_policy"":""within-record"",""scalar_load_prime"":0,""unroll"":1}",valid-quantized-record-replicated,10,within-tolerance,0,0,7.738206,GOP/s,7.729776,6.224872,1.243111,0.109,/tmp/weft-band-final-runs.BxYFeq/sg2044-047-mul_mat_mxfp4-prefill.log,/tmp/weft-mul-mat.QyGoXb,rvv:/tmp/weft-mul-mat.0NilW7
mul_mat_nvfp4,SG2044,decode,examples/kernels/mul_mat/nvfp4_decode.py,production_mul_mat_nvfp4_decode,{},"{""lmul_eighths"":8,""partial_combine_policy"":""independent-multilevel"",""pipeline_depth"":1,""record_axis_policy"":""within-record"",""scalar_load_prime"":0,""unroll"":1}",valid-quantized-record-replicated,10,within-tolerance,0,0,0.600999,GOP/s,0.601073,0.303237,1.981945,-0.012,/tmp/weft-band-final-runs.BxYFeq/sg2044-063-mul_mat_nvfp4-decode.log,/tmp/weft-mul-mat.rhchG1,rvv:/tmp/weft-mul-mat.JZUfqI
mul_mat_nvfp4,SG2044,prefill,examples/kernels/mul_mat/nvfp4.py,production_mul_mat_nvfp4,"{""MC"":16,""MR"":2,""NC"":32,""NR"":4}","{""lmul_eighths"":8,""partial_combine_policy"":""independent-multilevel"",""pipeline_depth"":1,""record_axis_policy"":""within-record"",""scalar_load_prime"":0,""unroll"":1}",valid-quantized-record-replicated,10,within-tolerance,0,0,2.184947,GOP/s,2.184894,0.304350,7.179060,0.002,/tmp/weft-band-final-runs.BxYFeq/sg2044-076-mul_mat_nvfp4-prefill.log,/tmp/weft-mul-mat.AtXzjs,rvv:/tmp/weft-mul-mat.YOif5G
mul_mat_q1_0,SG2044,decode,examples/kernels/mul_mat/q1_0_decode.py,production_mul_mat_q1_0_decode,{},"{""lmul_eighths"":16,""partial_combine_policy"":""independent-multilevel"",""pipeline_depth"":1,""record_axis_policy"":""within-record"",""scalar_load_prime"":0,""unroll"":1}",valid-quantized-record-replicated,10,within-tolerance,0,0,11.683207,GOP/s,11.671501,10.371659,1.126455,0.100,/tmp/weft-band-final-runs.BxYFeq/sg2044-043-mul_mat_q1_0-decode.log,/tmp/weft-mul-mat.yW36zz,rvv:/tmp/weft-mul-mat.bTrRVJ
mul_mat_q1_0,SG2044,prefill,examples/kernels/mul_mat/q1_0.py,production_mul_mat_q1_0,"{""MC"":16,""MR"":2,""NC"":32,""NR"":4}","{""lmul_eighths"":8,""partial_combine_policy"":""independent-multilevel"",""pipeline_depth"":1,""record_axis_policy"":""within-record"",""scalar_load_prime"":0,""unroll"":1}",valid-quantized-record-replicated,10,within-tolerance,0.000793457031,1.63985442e-05,9.414183,GOP/s,9.411224,11.411757,0.824955,0.031,/tmp/weft-band-final-runs.BxYFeq/sg2044-010-mul_mat_q1_0-prefill.log,/tmp/weft-mul-mat.fqW9tO,rvv:/tmp/weft-mul-mat.DgRBO9
mul_mat_q2_k,SG2044,decode,examples/kernels/mul_mat/q2_k_decode.py,production_mul_mat_q2_k_decode,{},"{""lmul_eighths"":8,""partial_combine_policy"":""independent-multilevel"",""pipeline_depth"":1,""record_axis_policy"":""within-record"",""scalar_load_prime"":1,""unroll"":8}",valid-quantized-record-replicated,10,within-tolerance,6.10351562e-05,1.00195261e-07,7.716183,GOP/s,8.173049,9.337415,0.826373,-5.590,/tmp/weft-band-final-runs.BxYFeq/sg2044-018-mul_mat_q2_k-decode.log,/tmp/weft-mul-mat.oj5l7z,rvv:/tmp/weft-mul-mat.slhu6U
mul_mat_q3_k,SG2044,decode,examples/kernels/mul_mat/q3_k_decode.py,production_mul_mat_q3_k_decode,{},"{""lmul_eighths"":32,""partial_combine_policy"":""independent-multilevel"",""pipeline_depth"":1,""record_axis_policy"":""within-record"",""scalar_load_prime"":1,""unroll"":1}",valid-quantized-record-replicated,10,within-tolerance,7.62939453e-05,3.14590394e-07,7.430320,GOP/s,7.433727,7.214206,1.029957,-0.046,/tmp/weft-band-final-runs.BxYFeq/sg2044-033-mul_mat_q3_k-decode.log,/tmp/weft-mul-mat.XNOQqU,rvv:/tmp/weft-mul-mat.sfYY9t
mul_mat_q3_k,SG2044,prefill,examples/kernels/mul_mat/q3_k.py,production_mul_mat_q3_k,"{""MC"":2,""MR"":1,""NC"":32,""NR"":1}","{""lmul_eighths"":32,""partial_combine_policy"":""independent-multilevel"",""pipeline_depth"":1,""record_axis_policy"":""within-record"",""scalar_load_prime"":0,""unroll"":1}",valid-quantized-record-replicated,10,within-tolerance,0.000366210938,1.52754824e-05,7.546875,GOP/s,7.557577,7.174796,1.051859,-0.142,/tmp/weft-band-final-runs.BxYFeq/sg2044-036-mul_mat_q3_k-prefill.log,/tmp/weft-mul-mat.wn227X,rvv:/tmp/weft-mul-mat.8ldZj5
mul_mat_q4_0,SG2044,prefill,examples/kernels/mul_mat/q4_0.py,production_mul_mat_q4_0,"{""MC"":16,""MR"":4,""NC"":32,""NR"":1}","{""lmul_eighths"":8,""partial_combine_policy"":""independent-multilevel"",""pipeline_depth"":2,""record_axis_policy"":""within-record"",""scalar_load_prime"":0,""unroll"":1}",valid-quantized-record-replicated,10,within-tolerance,0,0,10.645049,GOP/s,10.597835,7.560868,1.407914,0.446,/tmp/weft-band-final-runs.BxYFeq/sg2044-049-mul_mat_q4_0-prefill.log,/tmp/weft-mul-mat.ZyToxf,rvv:/tmp/weft-mul-mat.DEBNm9
mul_mat_q4_1,SG2044,decode,examples/kernels/mul_mat/q4_1_decode.py,production_mul_mat_q4_1_decode,{},"{""lmul_eighths"":8,""partial_combine_policy"":""independent-multilevel"",""pipeline_depth"":1,""record_axis_policy"":""within-record"",""scalar_load_prime"":0,""unroll"":1}",valid-quantized-record-replicated,10,within-tolerance,0,0,5.648698,GOP/s,5.636297,6.163456,0.916482,0.220,/tmp/weft-band-final-runs.BxYFeq/sg2044-025-mul_mat_q4_1-decode.log,/tmp/weft-mul-mat.t740kh,rvv:/tmp/weft-mul-mat.QzXVm9
mul_mat_q4_1,SG2044,prefill,examples/kernels/mul_mat/q4_1.py,production_mul_mat_q4_1,"{""MC"":16,""MR"":4,""NC"":32,""NR"":1}","{""lmul_eighths"":8,""partial_combine_policy"":""independent-multilevel"",""pipeline_depth"":1,""record_axis_policy"":""within-record"",""scalar_load_prime"":0,""unroll"":1}",valid-quantized-record-replicated,10,within-tolerance,0,0,6.993579,GOP/s,6.970119,6.264967,1.116299,0.337,/tmp/weft-band-final-runs.BxYFeq/sg2044-040-mul_mat_q4_1-prefill.log,/tmp/weft-mul-mat.rSiCB7,rvv:/tmp/weft-mul-mat.QfXDd4
mul_mat_q4_k,SG2044,decode,examples/kernels/mul_mat/q4_k_decode.py,production_mul_mat_q4_k_decode,{},"{""lmul_eighths"":8,""partial_combine_policy"":""independent-multilevel"",""pipeline_depth"":1,""record_axis_policy"":""within-record"",""scalar_load_prime"":0,""unroll"":8}",valid-quantized-record-replicated,10,within-tolerance,0.000129699707,1.17469838e-06,7.707781,GOP/s,8.251089,9.618902,0.801316,-6.585,/tmp/weft-band-final-runs.BxYFeq/sg2044-015-mul_mat_q4_k-decode.log,/tmp/weft-mul-mat.W8Zm5i,rvv:/tmp/weft-mul-mat.MxeaiP
mul_mat_q5_0,SG2044,decode,examples/kernels/mul_mat/q5_0_decode.py,production_mul_mat_q5_0_decode,{},"{""lmul_eighths"":16,""partial_combine_policy"":""independent-multilevel"",""pipeline_depth"":1,""record_axis_policy"":""within-record"",""scalar_load_prime"":0,""unroll"":1}",valid-quantized-record-replicated,10,within-tolerance,0,0,5.508794,GOP/s,5.527233,5.331145,1.033323,-0.334,/tmp/weft-band-final-runs.BxYFeq/sg2044-035-mul_mat_q5_0-decode.log,/tmp/weft-mul-mat.gOubCJ,rvv:/tmp/weft-mul-mat.XbsygW
mul_mat_q5_0,SG2044,prefill,examples/kernels/mul_mat/q5_0.py,production_mul_mat_q5_0,"{""MC"":16,""MR"":4,""NC"":32,""NR"":2}","{""lmul_eighths"":8,""partial_combine_policy"":""independent-multilevel"",""pipeline_depth"":1,""record_axis_policy"":""within-record"",""scalar_load_prime"":0,""unroll"":1}",valid-quantized-record-replicated,10,within-tolerance,0,0,7.502665,GOP/s,7.510873,5.351731,1.401914,-0.109,/tmp/weft-band-final-runs.BxYFeq/sg2044-050-mul_mat_q5_0-prefill.log,/tmp/weft-mul-mat.AOU7z8,rvv:/tmp/weft-mul-mat.UfJv4P
mul_mat_q5_1,SG2044,prefill,examples/kernels/mul_mat/q5_1.py,production_mul_mat_q5_1,"{""MC"":16,""MR"":4,""NC"":32,""NR"":1}","{""lmul_eighths"":8,""partial_combine_policy"":""independent-multilevel"",""pipeline_depth"":1,""record_axis_policy"":""within-record"",""scalar_load_prime"":0,""unroll"":1}",valid-quantized-record-replicated,10,within-tolerance,0,0,6.165545,GOP/s,6.157461,4.441808,1.388071,0.131,/tmp/weft-band-final-runs.BxYFeq/sg2044-048-mul_mat_q5_1-prefill.log,/tmp/weft-mul-mat.RlHKKm,rvv:/tmp/weft-mul-mat.Gy3yqT
mul_mat_q5_k,SG2044,decode,examples/kernels/mul_mat/q5_k_decode.py,production_mul_mat_q5_k_decode,{},"{""lmul_eighths"":8,""partial_combine_policy"":""independent-multilevel"",""pipeline_depth"":1,""record_axis_policy"":""within-record"",""scalar_load_prime"":0,""unroll"":1}",valid-quantized-record-replicated,10,within-tolerance,6.10351562e-05,1.67281608e-07,4.332224,GOP/s,4.330557,1.154787,3.751535,0.038,/tmp/weft-band-final-runs.BxYFeq/sg2044-070-mul_mat_q5_k-decode.log,/tmp/weft-mul-mat.HH7mWU,rvv:/tmp/weft-mul-mat.Ragqlf
mul_mat_q5_k,SG2044,prefill,examples/kernels/mul_mat/q5_k.py,production_mul_mat_q5_k,"{""MC"":16,""MR"":2,""NC"":32,""NR"":4}","{""lmul_eighths"":8,""partial_combine_policy"":""independent-multilevel"",""pipeline_depth"":1,""record_axis_policy"":""within-record"",""scalar_load_prime"":0,""unroll"":1}",valid-quantized-record-replicated,10,within-tolerance,0.00048828125,3.00342359e-05,7.464719,GOP/s,7.459462,4.099214,1.821012,0.070,/tmp/weft-band-final-runs.BxYFeq/sg2044-062-mul_mat_q5_k-prefill.log,/tmp/weft-mul-mat.iOIIE9,rvv:/tmp/weft-mul-mat.W3hz7i
mul_mat_q6_k,SG2044,decode,examples/kernels/mul_mat/q6_k_decode.py,production_mul_mat_q6_k_decode,{},"{""lmul_eighths"":32,""partial_combine_policy"":""independent-multilevel"",""pipeline_depth"":1,""record_axis_policy"":""within-record"",""scalar_load_prime"":0,""unroll"":2}",valid-quantized-record-replicated,10,within-tolerance,6.10351562e-05,7.83834081e-08,5.150122,GOP/s,5.179186,4.632221,1.111804,-0.561,/tmp/weft-band-final-runs.BxYFeq/sg2044-041-mul_mat_q6_k-decode.log,/tmp/weft-mul-mat.BLOAEZ,rvv:/tmp/weft-mul-mat.NKnFwU
mul_mat_q8_0,SG2044,decode,examples/kernels/mul_mat/q8_0_decode.py,production_mul_mat_q8_0_decode,{},"{""lmul_eighths"":8,""partial_combine_policy"":""independent-multilevel"",""pipeline_depth"":1,""record_axis_policy"":""within-record"",""scalar_load_prime"":0,""unroll"":1}",valid-quantized-record-replicated,10,within-tolerance,0.000137329102,7.89632719e-07,7.349225,GOP/s,7.356041,0.620785,11.838600,-0.093,/tmp/weft-band-final-runs.BxYFeq/sg2044-078-mul_mat_q8_0-decode.log,/tmp/weft-mul-mat.3ZetAP,rvv:/tmp/weft-mul-mat.kR5yTf
mul_mat_q8_0,SG2044,prefill,examples/kernels/mul_mat/q8_0.py,production_mul_mat_q8_0,"{""MC"":16,""MR"":4,""NC"":32,""NR"":2}","{""lmul_eighths"":8,""partial_combine_policy"":""independent-multilevel"",""pipeline_depth"":2,""record_axis_policy"":""within-record"",""scalar_load_prime"":0,""unroll"":1}",valid-quantized-record-replicated,10,within-tolerance,0,0,8.458249,GOP/s,8.473635,4.011235,2.108640,-0.182,/tmp/weft-band-final-runs.BxYFeq/sg2044-065-mul_mat_q8_0-prefill.log,/tmp/weft-mul-mat.V0wUgH,rvv:/tmp/weft-mul-mat.knZsT9
mul_mat_tq1_0,SG2044,decode,examples/kernels/mul_mat/tq1_0_lane16_decode.py,production_mul_mat_tq1_0_lane16_decode,{},"{""lmul_eighths"":16,""partial_combine_policy"":""independent-multilevel"",""pipeline_depth"":1,""record_axis_policy"":""within-record"",""scalar_load_prime"":0,""unroll"":1}",valid-quantized-record-replicated,10,within-tolerance,0,0,5.336275,GOP/s,5.357824,8.015470,0.665747,-0.402,/tmp/weft-band-final-runs.BxYFeq/sg2044-001-mul_mat_tq1_0-decode.log,/tmp/weft-mul-mat.PsjvpL,rvv:/tmp/weft-mul-mat.XNDcEP
mul_mat_tq2_0,SG2044,decode,examples/kernels/mul_mat/tq2_0_decode.py,production_mul_mat_tq2_0_decode,{},"{""lmul_eighths"":8,""partial_combine_policy"":""independent-multilevel"",""pipeline_depth"":1,""record_axis_policy"":""within-record"",""scalar_load_prime"":0,""unroll"":1}",valid-quantized-record-replicated,10,within-tolerance,0,0,10.061044,GOP/s,10.006050,10.885378,0.924271,0.550,/tmp/weft-band-final-runs.BxYFeq/sg2044-026-mul_mat_tq2_0-decode.log,/tmp/weft-mul-mat.IljNcR,rvv:/tmp/weft-mul-mat.pBr0jO
mul_mat_tq2_0,SG2044,prefill,examples/kernels/mul_mat/tq2_0.py,production_mul_mat_tq2_0,"{""MC"":16,""MR"":4,""NC"":32,""NR"":2}","{""lmul_eighths"":8,""partial_combine_policy"":""independent-multilevel"",""pipeline_depth"":1,""record_axis_policy"":""within-record"",""scalar_load_prime"":0,""unroll"":1}",valid-quantized-record-replicated,10,within-tolerance,0,0,20.987152,GOP/s,20.804097,11.988708,1.750577,0.880,/tmp/weft-band-final-runs.BxYFeq/sg2044-060-mul_mat_tq2_0-prefill.log,/tmp/weft-mul-mat.cebt7V,rvv:/tmp/weft-mul-mat.66dLQ7
mxfp4_q8_0,SG2044,decode,examples/kernels/vec_dot/mxfp4_q8_0.py,quantized_vec_dot_mxfp4_q8_0,{},"{""lmul_eighths"":8,""partial_combine_policy"":""independent-multilevel"",""pipeline_depth"":1,""record_axis_policy"":""within-record"",""scalar_load_prime"":0,""unroll"":1}",valid-quantized-record-replicated,10,within-tolerance,0,0,6.439193,GOP/s,6.431963,6.301585,1.021837,0.112,/tmp/weft-band-final-runs.BxYFeq/sg2044-032-mxfp4_q8_0-decode.log,/tmp/weft-quantized-vec-dot.pWePUI,rvv:/tmp/weft-quantized-vec-dot.9szawP
nvfp4_q8_0,SG2044,decode,examples/kernels/vec_dot/nvfp4_q8_0.py,quantized_vec_dot_nvfp4_q8_0,{},"{""lmul_eighths"":8,""partial_combine_policy"":""independent-multilevel"",""pipeline_depth"":1,""record_axis_policy"":""within-record"",""scalar_load_prime"":0,""unroll"":1}",valid-quantized-record-replicated,10,within-tolerance,0,0,0.652510,GOP/s,0.671673,0.302702,2.155618,-2.853,/tmp/weft-band-final-runs.BxYFeq/sg2044-067-nvfp4_q8_0-decode.log,/tmp/weft-quantized-vec-dot.Q5IVnA,rvv:/tmp/weft-quantized-vec-dot.qTgvM5
q1_0_q8_0,SG2044,decode,examples/kernels/vec_dot/q1_0_q8_0.py,quantized_vec_dot_q1_0_q8_0,{},"{""lmul_eighths"":16,""partial_combine_policy"":""independent-multilevel"",""pipeline_depth"":1,""record_axis_policy"":""within-record"",""scalar_load_prime"":0,""unroll"":1}",valid-quantized-record-replicated,10,within-tolerance,0,0,11.619485,GOP/s,11.548994,11.448178,1.014964,0.610,/tmp/weft-band-final-runs.BxYFeq/sg2044-030-q1_0_q8_0-decode.log,/tmp/weft-quantized-vec-dot.dQpsCO,rvv:/tmp/weft-quantized-vec-dot.7JUNnF
q2_k_q8_k,SG2044,decode,examples/kernels/vec_dot/q2_k_q8_k.py,quantized_vec_dot_q2_k_q8_k,{},"{""lmul_eighths"":8,""partial_combine_policy"":""independent-multilevel"",""pipeline_depth"":1,""record_axis_policy"":""within-record"",""scalar_load_prime"":1,""unroll"":8}",valid-quantized-record-replicated,10,within-tolerance,0,0,7.399119,GOP/s,8.121564,9.460538,0.782103,-8.895,/tmp/weft-band-final-runs.BxYFeq/sg2044-016-q2_k_q8_k-decode.log,/tmp/weft-quantized-vec-dot.e2Pt3D,rvv:/tmp/weft-quantized-vec-dot.YPyXRH
q4_1_q8_1,SG2044,decode,examples/kernels/vec_dot/q4_1_q8_1.py,quantized_vec_dot_q4_1_q8_1,{},"{""lmul_eighths"":8,""partial_combine_policy"":""independent-multilevel"",""pipeline_depth"":1,""record_axis_policy"":""within-record"",""scalar_load_prime"":0,""unroll"":1}",valid-quantized-record-replicated,10,within-tolerance,0,0,5.477550,GOP/s,5.471821,6.279975,0.872225,0.105,/tmp/weft-band-final-runs.BxYFeq/sg2044-017-q4_1_q8_1-decode.log,/tmp/weft-quantized-vec-dot.25gsYY,rvv:/tmp/weft-quantized-vec-dot.rPZwEV
q4_k_q8_k,SG2044,decode,examples/kernels/vec_dot/q4_k_q8_k.py,quantized_vec_dot_q4_k_q8_k,{},"{""lmul_eighths"":8,""partial_combine_policy"":""independent-multilevel"",""pipeline_depth"":1,""record_axis_policy"":""within-record"",""scalar_load_prime"":0,""unroll"":8}",valid-quantized-record-replicated,10,within-tolerance,0,0,8.043902,GOP/s,8.093763,10.143147,0.793038,-0.616,/tmp/weft-band-final-runs.BxYFeq/sg2044-007-q4_k_q8_k-decode.log,/tmp/weft-quantized-vec-dot.JloWii,rvv:/tmp/weft-quantized-vec-dot.7BbOm7
q5_0_q8_0,SG2044,decode,examples/kernels/vec_dot/q5_0_q8_0.py,quantized_vec_dot_q5_0_q8_0,{},"{""lmul_eighths"":16,""partial_combine_policy"":""independent-multilevel"",""pipeline_depth"":1,""record_axis_policy"":""within-record"",""scalar_load_prime"":0,""unroll"":1}",valid-quantized-record-replicated,10,within-tolerance,0,0,5.615970,GOP/s,5.607074,5.419456,1.036261,0.159,/tmp/weft-band-final-runs.BxYFeq/sg2044-034-q5_0_q8_0-decode.log,/tmp/weft-quantized-vec-dot.jBR1BY,rvv:/tmp/weft-quantized-vec-dot.TB0wCi
q5_k_q8_k,SG2044,decode,examples/kernels/vec_dot/q5_k_q8_k.py,quantized_vec_dot_q5_k_q8_k,{},"{""lmul_eighths"":8,""partial_combine_policy"":""independent-multilevel"",""pipeline_depth"":1,""record_axis_policy"":""within-record"",""scalar_load_prime"":0,""unroll"":1}",valid-quantized-record-replicated,10,within-tolerance,0.00048828125,1.1541925e-07,4.353254,GOP/s,4.347124,1.156774,3.763271,0.141,/tmp/weft-band-final-runs.BxYFeq/sg2044-071-q5_k_q8_k-decode.log,/tmp/weft-quantized-vec-dot.L8QbCq,rvv:/tmp/weft-quantized-vec-dot.H83M1w
q8_0_q8_0,SG2044,decode,examples/kernels/vec_dot/q8_0_q8_0.py,quantized_vec_dot_q8_0_q8_0,{},"{""lmul_eighths"":8,""partial_combine_policy"":""independent-multilevel"",""pipeline_depth"":1,""record_axis_policy"":""within-record"",""scalar_load_prime"":0,""unroll"":1}",valid-quantized-record-replicated,10,within-tolerance,0,0,7.247669,GOP/s,7.268847,0.668255,10.845664,-0.291,/tmp/weft-band-final-runs.BxYFeq/sg2044-077-q8_0_q8_0-decode.log,/tmp/weft-quantized-vec-dot.OYJ4Zw,rvv:/tmp/weft-quantized-vec-dot.8yWJYt
quantize_row_q8_0,SG2044,prefill,examples/kernels/quantize/q8_0.py,q8_0_quantize,{},"{""lmul_eighths"":32,""partial_combine_policy"":""independent-multilevel"",""pipeline_depth"":1,""record_axis_policy"":""within-record"",""scalar_load_prime"":0,""unroll"":1}",fixed-float-mod31,10,bit-exact,,,773.997019,MEl/s,775.082577,544.531422,1.421400,-0.140,/tmp/weft-band-final-runs.BxYFeq/sg2044-051-quantize_row_q8_0-prefill.log,/tmp/weft-kernel.1sjAOo,rvv:/tmp/weft-kernel.WoVy7F
quantize_row_q8_1,SG2044,prefill,examples/kernels/quantize/q8_1.py,q8_1_quantize,{},"{""lmul_eighths"":64,""partial_combine_policy"":""independent-multilevel"",""pipeline_depth"":1,""record_axis_policy"":""within-record"",""scalar_load_prime"":0,""unroll"":1}",fixed-float-mod31,10,bit-exact,,,537.236159,MEl/s,537.818673,531.554348,1.010689,-0.108,/tmp/weft-band-final-runs.BxYFeq/sg2044-031-quantize_row_q8_1-prefill.log,/tmp/weft-kernel.KArwB2,rvv:/tmp/weft-kernel.j2virP
quantize_row_q8_k,SG2044,prefill,examples/kernels/quantize/q8_k.py,q8_K_quantize,{},"{""lmul_eighths"":16,""partial_combine_policy"":""independent-multilevel"",""pipeline_depth"":1,""record_axis_policy"":""within-record"",""scalar_load_prime"":0,""unroll"":1}",fixed-float-mod31,10,bit-exact,,,474.051172,MEl/s,474.472949,532.877220,0.889607,-0.089,/tmp/weft-band-final-runs.BxYFeq/sg2044-020-quantize_row_q8_k-prefill.log,/tmp/weft-kernel.jk4LJ1,rvv:/tmp/weft-kernel.L4OWph
tq1_0_q8_k,SG2044,decode,examples/kernels/vec_dot/tq1_0_q8_k_lane16.py,quantized_vec_dot_tq1_0_q8_k_lane16,{},"{""lmul_eighths"":16,""partial_combine_policy"":""independent-multilevel"",""pipeline_depth"":1,""record_axis_policy"":""within-record"",""scalar_load_prime"":0,""unroll"":1}",valid-quantized-record-replicated,10,within-tolerance,0,0,5.300012,GOP/s,5.290342,8.123996,0.652390,0.183,/tmp/weft-band-final-runs.BxYFeq/sg2044-000-tq1_0_q8_k-decode.log,/tmp/weft-quantized-vec-dot.LI7gHc,rvv:/tmp/weft-quantized-vec-dot.yoZSai
tq2_0_q8_k,SG2044,decode,examples/kernels/vec_dot/tq2_0_q8_k.py,quantized_vec_dot_tq2_0_q8_k,{},"{""lmul_eighths"":8,""partial_combine_policy"":""independent-multilevel"",""pipeline_depth"":1,""record_axis_policy"":""within-record"",""scalar_load_prime"":0,""unroll"":1}",valid-quantized-record-replicated,10,within-tolerance,0,0,9.963113,GOP/s,9.959279,11.025345,0.903655,0.038,/tmp/weft-band-final-runs.BxYFeq/sg2044-023-tq2_0_q8_k-decode.log,/tmp/weft-quantized-vec-dot.CuQwy0,rvv:/tmp/weft-quantized-vec-dot.vbZB1Y
