runner,request,entry,compiler_arguments,status,numeric,repetitions,cold_median_us,cold_median_ms,cold_gop_s,cold_melements_s,melements_s,same_generated_c,stable_final_replay,reason
weft-kernel.sh,k1 gemm_f32,dense/gemm_f32.py,--march=rv64gcv_zfh_zvfh_zicbop_zihintpause_zba --abi=lp64d --vlen-bits=256 --meta MC=64 --meta NC=16 --meta MR=2 --meta NR=2 --matrix-extension=none,PASS,within-tolerance,10,1689662.765,,2.541908,,,True,True,
weft-kernel.sh,k1 gemv_f32,dense/gemv_f32.py,--march=rv64gcv_zfh_zvfh_zicbop_zihintpause_zba --abi=lp64d --vlen-bits=256 --meta MR=4 --meta KB=64 --matrix-extension=none,PASS,within-tolerance,10,97820.075,,1.200577,,,True,True,
weft-kernel.sh,k1 ime_i8_contract,dense/ime_i8_contract.py,--march=rv64gcv_zfh_zvfh_zicbop_zihintpause_zba --abi=lp64d --vlen-bits=256 --meta MR=4 --meta NR=4 --meta KB=8 --matrix-extension=spacemit-ime1,PASS,exact,10,,,,,,True,True,
weft-kernel.sh,k1 q4_k_gemv,gemv/q4_k.py,--march=rv64gcv_zfh_zvfh_zicbop_zihintpause_zba --abi=lp64d --vlen-bits=256 --matrix-extension=none,PASS,within-tolerance,10,44874.882,,2.617066,,,True,True,
weft-kernel.sh,k1 q4_k_gemv_groups4,gemv/q4_k_groups4.py,--march=rv64gcv_zfh_zvfh_zicbop_zihintpause_zba --abi=lp64d --vlen-bits=256 --matrix-extension=none,PASS,within-tolerance,10,39728.467,,2.956080,,,True,True,
weft-kernel.sh,k1 q8_0_quantize,quantize/q8_0.py,--march=rv64gcv_zfh_zvfh_zicbop_zihintpause_zba --abi=lp64d --vlen-bits=256 --matrix-extension=none,PASS,bit-exact,10,,4.411476,,,415.962367,True,True,
weft-kernel.sh,k1 q8_1_quantize,quantize/q8_1.py,--march=rv64gcv_zfh_zvfh_zicbop_zihintpause_zba --abi=lp64d --vlen-bits=256 --matrix-extension=none,PASS,bit-exact,10,,4.887212,,,375.471332,True,True,
weft-kernel.sh,k1 q8_K_quantize,quantize/q8_k.py,--march=rv64gcv_zfh_zvfh_zicbop_zihintpause_zba --abi=lp64d --vlen-bits=256 --auto-lmul-eighths 16 --matrix-extension=none,PASS,bit-exact,10,,6.303336,,,291.116958,True,True,
weft-mul-mat.sh,k1 f16 decode,mul_mat/f16.py,--march=rv64gcv_zfh_zvfh_zicbop_zihintpause_zba --abi=lp64d --vlen-bits=256 --meta NC=32 --meta KC=4096 --meta MC=16 --meta MR=2 --meta NR=2 --meta KB=4096 --auto-lmul-eighths=16,PASS,within-tolerance,10,9880.099,,3.396164,,,True,True,
weft-mul-mat.sh,k1 f16 prefill,mul_mat/f16.py,--march=rv64gcv_zfh_zvfh_zicbop_zihintpause_zba --abi=lp64d --vlen-bits=256 --meta NC=32 --meta KC=4096 --meta MC=16 --meta MR=2 --meta NR=2 --meta KB=4096 --auto-lmul-eighths=16,PASS,within-tolerance,10,741763.383,,5.790212,,,True,True,
weft-mul-mat.sh,k1 f32 decode,dense/gemm_f32.py,--march=rv64gcv_zfh_zvfh_zicbop_zihintpause_zba --abi=lp64d --vlen-bits=256 --meta NC=64 --meta MC=64 --meta NR=1 --meta MR=2 --auto-lmul-eighths=32,PASS,within-tolerance,10,16146.606,,2.078110,,,True,True,
weft-mul-mat.sh,k1 f32 prefill,dense/gemm_f32.py,--march=rv64gcv_zfh_zvfh_zicbop_zihintpause_zba --abi=lp64d --vlen-bits=256 --meta NC=16 --meta MC=64 --meta NR=4 --meta MR=4 --auto-lmul-eighths=8,PASS,within-tolerance,10,1114916.927,,3.852276,,,True,True,
weft-mul-mat.sh,k1 iq1_m decode,mul_mat/iq1_m_decode.py,--march=rv64gcv_zfh_zvfh_zicbop_zihintpause_zba --abi=lp64d --vlen-bits=256 --auto-lmul-eighths=16 --auto-unroll=1 --auto-pipeline-depth=1,PASS,within-tolerance,10,39623.084,,0.846840,,,True,True,
weft-mul-mat.sh,k1 iq1_m prefill,mul_mat/iq1_m.py,--march=rv64gcv_zfh_zvfh_zicbop_zihintpause_zba --abi=lp64d --vlen-bits=256 --meta NC=32 --meta MC=16 --meta MR=4 --meta NR=4 --auto-lmul-eighths=16 --auto-unroll=1 --auto-pipeline-depth=1,PASS,within-tolerance,10,2738462.590,,1.568386,,,True,True,
weft-mul-mat.sh,k1 iq1_s decode,mul_mat/iq1_s_decode.py,--march=rv64gcv_zfh_zvfh_zicbop_zihintpause_zba --abi=lp64d --vlen-bits=256 --auto-lmul-eighths=32 --auto-unroll=4 --auto-pipeline-depth=1,PASS,within-tolerance,10,16411.813,,2.044529,,,True,True,
weft-mul-mat.sh,k1 iq1_s prefill,mul_mat/iq1_s.py,--march=rv64gcv_zfh_zvfh_zicbop_zihintpause_zba --abi=lp64d --vlen-bits=256 --meta NC=32 --meta MC=16 --meta MR=4 --meta NR=4 --auto-lmul-eighths=16 --auto-unroll=1 --auto-pipeline-depth=1,PASS,within-tolerance,10,1505790.544,,2.852301,,,True,True,
weft-mul-mat.sh,k1 iq2_s decode,mul_mat/iq2_s.py,--march=rv64gcv_zfh_zvfh_zicbop_zihintpause_zba --abi=lp64d --vlen-bits=256 --auto-lmul-eighths=16 --auto-unroll=1 --auto-pipeline-depth=1,PASS,within-tolerance,10,17814.355,,1.883561,,,True,True,
weft-mul-mat.sh,k1 iq2_s prefill,mul_mat/iq2_s_staged.py,--march=rv64gcv_zfh_zvfh_zicbop_zihintpause_zba --abi=lp64d --vlen-bits=256 --meta NC=512 --meta KC=1024 --meta MC=8 --meta MR=8 --meta NR=3 --auto-lmul-eighths=8 --auto-unroll=1 --auto-pipeline-depth=1,UNCHANGED_REJECTION,,10,,,,,,,,error: nested scaled contraction has no legal full-product carrier under the target resource contract
weft-mul-mat.sh,k1 iq2_xs decode,mul_mat/iq2_xs.py,--march=rv64gcv_zfh_zvfh_zicbop_zihintpause_zba --abi=lp64d --vlen-bits=256 --meta NR=1 --auto-lmul-eighths=32 --auto-unroll=1 --auto-pipeline-depth=1,PASS,within-tolerance,10,15365.224,,2.183791,,,True,True,
weft-mul-mat.sh,k1 iq2_xs prefill,mul_mat/iq2_xs_staged.py,--march=rv64gcv_zfh_zvfh_zicbop_zihintpause_zba --abi=lp64d --vlen-bits=256 --meta NC=64 --meta KC=512 --meta MC=8 --meta MR=4 --meta NR=2 --auto-lmul-eighths=8 --auto-unroll=1 --auto-pipeline-depth=1,UNCHANGED_REJECTION,,10,,,,,,,,error: nested scaled contraction has no legal full-product carrier under the target resource contract
weft-mul-mat.sh,k1 iq2_xxs decode,mul_mat/iq2_xxs_decode.py,--march=rv64gcv_zfh_zvfh_zicbop_zihintpause_zba --abi=lp64d --vlen-bits=256 --auto-lmul-eighths=32 --auto-unroll=4 --auto-pipeline-depth=1,PASS,within-tolerance,10,20368.149,,1.647397,,,True,True,
weft-mul-mat.sh,k1 iq2_xxs prefill,mul_mat/iq2_xxs_staged.py,--march=rv64gcv_zfh_zvfh_zicbop_zihintpause_zba --abi=lp64d --vlen-bits=256 --meta NC=64 --meta KC=512 --meta MC=8 --meta MR=1 --meta NR=2 --auto-lmul-eighths=8 --auto-unroll=1 --auto-pipeline-depth=1,PASS,within-tolerance,10,2874537.803,,1.494142,,,True,True,
weft-mul-mat.sh,k1 iq3_s decode,mul_mat/iq3_s.py,--march=rv64gcv_zfh_zvfh_zicbop_zihintpause_zba --abi=lp64d --vlen-bits=256 --auto-lmul-eighths=16 --auto-unroll=1 --auto-pipeline-depth=1,PASS,within-tolerance,10,18136.921,,1.850062,,,True,True,
weft-mul-mat.sh,k1 iq3_s prefill,mul_mat/iq3_s.py,--march=rv64gcv_zfh_zvfh_zicbop_zihintpause_zba --abi=lp64d --vlen-bits=256 --auto-lmul-eighths=16 --auto-unroll=1 --auto-pipeline-depth=1,PASS,within-tolerance,10,2320601.098,,1.850799,,,True,True,
weft-mul-mat.sh,k1 iq3_xxs decode,mul_mat/iq3_xxs.py,--march=rv64gcv_zfh_zvfh_zicbop_zihintpause_zba --abi=lp64d --vlen-bits=256 --auto-lmul-eighths=16 --auto-unroll=1 --auto-pipeline-depth=1,PASS,within-tolerance,10,27179.705,,1.234540,,,True,True,
weft-mul-mat.sh,k1 iq3_xxs prefill,mul_mat/iq3_xxs.py,--march=rv64gcv_zfh_zvfh_zicbop_zihintpause_zba --abi=lp64d --vlen-bits=256 --auto-lmul-eighths=16 --auto-unroll=1 --auto-pipeline-depth=1,PASS,within-tolerance,10,3477857.179,,1.234946,,,True,True,
weft-mul-mat.sh,k1 iq4_nl decode,mul_mat/iq4_nl_decode.py,--march=rv64gcv_zfh_zvfh_zicbop_zihintpause_zba --abi=lp64d --vlen-bits=256 --auto-unroll=1 --auto-pipeline-depth=1,PASS,within-tolerance,10,14445.990,,2.322751,,,True,True,
weft-mul-mat.sh,k1 iq4_nl prefill,mul_mat/iq4_nl.py,--march=rv64gcv_zfh_zvfh_zicbop_zihintpause_zba --abi=lp64d --vlen-bits=256 --meta NC=32 --meta MC=16 --meta MR=4 --meta NR=2 --auto-unroll=1 --auto-pipeline-depth=1,PASS,within-tolerance,10,1556184.455,,2.759935,,,True,True,
weft-mul-mat.sh,k1 iq4_xs decode,mul_mat/iq4_xs_decode.py,--march=rv64gcv_zfh_zvfh_zicbop_zihintpause_zba --abi=lp64d --vlen-bits=256 --auto-unroll=1 --auto-pipeline-depth=1,PASS,within-tolerance,10,12804.626,,2.620493,,,True,True,
weft-mul-mat.sh,k1 iq4_xs prefill,mul_mat/iq4_xs.py,--march=rv64gcv_zfh_zvfh_zicbop_zihintpause_zba --abi=lp64d --vlen-bits=256 --meta NC=32 --meta MC=16 --meta MR=2 --meta NR=4 --auto-unroll=1 --auto-pipeline-depth=1,PASS,within-tolerance,10,1792987.183,,2.395426,,,True,True,
weft-mul-mat.sh,k1 mxfp4 decode,mul_mat/mxfp4_decode.py,--march=rv64gcv_zfh_zvfh_zicbop_zihintpause_zba --abi=lp64d --vlen-bits=256 --auto-unroll=1 --auto-pipeline-depth=1,PASS,within-tolerance,10,14511.853,,2.312209,,,True,True,
weft-mul-mat.sh,k1 mxfp4 prefill,mul_mat/mxfp4.py,--march=rv64gcv_zfh_zvfh_zicbop_zihintpause_zba --abi=lp64d --vlen-bits=256 --meta NC=32 --meta MC=16 --meta MR=2 --meta NR=4 --auto-unroll=1 --auto-pipeline-depth=1,PASS,within-tolerance,10,1478096.098,,2.905743,,,True,True,
weft-mul-mat.sh,k1 nvfp4 decode,mul_mat/nvfp4_decode.py,--march=rv64gcv_zfh_zvfh_zicbop_zihintpause_zba --abi=lp64d --vlen-bits=256 --auto-unroll=1 --auto-pipeline-depth=1,PASS,within-tolerance,10,35472.006,,0.945941,,,True,True,
weft-mul-mat.sh,k1 nvfp4 prefill,mul_mat/nvfp4.py,--march=rv64gcv_zfh_zvfh_zicbop_zihintpause_zba --abi=lp64d --vlen-bits=256 --meta NC=32 --meta MC=16 --meta MR=2 --meta NR=4 --auto-unroll=1 --auto-pipeline-depth=1,PASS,within-tolerance,10,4088194.169,,1.050578,,,True,True,
weft-mul-mat.sh,k1 q1_0 decode,mul_mat/q1_0_decode.py,--march=rv64gcv_zfh_zvfh_zicbop_zihintpause_zba --abi=lp64d --vlen-bits=256 --auto-lmul-eighths=8 --auto-unroll=4 --auto-pipeline-depth=1,PASS,within-tolerance,10,7387.751,,4.541901,,,True,True,
weft-mul-mat.sh,k1 q1_0 prefill,mul_mat/q1_0.py,--march=rv64gcv_zfh_zvfh_zicbop_zihintpause_zba --abi=lp64d --vlen-bits=256 --meta NC=32 --meta MC=16 --meta MR=2 --meta NR=4 --auto-unroll=1 --auto-pipeline-depth=1,UNCHANGED_REJECTION,,10,,,,,,,,error: 'weft_riscv.rvv_storage_window' op layered RVV storage window requires one byte-aligned contiguous lane window inside a storage layer
weft-mul-mat.sh,k1 q2_k decode,mul_mat/q2_k_decode.py,--march=rv64gcv_zfh_zvfh_zicbop_zihintpause_zba --abi=lp64d --vlen-bits=256 --auto-unroll=8 --auto-pipeline-depth=1,PASS,within-tolerance,10,9828.155,,3.414113,,,True,True,
weft-mul-mat.sh,k1 q2_k prefill,mul_mat/q2_k.py,--march=rv64gcv_zfh_zvfh_zicbop_zihintpause_zba --abi=lp64d --vlen-bits=256 --meta NC=32 --meta MC=32 --meta MR=1 --meta NR=2 --auto-lmul-eighths=8 --auto-unroll=4 --auto-pipeline-depth=1,PASS,within-tolerance,10,1465716.109,,2.930286,,,True,True,
weft-mul-mat.sh,k1 q3_k decode,mul_mat/q3_k_decode.py,--march=rv64gcv_zfh_zvfh_zicbop_zihintpause_zba --abi=lp64d --vlen-bits=256 --auto-lmul-eighths=16 --auto-unroll=1 --auto-pipeline-depth=1,PASS,within-tolerance,10,11660.283,,2.877669,,,True,True,
weft-mul-mat.sh,k1 q3_k prefill,mul_mat/q3_k.py,--march=rv64gcv_zfh_zvfh_zicbop_zihintpause_zba --abi=lp64d --vlen-bits=256 --meta NC=32 --meta MC=8 --meta MR=1 --meta NR=1 --auto-lmul-eighths=32 --auto-unroll=1 --auto-pipeline-depth=1,PASS,within-tolerance,10,1622233.522,,2.647564,,,True,True,
weft-mul-mat.sh,k1 q4_0 decode,mul_mat/q4_0_decode.py,--march=rv64gcv_zfh_zvfh_zicbop_zihintpause_zba --abi=lp64d --vlen-bits=256 --auto-unroll=1 --auto-pipeline-depth=1,PASS,within-tolerance,10,13118.513,,2.557792,,,True,True,
weft-mul-mat.sh,k1 q4_0 prefill,mul_mat/q4_0.py,--march=rv64gcv_zfh_zvfh_zicbop_zihintpause_zba --abi=lp64d --vlen-bits=256 --meta NC=32 --meta MC=16 --meta MR=4 --meta NR=2 --auto-unroll=1 --auto-pipeline-depth=2,PASS,within-tolerance,10,1810538.726,,2.372204,,,True,True,
weft-mul-mat.sh,k1 q4_1 decode,mul_mat/q4_1_decode.py,--march=rv64gcv_zfh_zvfh_zicbop_zihintpause_zba --abi=lp64d --vlen-bits=256 --auto-unroll=1 --auto-pipeline-depth=1,PASS,within-tolerance,10,14940.007,,2.245945,,,True,True,
weft-mul-mat.sh,k1 q4_1 prefill,mul_mat/q4_1.py,--march=rv64gcv_zfh_zvfh_zicbop_zihintpause_zba --abi=lp64d --vlen-bits=256 --meta NC=32 --meta MC=16 --meta MR=4 --meta NR=2 --auto-unroll=1 --auto-pipeline-depth=1,PASS,within-tolerance,10,2098250.505,,2.046928,,,True,True,
weft-mul-mat.sh,k1 q4_k decode,mul_mat/q4_k_decode.py,--march=rv64gcv_zfh_zvfh_zicbop_zihintpause_zba --abi=lp64d --vlen-bits=256 --auto-unroll=8 --auto-pipeline-depth=1,PASS,within-tolerance,10,9387.185,,3.574494,,,True,True,
weft-mul-mat.sh,k1 q4_k prefill,mul_mat/q4_k_staged.py,--march=rv64gcv_zfh_zvfh_zicbop_zihintpause_zba --abi=lp64d --vlen-bits=256 --meta NC=64 --meta KC=512 --meta MC=8 --meta MR=2 --auto-lmul-eighths=16 --auto-unroll=2 --auto-pipeline-depth=1,PASS,within-tolerance,10,1064968.351,,4.032953,,,True,True,
weft-mul-mat.sh,k1 q5_0 decode,mul_mat/q5_0_decode.py,--march=rv64gcv_zfh_zvfh_zicbop_zihintpause_zba --abi=lp64d --vlen-bits=256 --auto-lmul-eighths=8 --auto-unroll=1 --auto-pipeline-depth=1,PASS,within-tolerance,10,14721.416,,2.279294,,,True,True,
weft-mul-mat.sh,k1 q5_0 prefill,mul_mat/q5_0.py,--march=rv64gcv_zfh_zvfh_zicbop_zihintpause_zba --abi=lp64d --vlen-bits=256 --meta NC=32 --meta MC=16 --meta MR=4 --meta NR=2 --auto-lmul-eighths=8 --auto-unroll=1 --auto-pipeline-depth=1,PASS,within-tolerance,10,1487609.868,,2.887160,,,True,True,
weft-mul-mat.sh,k1 q5_1 decode,mul_mat/q5_1_decode.py,--march=rv64gcv_zfh_zvfh_zicbop_zihintpause_zba --abi=lp64d --vlen-bits=256 --auto-lmul-eighths=8 --auto-unroll=1 --auto-pipeline-depth=1,PASS,within-tolerance,10,16269.984,,2.062352,,,True,True,
weft-mul-mat.sh,k1 q5_1 prefill,mul_mat/q5_1.py,--march=rv64gcv_zfh_zvfh_zicbop_zihintpause_zba --abi=lp64d --vlen-bits=256 --meta NC=32 --meta MC=16 --meta MR=4 --meta NR=2 --auto-unroll=1 --auto-pipeline-depth=1,PASS,within-tolerance,10,2292024.600,,1.873875,,,True,True,
weft-mul-mat.sh,k1 q5_k decode,mul_mat/q5_k_decode.py,--march=rv64gcv_zfh_zvfh_zicbop_zihintpause_zba --abi=lp64d --vlen-bits=256 --auto-unroll=1 --auto-pipeline-depth=1,PASS,within-tolerance,10,19674.266,,1.705499,,,True,True,
weft-mul-mat.sh,k1 q5_k prefill,mul_mat/q5_k.py,--march=rv64gcv_zfh_zvfh_zicbop_zihintpause_zba --abi=lp64d --vlen-bits=256 --meta NC=32 --meta MC=16 --meta MR=2 --meta NR=4 --auto-unroll=1 --auto-pipeline-depth=1,PASS,within-tolerance,10,1734734.692,,2.475864,,,True,True,
weft-mul-mat.sh,k1 q6_k decode,mul_mat/q6_k_decode.py,--march=rv64gcv_zfh_zvfh_zicbop_zihintpause_zba --abi=lp64d --vlen-bits=256 --auto-lmul-eighths=32 --auto-unroll=2 --auto-pipeline-depth=1,PASS,within-tolerance,10,13665.220,,2.455462,,,True,True,
weft-mul-mat.sh,k1 q6_k prefill,mul_mat/q6_k.py,--march=rv64gcv_zfh_zvfh_zicbop_zihintpause_zba --abi=lp64d --vlen-bits=256 --meta NC=64 --meta MC=16 --meta MR=4 --meta NR=2 --auto-lmul-eighths=32 --auto-unroll=4 --auto-pipeline-depth=1,PASS,within-tolerance,10,2059493.811,,2.085448,,,True,True,
weft-mul-mat.sh,k1 q8_0 decode,mul_mat/q8_0_decode.py,--march=rv64gcv_zfh_zvfh_zicbop_zihintpause_zba --abi=lp64d --vlen-bits=256 --auto-unroll=1 --auto-pipeline-depth=1,PASS,within-tolerance,10,12639.215,,2.654788,,,True,True,
weft-mul-mat.sh,k1 q8_0 prefill,mul_mat/q8_0.py,--march=rv64gcv_zfh_zvfh_zicbop_zihintpause_zba --abi=lp64d --vlen-bits=256 --meta NC=32 --meta MC=16 --meta MR=4 --meta NR=2 --auto-unroll=1 --auto-pipeline-depth=2,PASS,within-tolerance,10,1919361.001,,2.237707,,,True,True,
weft-mul-mat.sh,k1 tq1_0 decode,mul_mat/tq1_0_decode.py,--march=rv64gcv_zfh_zvfh_zicbop_zihintpause_zba --abi=lp64d --vlen-bits=256 --auto-unroll=1 --auto-pipeline-depth=1 --auto-lmul-eighths=8,PASS,within-tolerance,10,10358.396,,3.239346,,,True,True,
weft-mul-mat.sh,k1 tq1_0 prefill,mul_mat/tq1_0.py,--march=rv64gcv_zfh_zvfh_zicbop_zihintpause_zba --abi=lp64d --vlen-bits=256 --meta NC=32 --meta MC=16 --meta MR=4 --meta NR=2 --auto-unroll=1 --auto-pipeline-depth=1 --auto-lmul-eighths=8,PASS,within-tolerance,10,991803.995,,4.330460,,,True,True,
weft-mul-mat.sh,k1 tq2_0 decode,mul_mat/tq2_0_decode.py,--march=rv64gcv_zfh_zvfh_zicbop_zihintpause_zba --abi=lp64d --vlen-bits=256 --auto-unroll=1 --auto-pipeline-depth=1,PASS,within-tolerance,10,5352.751,,6.268634,,,True,True,
weft-mul-mat.sh,k1 tq2_0 prefill,mul_mat/tq2_0.py,--march=rv64gcv_zfh_zvfh_zicbop_zihintpause_zba --abi=lp64d --vlen-bits=256 --meta NC=32 --meta MC=16 --meta MR=4 --meta NR=2 --auto-unroll=1 --auto-pipeline-depth=1,PASS,within-tolerance,10,662660.313,,6.481401,,,True,True,
weft-quantized-vec-dot.sh,k1 iq1_m,vec_dot/iq1_m_q8_k.py,--march=rv64gcv_zfh_zvfh_zicbop_zihintpause_zba --abi=lp64d --vlen-bits=256 --auto-lmul-eighths 16 --auto-unroll 1 --auto-pipeline-depth 1,PASS,within-tolerance,10,136452.579,,0.860669,,,True,True,
weft-quantized-vec-dot.sh,k1 iq1_s,vec_dot/iq1_s_q8_k.py,--march=rv64gcv_zfh_zvfh_zicbop_zihintpause_zba --abi=lp64d --vlen-bits=256 --auto-lmul-eighths 32 --auto-unroll 4 --auto-pipeline-depth 1,PASS,within-tolerance,10,57966.887,,2.025993,,,True,True,
weft-quantized-vec-dot.sh,k1 iq2_s,vec_dot/iq2_s_q8_k.py,--march=rv64gcv_zfh_zvfh_zicbop_zihintpause_zba --abi=lp64d --vlen-bits=256 --auto-lmul-eighths 16 --auto-unroll 1 --auto-pipeline-depth 1,PASS,within-tolerance,10,62640.053,,1.874847,,,True,True,
weft-quantized-vec-dot.sh,k1 iq2_xs,vec_dot/iq2_xs_q8_k.py,--march=rv64gcv_zfh_zvfh_zicbop_zihintpause_zba --abi=lp64d --vlen-bits=256 --auto-lmul-eighths 32 --auto-unroll 1 --auto-pipeline-depth 1,PASS,within-tolerance,10,54066.245,,2.172160,,,True,True,
weft-quantized-vec-dot.sh,k1 iq2_xxs,vec_dot/iq2_xxs_q8_k.py,--march=rv64gcv_zfh_zvfh_zicbop_zihintpause_zba --abi=lp64d --vlen-bits=256 --auto-lmul-eighths 32 --auto-unroll 4 --auto-pipeline-depth 1,PASS,within-tolerance,10,70241.269,,1.671959,,,True,True,
weft-quantized-vec-dot.sh,k1 iq3_s,vec_dot/iq3_s_q8_k.py,--march=rv64gcv_zfh_zvfh_zicbop_zihintpause_zba --abi=lp64d --vlen-bits=256 --auto-lmul-eighths 16 --auto-unroll 1 --auto-pipeline-depth 1,PASS,within-tolerance,10,63518.539,,1.848917,,,True,True,
weft-quantized-vec-dot.sh,k1 iq3_xxs,vec_dot/iq3_xxs_q8_k.py,--march=rv64gcv_zfh_zvfh_zicbop_zihintpause_zba --abi=lp64d --vlen-bits=256 --auto-lmul-eighths 16 --auto-unroll 1 --auto-pipeline-depth 1,PASS,within-tolerance,10,95687.538,,1.227333,,,True,True,
weft-quantized-vec-dot.sh,k1 iq4_nl,vec_dot/iq4_nl_q8_0.py,--march=rv64gcv_zfh_zvfh_zicbop_zihintpause_zba --abi=lp64d --vlen-bits=256,PASS,within-tolerance,10,49415.391,,2.376598,,,True,True,
weft-quantized-vec-dot.sh,k1 iq4_xs,vec_dot/iq4_xs_q8_k.py,--march=rv64gcv_zfh_zvfh_zicbop_zihintpause_zba --abi=lp64d --vlen-bits=256,PASS,within-tolerance,10,44662.243,,2.629526,,,True,True,
weft-quantized-vec-dot.sh,k1 mxfp4,vec_dot/mxfp4_q8_0.py,--march=rv64gcv_zfh_zvfh_zicbop_zihintpause_zba --abi=lp64d --vlen-bits=256,PASS,within-tolerance,10,49515.124,,2.371811,,,True,True,
weft-quantized-vec-dot.sh,k1 nvfp4,vec_dot/nvfp4_q8_0.py,--march=rv64gcv_zfh_zvfh_zicbop_zihintpause_zba --abi=lp64d --vlen-bits=256,PASS,within-tolerance,10,124241.386,,0.945261,,,True,True,
weft-quantized-vec-dot.sh,k1 q1_0,vec_dot/q1_0_q8_0.py,--march=rv64gcv_zfh_zvfh_zicbop_zihintpause_zba --abi=lp64d --vlen-bits=256 --auto-lmul-eighths 8 --auto-unroll 4 --auto-pipeline-depth 1,PASS,within-tolerance,10,25882.556,,4.537439,,,True,True,
weft-quantized-vec-dot.sh,k1 q2_k,vec_dot/q2_k_q8_k.py,--march=rv64gcv_zfh_zvfh_zicbop_zihintpause_zba --abi=lp64d --vlen-bits=256 --auto-unroll 8 --auto-pipeline-depth 1,PASS,within-tolerance,10,34046.164,,3.449449,,,True,True,
weft-quantized-vec-dot.sh,k1 q3_k,vec_dot/q3_k_q8_k.py,--march=rv64gcv_zfh_zvfh_zicbop_zihintpause_zba --abi=lp64d --vlen-bits=256 --auto-lmul-eighths 16 --auto-unroll 1 --auto-pipeline-depth 1,PASS,within-tolerance,10,40935.816,,2.868894,,,True,True,
weft-quantized-vec-dot.sh,k1 q4_0,vec_dot/q4_0_q8_0.py,--march=rv64gcv_zfh_zvfh_zicbop_zihintpause_zba --abi=lp64d --vlen-bits=256,PASS,within-tolerance,10,45855.906,,2.561077,,,True,True,
weft-quantized-vec-dot.sh,k1 q4_1,vec_dot/q4_1_q8_1.py,--march=rv64gcv_zfh_zvfh_zicbop_zihintpause_zba --abi=lp64d --vlen-bits=256,PASS,within-tolerance,10,52305.691,,2.245272,,,True,True,
weft-quantized-vec-dot.sh,k1 q4_k,vec_dot/q4_k_q8_k.py,--march=rv64gcv_zfh_zvfh_zicbop_zihintpause_zba --abi=lp64d --vlen-bits=256 --auto-unroll 8 --auto-pipeline-depth 1,PASS,within-tolerance,10,32798.333,,3.580685,,,True,True,
weft-quantized-vec-dot.sh,k1 q5_0,vec_dot/q5_0_q8_0.py,--march=rv64gcv_zfh_zvfh_zicbop_zihintpause_zba --abi=lp64d --vlen-bits=256 --auto-lmul-eighths 8 --auto-unroll 1 --auto-pipeline-depth 1,PASS,within-tolerance,10,51559.876,,2.277750,,,True,True,
weft-quantized-vec-dot.sh,k1 q5_1,vec_dot/q5_1_q8_1.py,--march=rv64gcv_zfh_zvfh_zicbop_zihintpause_zba --abi=lp64d --vlen-bits=256 --auto-lmul-eighths 8 --auto-unroll 1 --auto-pipeline-depth 1,PASS,within-tolerance,10,56916.542,,2.063381,,,True,True,
weft-quantized-vec-dot.sh,k1 q5_k,vec_dot/q5_k_q8_k.py,--march=rv64gcv_zfh_zvfh_zicbop_zihintpause_zba --abi=lp64d --vlen-bits=256,PASS,within-tolerance,10,69048.003,,1.700853,,,True,True,
weft-quantized-vec-dot.sh,k1 q6_k,vec_dot/q6_k_q8_k.py,--march=rv64gcv_zfh_zvfh_zicbop_zihintpause_zba --abi=lp64d --vlen-bits=256 --auto-lmul-eighths 32 --auto-unroll 2 --auto-pipeline-depth 1,PASS,within-tolerance,10,47779.550,,2.457966,,,True,True,
weft-quantized-vec-dot.sh,k1 q8_0,vec_dot/q8_0_q8_0.py,--march=rv64gcv_zfh_zvfh_zicbop_zihintpause_zba --abi=lp64d --vlen-bits=256,PASS,within-tolerance,10,44006.453,,2.668711,,,True,True,
weft-quantized-vec-dot.sh,k1 tq1_0,vec_dot/tq1_0_q8_k.py,--march=rv64gcv_zfh_zvfh_zicbop_zihintpause_zba --abi=lp64d --vlen-bits=256 --auto-lmul-eighths 8 --auto-unroll 1 --auto-pipeline-depth 1,PASS,within-tolerance,10,36594.096,,3.209275,,,True,True,
weft-quantized-vec-dot.sh,k1 tq2_0,vec_dot/tq2_0_q8_k.py,--march=rv64gcv_zfh_zvfh_zicbop_zihintpause_zba --abi=lp64d --vlen-bits=256,PASS,within-tolerance,10,18754.104,,6.262123,,,True,True,
weft-row-dequantize.sh,k1 iq1_m,dequantize/iq1_m.py,--march=rv64gcv_zfh_zvfh_zicbop_zihintpause_zba --abi=lp64d --vlen-bits=256,PASS,within-tolerance,10,13239.225,,,316.808877,,True,True,
weft-row-dequantize.sh,k1 iq1_s,dequantize/iq1_s.py,--march=rv64gcv_zfh_zvfh_zicbop_zihintpause_zba --abi=lp64d --vlen-bits=256,PASS,within-tolerance,10,9270.372,,,452.441822,,True,True,
weft-row-dequantize.sh,k1 iq2_s,dequantize/iq2_s.py,--march=rv64gcv_zfh_zvfh_zicbop_zihintpause_zba --abi=lp64d --vlen-bits=256,PASS,within-tolerance,10,18692.791,,,224.380832,,True,True,
weft-row-dequantize.sh,k1 iq2_xs,dequantize/iq2_xs.py,--march=rv64gcv_zfh_zvfh_zicbop_zihintpause_zba --abi=lp64d --vlen-bits=256,PASS,within-tolerance,10,16645.185,,,251.983013,,True,True,
weft-row-dequantize.sh,k1 iq2_xxs,dequantize/iq2_xxs.py,--march=rv64gcv_zfh_zvfh_zicbop_zihintpause_zba --abi=lp64d --vlen-bits=256 --auto-lmul-eighths 16,PASS,within-tolerance,10,11237.704,,,373.234960,,True,True,
weft-row-dequantize.sh,k1 iq3_s,dequantize/iq3_s.py,--march=rv64gcv_zfh_zvfh_zicbop_zihintpause_zba --abi=lp64d --vlen-bits=256,PASS,within-tolerance,10,26975.174,,,155.487561,,True,True,
weft-row-dequantize.sh,k1 iq3_xxs,dequantize/iq3_xxs.py,--march=rv64gcv_zfh_zvfh_zicbop_zihintpause_zba --abi=lp64d --vlen-bits=256,PASS,within-tolerance,10,14229.839,,,294.754143,,True,True,
weft-row-dequantize.sh,k1 iq4_nl,dequantize/iq4_nl.py,--march=rv64gcv_zfh_zvfh_zicbop_zihintpause_zba --abi=lp64d --vlen-bits=256,PASS,within-tolerance,10,9515.921,,,440.767005,,True,True,
weft-row-dequantize.sh,k1 iq4_xs,dequantize/iq4_xs.py,--march=rv64gcv_zfh_zvfh_zicbop_zihintpause_zba --abi=lp64d --vlen-bits=256,PASS,within-tolerance,10,12221.798,,,343.182253,,True,True,
weft-row-dequantize.sh,k1 mxfp4,dequantize/mxfp4.py,--march=rv64gcv_zfh_zvfh_zicbop_zihintpause_zba --abi=lp64d --vlen-bits=256,PASS,within-tolerance,10,16053.187,,,261.275471,,True,True,
weft-row-dequantize.sh,k1 nvfp4,dequantize/nvfp4.py,--march=rv64gcv_zfh_zvfh_zicbop_zihintpause_zba --abi=lp64d --vlen-bits=256,PASS,within-tolerance,10,16484.825,,,254.434237,,True,True,
weft-row-dequantize.sh,k1 q1_0,dequantize/q1_0.py,--march=rv64gcv_zfh_zvfh_zicbop_zihintpause_zba --abi=lp64d --vlen-bits=256,PASS,within-tolerance,10,7165.641,,,585.335492,,True,True,
weft-row-dequantize.sh,k1 q2_k,dequantize/q2_k.py,--march=rv64gcv_zfh_zvfh_zicbop_zihintpause_zba --abi=lp64d --vlen-bits=256,PASS,within-tolerance,10,14048.334,,,298.562388,,True,True,
weft-row-dequantize.sh,k1 q3_k,dequantize/q3_k.py,--march=rv64gcv_zfh_zvfh_zicbop_zihintpause_zba --abi=lp64d --vlen-bits=256,PASS,within-tolerance,10,15771.388,,,265.943881,,True,True,
weft-row-dequantize.sh,k1 q4_0,dequantize/q4_0.py,--march=rv64gcv_zfh_zvfh_zicbop_zihintpause_zba --abi=lp64d --vlen-bits=256,PASS,within-tolerance,10,9661.447,,,434.127954,,True,True,
weft-row-dequantize.sh,k1 q4_1,dequantize/q4_1.py,--march=rv64gcv_zfh_zvfh_zicbop_zihintpause_zba --abi=lp64d --vlen-bits=256,PASS,within-tolerance,10,15220.392,,,275.571361,,True,True,
weft-row-dequantize.sh,k1 q4_k,dequantize/q4_k.py,--march=rv64gcv_zfh_zvfh_zicbop_zihintpause_zba --abi=lp64d --vlen-bits=256,PASS,within-tolerance,10,12325.988,,,340.281363,,True,True,
weft-row-dequantize.sh,k1 q5_0,dequantize/q5_0.py,--march=rv64gcv_zfh_zvfh_zicbop_zihintpause_zba --abi=lp64d --vlen-bits=256,PASS,within-tolerance,10,15311.644,,,273.929044,,True,True,
weft-row-dequantize.sh,k1 q5_1,dequantize/q5_1.py,--march=rv64gcv_zfh_zvfh_zicbop_zihintpause_zba --abi=lp64d --vlen-bits=256,PASS,within-tolerance,10,14310.301,,,293.096850,,True,True,
weft-row-dequantize.sh,k1 q5_k,dequantize/q5_k.py,--march=rv64gcv_zfh_zvfh_zicbop_zihintpause_zba --abi=lp64d --vlen-bits=256,PASS,within-tolerance,10,15998.811,,,262.163474,,True,True,
weft-row-dequantize.sh,k1 q6_k,dequantize/q6_k.py,--march=rv64gcv_zfh_zvfh_zicbop_zihintpause_zba --abi=lp64d --vlen-bits=256,PASS,within-tolerance,10,18218.589,,,230.221128,,True,True,
weft-row-dequantize.sh,k1 q8_0,dequantize/q8_0.py,--march=rv64gcv_zfh_zvfh_zicbop_zihintpause_zba --abi=lp64d --vlen-bits=256,PASS,within-tolerance,10,8184.380,,,512.476693,,True,True,
weft-row-dequantize.sh,k1 tq1_0,dequantize/tq1_0.py,--march=rv64gcv_zfh_zvfh_zicbop_zihintpause_zba --abi=lp64d --vlen-bits=256,PASS,within-tolerance,10,8318.780,,,504.197010,,True,True,
weft-row-dequantize.sh,k1 tq2_0,dequantize/tq2_0.py,--march=rv64gcv_zfh_zvfh_zicbop_zihintpause_zba --abi=lp64d --vlen-bits=256,PASS,within-tolerance,10,6965.571,,,602.147907,,True,True,
weft-mul-mat.sh,k1 iq2_s_staged decode,mul_mat/iq2_s_staged.py,--march=rv64gcv_zfh_zvfh_zicbop_zihintpause_zba --abi=lp64d --vlen-bits=256 --meta NC=512 --meta KC=1024 --meta MC=8 --meta MR=8 --meta NR=3 --auto-lmul-eighths=8 --auto-unroll=1 --auto-pipeline-depth=1,UNCHANGED_REJECTION,,10,,,,,,,,error: nested scaled contraction has no legal full-product carrier under the target resource contract
weft-mul-mat.sh,k1 iq2_xs_staged decode,mul_mat/iq2_xs_staged.py,--march=rv64gcv_zfh_zvfh_zicbop_zihintpause_zba --abi=lp64d --vlen-bits=256 --meta NC=64 --meta KC=512 --meta MC=8 --meta MR=4 --meta NR=2 --auto-lmul-eighths=8 --auto-unroll=1 --auto-pipeline-depth=1,UNCHANGED_REJECTION,,10,,,,,,,,error: nested scaled contraction has no legal full-product carrier under the target resource contract
weft-mul-mat.sh,k1 iq2_xxs_staged decode,mul_mat/iq2_xxs_staged.py,--march=rv64gcv_zfh_zvfh_zicbop_zihintpause_zba --abi=lp64d --vlen-bits=256 --meta NC=64 --meta KC=512 --meta MC=8 --meta MR=1 --meta NR=2 --auto-lmul-eighths=8 --auto-unroll=1 --auto-pipeline-depth=1,PASS,within-tolerance,10,23678.812,,1.417066,,,True,True,
weft-mul-mat.sh,k1 q4_k_persistent decode,mul_mat/q4_k_persistent.py,--march=rv64gcv_zfh_zvfh_zicbop_zihintpause_zba --abi=lp64d --vlen-bits=256 --auto-lmul-eighths=32 --auto-unroll=2 --auto-pipeline-depth=1,PASS,within-tolerance,10,10483.035,,3.200832,,,True,True,
weft-mul-mat.sh,k1 q4_k_persistent prefill,mul_mat/q4_k_persistent.py,--march=rv64gcv_zfh_zvfh_zicbop_zihintpause_zba --abi=lp64d --vlen-bits=256 --auto-lmul-eighths=32 --auto-unroll=2 --auto-pipeline-depth=1,PASS,within-tolerance,10,1339562.745,,3.206246,,,True,True,
weft-mul-mat.sh,k1 q4_k_staged decode,mul_mat/q4_k_staged.py,--march=rv64gcv_zfh_zvfh_zicbop_zihintpause_zba --abi=lp64d --vlen-bits=256 --meta NC=64 --meta KC=512 --meta MC=8 --meta MR=2 --auto-lmul-eighths=16 --auto-unroll=2 --auto-pipeline-depth=1,PASS,within-tolerance,10,101646.663,,0.330109,,,True,True,
weft-kernel.sh,sg2044 gemm_f32,dense/gemm_f32.py,--march=rv64gcv_zfh_zfhmin_zvfh_zvfhmin_zfa_zba_zbb_zbc_zbs_zicbom_zicboz_zicbop_zicond_zawrs_zihintpause --abi=lp64d --vlen-bits=128 --meta MC=64 --meta NC=16 --meta MR=2 --meta NR=2 --auto-lmul-eighths 16 --matrix-extension=none,PASS,within-tolerance,10,545258.584,,7.876937,,,True,True,
weft-kernel.sh,sg2044 gemv_f32,dense/gemv_f32.py,--march=rv64gcv_zfh_zfhmin_zvfh_zvfhmin_zfa_zba_zbb_zbc_zbs_zicbom_zicboz_zicbop_zicond_zawrs_zihintpause --abi=lp64d --vlen-bits=128 --meta MR=4 --meta KB=64 --matrix-extension=none,PASS,within-tolerance,10,445199.858,,0.263793,,,True,True,
weft-kernel.sh,sg2044 q4_k_gemv,gemv/q4_k.py,--march=rv64gcv_zfh_zfhmin_zvfh_zvfhmin_zfa_zba_zbb_zbc_zbs_zicbom_zicboz_zicbop_zicond_zawrs_zihintpause --abi=lp64d --vlen-bits=128 --matrix-extension=none,PASS,within-tolerance,10,28359.193,,4.141180,,,True,True,
weft-kernel.sh,sg2044 q4_k_gemv_groups4,gemv/q4_k_groups4.py,--march=rv64gcv_zfh_zfhmin_zvfh_zvfhmin_zfa_zba_zbb_zbc_zbs_zicbom_zicboz_zicbop_zicond_zawrs_zihintpause --abi=lp64d --vlen-bits=128 --auto-lmul-eighths 32 --auto-unroll 2 --auto-pipeline-depth 1 --matrix-extension=none,PASS,within-tolerance,10,12031.362,,9.761198,,,True,True,
weft-kernel.sh,sg2044 q8_0_quantize,quantize/q8_0.py,--march=rv64gcv_zfh_zfhmin_zvfh_zvfhmin_zfa_zba_zbb_zbc_zbs_zicbom_zicboz_zicbop_zicond_zawrs_zihintpause --abi=lp64d --vlen-bits=128 --auto-lmul-eighths 32 --auto-unroll 1 --auto-pipeline-depth 1 --matrix-extension=none,PASS,bit-exact,10,,2.369510,,,774.425092,True,True,
weft-kernel.sh,sg2044 q8_1_quantize,quantize/q8_1.py,--march=rv64gcv_zfh_zfhmin_zvfh_zvfhmin_zfa_zba_zbb_zbc_zbs_zicbom_zicboz_zicbop_zicond_zawrs_zihintpause --abi=lp64d --vlen-bits=128 --auto-lmul-eighths 64 --matrix-extension=none,PASS,bit-exact,10,,3.414855,,,537.360444,True,True,
weft-kernel.sh,sg2044 q8_K_quantize,quantize/q8_k.py,--march=rv64gcv_zfh_zfhmin_zvfh_zvfhmin_zfa_zba_zbb_zbc_zbs_zicbom_zicboz_zicbop_zicond_zawrs_zihintpause --abi=lp64d --vlen-bits=128 --auto-lmul-eighths 16 --auto-unroll 1 --auto-pipeline-depth 1 --matrix-extension=none,PASS,bit-exact,10,,3.866487,,,474.593087,True,True,
weft-mul-mat.sh,sg2044 f16 decode,mul_mat/f16.py,--march=rv64gcv_zfh_zfhmin_zvfh_zvfhmin_zfa_zba_zbb_zbc_zbs_zicbom_zicboz_zicbop_zicond_zawrs_zihintpause --abi=lp64d --vlen-bits=128 --meta NC=32 --meta KC=4096 --meta MC=16 --meta MR=4 --meta NR=2 --meta KB=4096 --auto-lmul-eighths=8,PASS,within-tolerance,10,7400.232,,4.534241,,,True,True,
weft-mul-mat.sh,sg2044 f16 prefill,mul_mat/f16.py,--march=rv64gcv_zfh_zfhmin_zvfh_zvfhmin_zfa_zba_zbb_zbc_zbs_zicbom_zicboz_zicbop_zicond_zawrs_zihintpause --abi=lp64d --vlen-bits=128 --meta NC=32 --meta KC=4096 --meta MC=16 --meta MR=4 --meta NR=2 --meta KB=4096 --auto-lmul-eighths=8,PASS,within-tolerance,10,254077.445,,16.904166,,,True,True,
weft-mul-mat.sh,sg2044 f32 decode,dense/gemm_f32.py,--march=rv64gcv_zfh_zfhmin_zvfh_zvfhmin_zfa_zba_zbb_zbc_zbs_zicbom_zicboz_zicbop_zicond_zawrs_zihintpause --abi=lp64d --vlen-bits=128 --meta NC=16 --meta MC=64 --meta NR=2 --meta MR=2 --auto-lmul-eighths=16,PASS,within-tolerance,10,13228.838,,2.536461,,,True,True,
weft-mul-mat.sh,sg2044 f32 prefill,dense/gemm_f32.py,--march=rv64gcv_zfh_zfhmin_zvfh_zvfhmin_zfa_zba_zbb_zbc_zbs_zicbom_zicboz_zicbop_zicond_zawrs_zihintpause --abi=lp64d --vlen-bits=128 --meta NC=16 --meta MC=64 --meta NR=4 --meta MR=4 --auto-lmul-eighths=8,PASS,within-tolerance,10,484492.809,,8.864873,,,True,True,
weft-mul-mat.sh,sg2044 iq1_m decode,mul_mat/iq1_m_decode.py,--march=rv64gcv_zfh_zfhmin_zvfh_zvfhmin_zfa_zba_zbb_zbc_zbs_zicbom_zicboz_zicbop_zicond_zawrs_zihintpause --abi=lp64d --vlen-bits=128 --auto-lmul-eighths=32 --auto-unroll=2 --auto-pipeline-depth=1,PASS,within-tolerance,10,16478.651,,2.036237,,,True,True,
weft-mul-mat.sh,sg2044 iq1_m prefill,mul_mat/iq1_m.py,--march=rv64gcv_zfh_zfhmin_zvfh_zvfhmin_zfa_zba_zbb_zbc_zbs_zicbom_zicboz_zicbop_zicond_zawrs_zihintpause --abi=lp64d --vlen-bits=128 --meta NC=32 --meta MC=8 --meta MR=2 --meta NR=1 --auto-lmul-eighths=32 --auto-unroll=1 --auto-pipeline-depth=1,PASS,within-tolerance,10,1906388.345,,2.252934,,,True,True,
weft-mul-mat.sh,sg2044 iq1_s decode,mul_mat/iq1_s_decode.py,--march=rv64gcv_zfh_zfhmin_zvfh_zvfhmin_zfa_zba_zbb_zbc_zbs_zicbom_zicboz_zicbop_zicond_zawrs_zihintpause --abi=lp64d --vlen-bits=128 --auto-lmul-eighths=32 --auto-unroll=4 --auto-pipeline-depth=1,PASS,within-tolerance,10,9479.671,,3.539620,,,True,True,
weft-mul-mat.sh,sg2044 iq1_s prefill,mul_mat/iq1_s.py,--march=rv64gcv_zfh_zfhmin_zvfh_zvfhmin_zfa_zba_zbb_zbc_zbs_zicbom_zicboz_zicbop_zicond_zawrs_zihintpause --abi=lp64d --vlen-bits=128 --meta NC=32 --meta MC=16 --meta MR=1 --meta NR=1 --auto-lmul-eighths=32 --auto-unroll=1 --auto-pipeline-depth=1,PASS,within-tolerance,10,1224605.008,,3.507227,,,True,True,
weft-mul-mat.sh,sg2044 iq2_s decode,mul_mat/iq2_s.py,--march=rv64gcv_zfh_zfhmin_zvfh_zvfhmin_zfa_zba_zbb_zbc_zbs_zicbom_zicboz_zicbop_zicond_zawrs_zihintpause --abi=lp64d --vlen-bits=128 --auto-lmul-eighths=32 --auto-unroll=1 --auto-pipeline-depth=1,PASS,within-tolerance,10,10030.444,,3.345259,,,True,True,
weft-mul-mat.sh,sg2044 iq2_s prefill,mul_mat/iq2_s_staged.py,--march=rv64gcv_zfh_zfhmin_zvfh_zvfhmin_zfa_zba_zbb_zbc_zbs_zicbom_zicboz_zicbop_zicond_zawrs_zihintpause --abi=lp64d --vlen-bits=128 --meta NC=64 --meta KC=256 --meta MC=16 --meta MR=4 --meta NR=2 --auto-lmul-eighths=16 --auto-unroll=1 --auto-pipeline-depth=1,UNCHANGED_REJECTION,,10,,,,,,,,error: nested scaled contraction has no legal full-product carrier under the target resource contract
weft-mul-mat.sh,sg2044 iq2_xs decode,mul_mat/iq2_xs.py,--march=rv64gcv_zfh_zfhmin_zvfh_zvfhmin_zfa_zba_zbb_zbc_zbs_zicbom_zicboz_zicbop_zicond_zawrs_zihintpause --abi=lp64d --vlen-bits=128 --meta NR=1 --auto-lmul-eighths=32 --auto-unroll=1 --auto-pipeline-depth=1,PASS,within-tolerance,10,9623.562,,3.486696,,,True,True,
weft-mul-mat.sh,sg2044 iq2_xs prefill,mul_mat/iq2_xs_staged.py,--march=rv64gcv_zfh_zfhmin_zvfh_zvfhmin_zfa_zba_zbb_zbc_zbs_zicbom_zicboz_zicbop_zicond_zawrs_zihintpause --abi=lp64d --vlen-bits=128 --meta NC=64 --meta KC=256 --meta MC=16 --meta MR=2 --meta NR=2 --auto-lmul-eighths=16 --auto-unroll=1 --auto-pipeline-depth=1,UNCHANGED_REJECTION,,10,,,,,,,,error: nested scaled contraction has no legal full-product carrier under the target resource contract
weft-mul-mat.sh,sg2044 iq2_xxs decode,mul_mat/iq2_xxs_decode.py,--march=rv64gcv_zfh_zfhmin_zvfh_zvfhmin_zfa_zba_zbb_zbc_zbs_zicbom_zicboz_zicbop_zicond_zawrs_zihintpause --abi=lp64d --vlen-bits=128 --auto-lmul-eighths=32 --auto-unroll=2 --auto-pipeline-depth=1,PASS,within-tolerance,10,13014.476,,2.578239,,,True,True,
weft-mul-mat.sh,sg2044 iq2_xxs prefill,mul_mat/iq2_xxs_staged.py,--march=rv64gcv_zfh_zfhmin_zvfh_zvfhmin_zfa_zba_zbb_zbc_zbs_zicbom_zicboz_zicbop_zicond_zawrs_zihintpause --abi=lp64d --vlen-bits=128 --meta NC=64 --meta KC=256 --meta MC=16 --meta MR=1 --meta NR=2 --auto-lmul-eighths=16 --auto-unroll=1 --auto-pipeline-depth=1,PASS,within-tolerance,10,1079078.915,,3.980216,,,True,True,
weft-mul-mat.sh,sg2044 iq3_s decode,mul_mat/iq3_s.py,--march=rv64gcv_zfh_zfhmin_zvfh_zvfhmin_zfa_zba_zbb_zbc_zbs_zicbom_zicboz_zicbop_zicond_zawrs_zihintpause --abi=lp64d --vlen-bits=128 --auto-lmul-eighths=32 --auto-unroll=1 --auto-pipeline-depth=1,PASS,within-tolerance,10,18643.951,,1.799749,,,True,True,
weft-mul-mat.sh,sg2044 iq3_s prefill,mul_mat/iq3_s.py,--march=rv64gcv_zfh_zfhmin_zvfh_zvfhmin_zfa_zba_zbb_zbc_zbs_zicbom_zicboz_zicbop_zicond_zawrs_zihintpause --abi=lp64d --vlen-bits=128 --auto-lmul-eighths=32 --auto-unroll=1 --auto-pipeline-depth=1,PASS,within-tolerance,10,2400957.736,,1.788856,,,True,True,
weft-mul-mat.sh,sg2044 iq3_xxs decode,mul_mat/iq3_xxs.py,--march=rv64gcv_zfh_zfhmin_zvfh_zvfhmin_zfa_zba_zbb_zbc_zbs_zicbom_zicboz_zicbop_zicond_zawrs_zihintpause --abi=lp64d --vlen-bits=128 --auto-lmul-eighths=32 --auto-unroll=1 --auto-pipeline-depth=1,PASS,within-tolerance,10,19929.907,,1.683622,,,True,True,
weft-mul-mat.sh,sg2044 iq3_xxs prefill,mul_mat/iq3_xxs.py,--march=rv64gcv_zfh_zfhmin_zvfh_zvfhmin_zfa_zba_zbb_zbc_zbs_zicbom_zicboz_zicbop_zicond_zawrs_zihintpause --abi=lp64d --vlen-bits=128 --auto-lmul-eighths=32 --auto-unroll=1 --auto-pipeline-depth=1,PASS,within-tolerance,10,2573740.208,,1.668765,,,True,True,
weft-mul-mat.sh,sg2044 iq4_nl decode,mul_mat/iq4_nl_decode.py,--march=rv64gcv_zfh_zfhmin_zvfh_zvfhmin_zfa_zba_zbb_zbc_zbs_zicbom_zicboz_zicbop_zicond_zawrs_zihintpause --abi=lp64d --vlen-bits=128 --auto-unroll=1 --auto-pipeline-depth=1,PASS,within-tolerance,10,5128.693,,6.542492,,,True,True,
weft-mul-mat.sh,sg2044 iq4_nl prefill,mul_mat/iq4_nl.py,--march=rv64gcv_zfh_zfhmin_zvfh_zvfhmin_zfa_zba_zbb_zbc_zbs_zicbom_zicboz_zicbop_zicond_zawrs_zihintpause --abi=lp64d --vlen-bits=128 --meta NC=32 --meta MC=16 --meta MR=4 --meta NR=2 --auto-unroll=1 --auto-pipeline-depth=1,PASS,within-tolerance,10,457019.829,,9.397770,,,True,True,
weft-mul-mat.sh,sg2044 iq4_xs decode,mul_mat/iq4_xs_decode.py,--march=rv64gcv_zfh_zfhmin_zvfh_zvfhmin_zfa_zba_zbb_zbc_zbs_zicbom_zicboz_zicbop_zicond_zawrs_zihintpause --abi=lp64d --vlen-bits=128 --auto-unroll=1 --auto-pipeline-depth=1,PASS,within-tolerance,10,4601.050,,7.292777,,,True,True,
weft-mul-mat.sh,sg2044 iq4_xs prefill,mul_mat/iq4_xs.py,--march=rv64gcv_zfh_zfhmin_zvfh_zvfhmin_zfa_zba_zbb_zbc_zbs_zicbom_zicboz_zicbop_zicond_zawrs_zihintpause --abi=lp64d --vlen-bits=128 --meta NC=32 --meta MC=16 --meta MR=2 --meta NR=4 --auto-unroll=1 --auto-pipeline-depth=1,PASS,within-tolerance,10,484080.566,,8.872422,,,True,True,
weft-mul-mat.sh,sg2044 mxfp4 decode,mul_mat/mxfp4_decode.py,--march=rv64gcv_zfh_zfhmin_zvfh_zvfhmin_zfa_zba_zbb_zbc_zbs_zicbom_zicboz_zicbop_zicond_zawrs_zihintpause --abi=lp64d --vlen-bits=128 --auto-unroll=1 --auto-pipeline-depth=1,PASS,within-tolerance,10,5117.272,,6.557094,,,True,True,
weft-mul-mat.sh,sg2044 mxfp4 prefill,mul_mat/mxfp4.py,--march=rv64gcv_zfh_zfhmin_zvfh_zvfhmin_zfa_zba_zbb_zbc_zbs_zicbom_zicboz_zicbop_zicond_zawrs_zihintpause --abi=lp64d --vlen-bits=128 --meta NC=32 --meta MC=16 --meta MR=2 --meta NR=4 --auto-unroll=1 --auto-pipeline-depth=1,PASS,within-tolerance,10,555901.939,,7.726124,,,True,True,
weft-mul-mat.sh,sg2044 nvfp4 decode,mul_mat/nvfp4_decode.py,--march=rv64gcv_zfh_zfhmin_zvfh_zvfhmin_zfa_zba_zbb_zbc_zbs_zicbom_zicboz_zicbop_zicond_zawrs_zihintpause --abi=lp64d --vlen-bits=128 --auto-unroll=1 --auto-pipeline-depth=1,PASS,within-tolerance,10,27258.418,,1.230975,,,True,True,
weft-mul-mat.sh,sg2044 nvfp4 prefill,mul_mat/nvfp4.py,--march=rv64gcv_zfh_zfhmin_zvfh_zvfhmin_zfa_zba_zbb_zbc_zbs_zicbom_zicboz_zicbop_zicond_zawrs_zihintpause --abi=lp64d --vlen-bits=128 --meta NC=32 --meta MC=16 --meta MR=2 --meta NR=4 --auto-unroll=1 --auto-pipeline-depth=1,PASS,within-tolerance,10,1960209.919,,2.191075,,,True,True,
weft-mul-mat.sh,sg2044 q1_0 decode,mul_mat/q1_0_decode.py,--march=rv64gcv_zfh_zfhmin_zvfh_zvfhmin_zfa_zba_zbb_zbc_zbs_zicbom_zicboz_zicbop_zicond_zawrs_zihintpause --abi=lp64d --vlen-bits=128 --auto-lmul-eighths=16 --auto-unroll=1 --auto-pipeline-depth=1,PASS,within-tolerance,10,2875.662,,11.668420,,,True,True,
weft-mul-mat.sh,sg2044 q1_0 prefill,mul_mat/q1_0.py,--march=rv64gcv_zfh_zfhmin_zvfh_zvfhmin_zfa_zba_zbb_zbc_zbs_zicbom_zicboz_zicbop_zicond_zawrs_zihintpause --abi=lp64d --vlen-bits=128 --meta NC=32 --meta MC=16 --meta MR=2 --meta NR=4 --auto-unroll=1 --auto-pipeline-depth=1,UNCHANGED_REJECTION,,10,,,,,,,,error: 'weft_riscv.rvv_storage_window' op layered RVV storage window requires one byte-aligned contiguous lane window inside a storage layer
weft-mul-mat.sh,sg2044 q2_k decode,mul_mat/q2_k_decode.py,--march=rv64gcv_zfh_zfhmin_zvfh_zvfhmin_zfa_zba_zbb_zbc_zbs_zicbom_zicboz_zicbop_zicond_zawrs_zihintpause --abi=lp64d --vlen-bits=128 --auto-unroll=8 --auto-pipeline-depth=1 --auto-scalar-load-prime=1,PASS,within-tolerance,10,4072.768,,8.238729,,,True,True,
weft-mul-mat.sh,sg2044 q2_k prefill,mul_mat/q2_k.py,--march=rv64gcv_zfh_zfhmin_zvfh_zvfhmin_zfa_zba_zbb_zbc_zbs_zicbom_zicboz_zicbop_zicond_zawrs_zihintpause --abi=lp64d --vlen-bits=128 --meta NC=32 --meta MC=32 --meta MR=1 --meta NR=2 --auto-lmul-eighths=8 --auto-unroll=4 --auto-pipeline-depth=1,PASS,within-tolerance,10,445409.258,,9.642744,,,True,True,
weft-mul-mat.sh,sg2044 q3_k decode,mul_mat/q3_k_decode.py,--march=rv64gcv_zfh_zfhmin_zvfh_zvfhmin_zfa_zba_zbb_zbc_zbs_zicbom_zicboz_zicbop_zicond_zawrs_zihintpause --abi=lp64d --vlen-bits=128 --auto-lmul-eighths=32 --auto-unroll=1 --auto-pipeline-depth=1 --auto-scalar-load-prime=1,PASS,within-tolerance,10,4424.669,,7.583489,,,True,True,
weft-mul-mat.sh,sg2044 q3_k prefill,mul_mat/q3_k.py,--march=rv64gcv_zfh_zfhmin_zvfh_zvfhmin_zfa_zba_zbb_zbc_zbs_zicbom_zicboz_zicbop_zicond_zawrs_zihintpause --abi=lp64d --vlen-bits=128 --meta NC=32 --meta MC=2 --meta MR=1 --meta NR=1 --auto-lmul-eighths=32 --auto-unroll=1 --auto-pipeline-depth=1,PASS,within-tolerance,10,575451.674,,7.463646,,,True,True,
weft-mul-mat.sh,sg2044 q4_0 decode,mul_mat/q4_0_decode.py,--march=rv64gcv_zfh_zfhmin_zvfh_zvfhmin_zfa_zba_zbb_zbc_zbs_zicbom_zicboz_zicbop_zicond_zawrs_zihintpause --abi=lp64d --vlen-bits=128 --auto-unroll=1 --auto-pipeline-depth=1,PASS,within-tolerance,10,4714.341,,7.117524,,,True,True,
weft-mul-mat.sh,sg2044 q4_0 prefill,mul_mat/q4_0.py,--march=rv64gcv_zfh_zfhmin_zvfh_zvfhmin_zfa_zba_zbb_zbc_zbs_zicbom_zicboz_zicbop_zicond_zawrs_zihintpause --abi=lp64d --vlen-bits=128 --meta NC=32 --meta MC=16 --meta MR=4 --meta NR=1 --auto-unroll=1 --auto-pipeline-depth=2,PASS,within-tolerance,10,408993.790,,10.501302,,,True,True,
weft-mul-mat.sh,sg2044 q4_1 decode,mul_mat/q4_1_decode.py,--march=rv64gcv_zfh_zfhmin_zvfh_zvfhmin_zfa_zba_zbb_zbc_zbs_zicbom_zicboz_zicbop_zicond_zawrs_zihintpause --abi=lp64d --vlen-bits=128 --auto-unroll=1 --auto-pipeline-depth=1,PASS,within-tolerance,10,5947.316,,5.641945,,,True,True,
weft-mul-mat.sh,sg2044 q4_1 prefill,mul_mat/q4_1.py,--march=rv64gcv_zfh_zfhmin_zvfh_zvfhmin_zfa_zba_zbb_zbc_zbs_zicbom_zicboz_zicbop_zicond_zawrs_zihintpause --abi=lp64d --vlen-bits=128 --meta NC=32 --meta MC=16 --meta MR=4 --meta NR=1 --auto-unroll=1 --auto-pipeline-depth=1,PASS,within-tolerance,10,612679.486,,7.010137,,,True,True,
weft-mul-mat.sh,sg2044 q4_k decode,mul_mat/q4_k_decode.py,--march=rv64gcv_zfh_zfhmin_zvfh_zvfhmin_zfa_zba_zbb_zbc_zbs_zicbom_zicboz_zicbop_zicond_zawrs_zihintpause --abi=lp64d --vlen-bits=128 --auto-unroll=8 --auto-pipeline-depth=1,PASS,within-tolerance,10,4075.438,,8.233332,,,True,True,
weft-mul-mat.sh,sg2044 q4_k prefill,mul_mat/q4_k_staged.py,--march=rv64gcv_zfh_zfhmin_zvfh_zvfhmin_zfa_zba_zbb_zbc_zbs_zicbom_zicboz_zicbop_zicond_zawrs_zihintpause --abi=lp64d --vlen-bits=128 --meta NC=64 --meta KC=256 --meta MC=16 --meta MR=1 --auto-lmul-eighths=32 --auto-unroll=2 --auto-pipeline-depth=1,PASS,within-tolerance,10,469961.795,,9.138971,,,True,True,
weft-mul-mat.sh,sg2044 q5_0 decode,mul_mat/q5_0_decode.py,--march=rv64gcv_zfh_zfhmin_zvfh_zvfhmin_zfa_zba_zbb_zbc_zbs_zicbom_zicboz_zicbop_zicond_zawrs_zihintpause --abi=lp64d --vlen-bits=128 --auto-lmul-eighths=16 --auto-unroll=1 --auto-pipeline-depth=1,PASS,within-tolerance,10,6085.387,,5.513936,,,True,True,
weft-mul-mat.sh,sg2044 q5_0 prefill,mul_mat/q5_0.py,--march=rv64gcv_zfh_zfhmin_zvfh_zvfhmin_zfa_zba_zbb_zbc_zbs_zicbom_zicboz_zicbop_zicond_zawrs_zihintpause --abi=lp64d --vlen-bits=128 --meta NC=32 --meta MC=16 --meta MR=4 --meta NR=2 --auto-lmul-eighths=8 --auto-unroll=1 --auto-pipeline-depth=1,PASS,within-tolerance,10,409407.211,,10.490698,,,True,True,
weft-mul-mat.sh,sg2044 q5_1 decode,mul_mat/q5_1_decode.py,--march=rv64gcv_zfh_zfhmin_zvfh_zvfhmin_zfa_zba_zbb_zbc_zbs_zicbom_zicboz_zicbop_zicond_zawrs_zihintpause --abi=lp64d --vlen-bits=128 --auto-lmul-eighths=16 --auto-unroll=1 --auto-pipeline-depth=1,PASS,within-tolerance,10,7650.353,,4.385998,,,True,True,
weft-mul-mat.sh,sg2044 q5_1 prefill,mul_mat/q5_1.py,--march=rv64gcv_zfh_zfhmin_zvfh_zvfhmin_zfa_zba_zbb_zbc_zbs_zicbom_zicboz_zicbop_zicond_zawrs_zihintpause --abi=lp64d --vlen-bits=128 --meta NC=32 --meta MC=16 --meta MR=4 --meta NR=1 --auto-unroll=1 --auto-pipeline-depth=1,PASS,within-tolerance,10,697929.106,,6.153873,,,True,True,
weft-mul-mat.sh,sg2044 q5_k decode,mul_mat/q5_k_decode.py,--march=rv64gcv_zfh_zfhmin_zvfh_zvfhmin_zfa_zba_zbb_zbc_zbs_zicbom_zicboz_zicbop_zicond_zawrs_zihintpause --abi=lp64d --vlen-bits=128 --auto-unroll=1 --auto-pipeline-depth=1,PASS,within-tolerance,10,7722.984,,4.344750,,,True,True,
weft-mul-mat.sh,sg2044 q5_k prefill,mul_mat/q5_k.py,--march=rv64gcv_zfh_zfhmin_zvfh_zvfhmin_zfa_zba_zbb_zbc_zbs_zicbom_zicboz_zicbop_zicond_zawrs_zihintpause --abi=lp64d --vlen-bits=128 --meta NC=32 --meta MC=16 --meta MR=2 --meta NR=4 --auto-unroll=1 --auto-pipeline-depth=1,PASS,within-tolerance,10,576023.716,,7.456233,,,True,True,
weft-mul-mat.sh,sg2044 q6_k decode,mul_mat/q6_k_decode.py,--march=rv64gcv_zfh_zfhmin_zvfh_zvfhmin_zfa_zba_zbb_zbc_zbs_zicbom_zicboz_zicbop_zicond_zawrs_zihintpause --abi=lp64d --vlen-bits=128 --auto-lmul-eighths=32 --auto-unroll=2 --auto-pipeline-depth=1,PASS,within-tolerance,10,6459.068,,5.194934,,,True,True,
weft-mul-mat.sh,sg2044 q6_k prefill,mul_mat/q6_k.py,--march=rv64gcv_zfh_zfhmin_zvfh_zvfhmin_zfa_zba_zbb_zbc_zbs_zicbom_zicboz_zicbop_zicond_zawrs_zihintpause --abi=lp64d --vlen-bits=128 --meta NC=64 --meta MC=16 --meta MR=4 --meta NR=2 --auto-lmul-eighths=32 --auto-unroll=4 --auto-pipeline-depth=1,PASS,within-tolerance,10,575816.836,,7.458912,,,True,True,
weft-mul-mat.sh,sg2044 q8_0 decode,mul_mat/q8_0_decode.py,--march=rv64gcv_zfh_zfhmin_zvfh_zvfhmin_zfa_zba_zbb_zbc_zbs_zicbom_zicboz_zicbop_zicond_zawrs_zihintpause --abi=lp64d --vlen-bits=128 --auto-unroll=1 --auto-pipeline-depth=1,PASS,within-tolerance,10,4572.390,,7.338489,,,True,True,
weft-mul-mat.sh,sg2044 q8_0 prefill,mul_mat/q8_0.py,--march=rv64gcv_zfh_zfhmin_zvfh_zvfhmin_zfa_zba_zbb_zbc_zbs_zicbom_zicboz_zicbop_zicond_zawrs_zihintpause --abi=lp64d --vlen-bits=128 --meta NC=32 --meta MC=16 --meta MR=4 --meta NR=2 --auto-unroll=1 --auto-pipeline-depth=2,PASS,within-tolerance,10,522876.835,,8.214109,,,True,True,
weft-mul-mat.sh,sg2044 tq1_0 decode,mul_mat/tq1_0_decode.py,--march=rv64gcv_zfh_zfhmin_zvfh_zvfhmin_zfa_zba_zbb_zbc_zbs_zicbom_zicboz_zicbop_zicond_zawrs_zihintpause --abi=lp64d --vlen-bits=128 --auto-unroll=1 --auto-pipeline-depth=1 --auto-lmul-eighths=8,PASS,within-tolerance,10,7009.560,,4.786953,,,True,True,
weft-mul-mat.sh,sg2044 tq1_0 prefill,mul_mat/tq1_0.py,--march=rv64gcv_zfh_zfhmin_zvfh_zvfhmin_zfa_zba_zbb_zbc_zbs_zicbom_zicboz_zicbop_zicond_zawrs_zihintpause --abi=lp64d --vlen-bits=128 --meta NC=32 --meta MC=16 --meta MR=2 --meta NR=1 --auto-unroll=1 --auto-pipeline-depth=1 --auto-lmul-eighths=8,PASS,within-tolerance,10,959985.627,,4.473991,,,True,True,
weft-mul-mat.sh,sg2044 tq2_0 decode,mul_mat/tq2_0_decode.py,--march=rv64gcv_zfh_zfhmin_zvfh_zvfhmin_zfa_zba_zbb_zbc_zbs_zicbom_zicboz_zicbop_zicond_zawrs_zihintpause --abi=lp64d --vlen-bits=128 --auto-unroll=1 --auto-pipeline-depth=1,PASS,within-tolerance,10,3334.584,,10.062553,,,True,True,
weft-mul-mat.sh,sg2044 tq2_0 prefill,mul_mat/tq2_0.py,--march=rv64gcv_zfh_zfhmin_zvfh_zvfhmin_zfa_zba_zbb_zbc_zbs_zicbom_zicboz_zicbop_zicond_zawrs_zihintpause --abi=lp64d --vlen-bits=128 --meta NC=32 --meta MC=16 --meta MR=4 --meta NR=2 --auto-unroll=1 --auto-pipeline-depth=1,PASS,within-tolerance,10,206419.368,,20.806998,,,True,True,
weft-quantized-vec-dot.sh,sg2044 iq1_m,vec_dot/iq1_m_q8_k.py,--march=rv64gcv_zfh_zfhmin_zvfh_zvfhmin_zfa_zba_zbb_zbc_zbs_zicbom_zicboz_zicbop_zicond_zawrs_zihintpause --abi=lp64d --vlen-bits=128 --auto-lmul-eighths 32 --auto-unroll 2 --auto-pipeline-depth 1,PASS,within-tolerance,10,106400.023,,1.103764,,,True,True,
weft-quantized-vec-dot.sh,sg2044 iq1_s,vec_dot/iq1_s_q8_k.py,--march=rv64gcv_zfh_zfhmin_zvfh_zvfhmin_zfa_zba_zbb_zbc_zbs_zicbom_zicboz_zicbop_zicond_zawrs_zihintpause --abi=lp64d --vlen-bits=128 --auto-lmul-eighths 32 --auto-unroll 4 --auto-pipeline-depth 1,PASS,within-tolerance,10,33413.395,,3.514773,,,True,True,
weft-quantized-vec-dot.sh,sg2044 iq2_s,vec_dot/iq2_s_q8_k.py,--march=rv64gcv_zfh_zfhmin_zvfh_zvfhmin_zfa_zba_zbb_zbc_zbs_zicbom_zicboz_zicbop_zicond_zawrs_zihintpause --abi=lp64d --vlen-bits=128 --auto-lmul-eighths 32 --auto-unroll 1 --auto-pipeline-depth 1,PASS,within-tolerance,10,35361.143,,3.321174,,,True,True,
weft-quantized-vec-dot.sh,sg2044 iq2_xs,vec_dot/iq2_xs_q8_k.py,--march=rv64gcv_zfh_zfhmin_zvfh_zvfhmin_zfa_zba_zbb_zbc_zbs_zicbom_zicboz_zicbop_zicond_zawrs_zihintpause --abi=lp64d --vlen-bits=128 --auto-lmul-eighths 32 --auto-unroll 1 --auto-pipeline-depth 1,PASS,within-tolerance,10,31631.647,,3.712754,,,True,True,
weft-quantized-vec-dot.sh,sg2044 iq2_xxs,vec_dot/iq2_xxs_q8_k.py,--march=rv64gcv_zfh_zfhmin_zvfh_zvfhmin_zfa_zba_zbb_zbc_zbs_zicbom_zicboz_zicbop_zicond_zawrs_zihintpause --abi=lp64d --vlen-bits=128 --auto-lmul-eighths 32 --auto-unroll 2 --auto-pipeline-depth 1,PASS,within-tolerance,10,46192.441,,2.542418,,,True,True,
weft-quantized-vec-dot.sh,sg2044 iq3_s,vec_dot/iq3_s_q8_k.py,--march=rv64gcv_zfh_zfhmin_zvfh_zvfhmin_zfa_zba_zbb_zbc_zbs_zicbom_zicboz_zicbop_zicond_zawrs_zihintpause --abi=lp64d --vlen-bits=128 --auto-lmul-eighths 32 --auto-unroll 1 --auto-pipeline-depth 1,PASS,within-tolerance,10,65743.866,,1.786334,,,True,True,
weft-quantized-vec-dot.sh,sg2044 iq3_xxs,vec_dot/iq3_xxs_q8_k.py,--march=rv64gcv_zfh_zfhmin_zvfh_zvfhmin_zfa_zba_zbb_zbc_zbs_zicbom_zicboz_zicbop_zicond_zawrs_zihintpause --abi=lp64d --vlen-bits=128 --auto-lmul-eighths 32 --auto-unroll 1 --auto-pipeline-depth 1,PASS,within-tolerance,10,74218.203,,1.582368,,,True,True,
weft-quantized-vec-dot.sh,sg2044 iq4_nl,vec_dot/iq4_nl_q8_0.py,--march=rv64gcv_zfh_zfhmin_zvfh_zvfhmin_zfa_zba_zbb_zbc_zbs_zicbom_zicboz_zicbop_zicond_zawrs_zihintpause --abi=lp64d --vlen-bits=128,PASS,within-tolerance,10,18149.649,,6.470677,,,True,True,
weft-quantized-vec-dot.sh,sg2044 iq4_xs,vec_dot/iq4_xs_q8_k.py,--march=rv64gcv_zfh_zfhmin_zvfh_zvfhmin_zfa_zba_zbb_zbc_zbs_zicbom_zicboz_zicbop_zicond_zawrs_zihintpause --abi=lp64d --vlen-bits=128,PASS,within-tolerance,10,17326.196,,6.778205,,,True,True,
weft-quantized-vec-dot.sh,sg2044 mxfp4,vec_dot/mxfp4_q8_0.py,--march=rv64gcv_zfh_zfhmin_zvfh_zvfhmin_zfa_zba_zbb_zbc_zbs_zicbom_zicboz_zicbop_zicond_zawrs_zihintpause --abi=lp64d --vlen-bits=128,PASS,within-tolerance,10,18315.289,,6.412157,,,True,True,
weft-quantized-vec-dot.sh,sg2044 nvfp4,vec_dot/nvfp4_q8_0.py,--march=rv64gcv_zfh_zfhmin_zvfh_zvfhmin_zfa_zba_zbb_zbc_zbs_zicbom_zicboz_zicbop_zicond_zawrs_zihintpause --abi=lp64d --vlen-bits=128,PASS,within-tolerance,10,195405.190,,0.601010,,,True,True,
weft-quantized-vec-dot.sh,sg2044 q1_0,vec_dot/q1_0_q8_0.py,--march=rv64gcv_zfh_zfhmin_zvfh_zvfhmin_zfa_zba_zbb_zbc_zbs_zicbom_zicboz_zicbop_zicond_zawrs_zihintpause --abi=lp64d --vlen-bits=128 --auto-lmul-eighths 16 --auto-unroll 1 --auto-pipeline-depth 1,PASS,within-tolerance,10,10089.994,,11.639304,,,True,True,
weft-quantized-vec-dot.sh,sg2044 q2_k,vec_dot/q2_k_q8_k.py,--march=rv64gcv_zfh_zfhmin_zvfh_zvfhmin_zfa_zba_zbb_zbc_zbs_zicbom_zicboz_zicbop_zicond_zawrs_zihintpause --abi=lp64d --vlen-bits=128 --auto-unroll 8 --auto-pipeline-depth 1 --auto-scalar-load-prime 1,PASS,within-tolerance,10,14471.472,,8.115312,,,True,True,
weft-quantized-vec-dot.sh,sg2044 q3_k,vec_dot/q3_k_q8_k.py,--march=rv64gcv_zfh_zfhmin_zvfh_zvfhmin_zfa_zba_zbb_zbc_zbs_zicbom_zicboz_zicbop_zicond_zawrs_zihintpause --abi=lp64d --vlen-bits=128 --auto-lmul-eighths 32 --auto-unroll 1 --auto-pipeline-depth 1 --auto-scalar-load-prime 1,PASS,within-tolerance,10,15766.709,,7.448639,,,True,True,
weft-quantized-vec-dot.sh,sg2044 q4_0,vec_dot/q4_0_q8_0.py,--march=rv64gcv_zfh_zfhmin_zvfh_zvfhmin_zfa_zba_zbb_zbc_zbs_zicbom_zicboz_zicbop_zicond_zawrs_zihintpause --abi=lp64d --vlen-bits=128,PASS,within-tolerance,10,15930.510,,7.372050,,,True,True,
weft-quantized-vec-dot.sh,sg2044 q4_1,vec_dot/q4_1_q8_1.py,--march=rv64gcv_zfh_zfhmin_zvfh_zvfhmin_zfa_zba_zbb_zbc_zbs_zicbom_zicboz_zicbop_zicond_zawrs_zihintpause --abi=lp64d --vlen-bits=128,PASS,within-tolerance,10,21435.973,,5.478665,,,True,True,
weft-quantized-vec-dot.sh,sg2044 q4_k,vec_dot/q4_k_q8_k.py,--march=rv64gcv_zfh_zfhmin_zvfh_zvfhmin_zfa_zba_zbb_zbc_zbs_zicbom_zicboz_zicbop_zicond_zawrs_zihintpause --abi=lp64d --vlen-bits=128 --auto-unroll 8 --auto-pipeline-depth 1,PASS,within-tolerance,10,33922.697,,3.462004,,,True,True,
weft-quantized-vec-dot.sh,sg2044 q5_0,vec_dot/q5_0_q8_0.py,--march=rv64gcv_zfh_zfhmin_zvfh_zvfhmin_zfa_zba_zbb_zbc_zbs_zicbom_zicboz_zicbop_zicond_zawrs_zihintpause --abi=lp64d --vlen-bits=128 --auto-lmul-eighths 16 --auto-unroll 1 --auto-pipeline-depth 1,PASS,within-tolerance,10,20862.160,,5.629355,,,True,True,
weft-quantized-vec-dot.sh,sg2044 q5_1,vec_dot/q5_1_q8_1.py,--march=rv64gcv_zfh_zfhmin_zvfh_zvfhmin_zfa_zba_zbb_zbc_zbs_zicbom_zicboz_zicbop_zicond_zawrs_zihintpause --abi=lp64d --vlen-bits=128 --auto-lmul-eighths 16 --auto-unroll 1 --auto-pipeline-depth 1,PASS,within-tolerance,10,24623.537,,4.769441,,,True,True,
weft-quantized-vec-dot.sh,sg2044 q5_k,vec_dot/q5_k_q8_k.py,--march=rv64gcv_zfh_zfhmin_zvfh_zvfhmin_zfa_zba_zbb_zbc_zbs_zicbom_zicboz_zicbop_zicond_zawrs_zihintpause --abi=lp64d --vlen-bits=128,PASS,within-tolerance,10,26944.897,,4.358544,,,True,True,
weft-quantized-vec-dot.sh,sg2044 q6_k,vec_dot/q6_k_q8_k.py,--march=rv64gcv_zfh_zfhmin_zvfh_zvfhmin_zfa_zba_zbb_zbc_zbs_zicbom_zicboz_zicbop_zicond_zawrs_zihintpause --abi=lp64d --vlen-bits=128 --auto-lmul-eighths 32 --auto-unroll 2 --auto-pipeline-depth 1,PASS,within-tolerance,10,24784.467,,4.738472,,,True,True,
weft-quantized-vec-dot.sh,sg2044 q8_0,vec_dot/q8_0_q8_0.py,--march=rv64gcv_zfh_zfhmin_zvfh_zvfhmin_zfa_zba_zbb_zbc_zbs_zicbom_zicboz_zicbop_zicond_zawrs_zihintpause --abi=lp64d --vlen-bits=128 --auto-lmul-eighths 8 --auto-unroll 1 --auto-pipeline-depth 1,PASS,within-tolerance,10,16242.560,,7.230419,,,True,True,
weft-quantized-vec-dot.sh,sg2044 tq1_0,vec_dot/tq1_0_q8_k.py,--march=rv64gcv_zfh_zfhmin_zvfh_zvfhmin_zfa_zba_zbb_zbc_zbs_zicbom_zicboz_zicbop_zicond_zawrs_zihintpause --abi=lp64d --vlen-bits=128 --auto-lmul-eighths 8 --auto-unroll 1 --auto-pipeline-depth 1,PASS,within-tolerance,10,24366.686,,4.819716,,,True,True,
weft-quantized-vec-dot.sh,sg2044 tq2_0,vec_dot/tq2_0_q8_k.py,--march=rv64gcv_zfh_zfhmin_zvfh_zvfhmin_zfa_zba_zbb_zbc_zbs_zicbom_zicboz_zicbop_zicond_zawrs_zihintpause --abi=lp64d --vlen-bits=128,PASS,within-tolerance,10,11882.292,,9.883658,,,True,True,
weft-row-dequantize.sh,sg2044 iq1_m,dequantize/iq1_m.py,--march=rv64gcv_zfh_zfhmin_zvfh_zvfhmin_zfa_zba_zbb_zbc_zbs_zicbom_zicboz_zicbop_zicond_zawrs_zihintpause --abi=lp64d --vlen-bits=128,PASS,within-tolerance,10,6002.236,,,698.790193,,True,True,
weft-row-dequantize.sh,sg2044 iq1_s,dequantize/iq1_s.py,--march=rv64gcv_zfh_zfhmin_zvfh_zvfhmin_zfa_zba_zbb_zbc_zbs_zicbom_zicboz_zicbop_zicond_zawrs_zihintpause --abi=lp64d --vlen-bits=128,PASS,within-tolerance,10,5772.895,,,726.551236,,True,True,
weft-row-dequantize.sh,sg2044 iq2_s,dequantize/iq2_s.py,--march=rv64gcv_zfh_zfhmin_zvfh_zvfhmin_zfa_zba_zbb_zbc_zbs_zicbom_zicboz_zicbop_zicond_zawrs_zihintpause --abi=lp64d --vlen-bits=128 --auto-lmul-eighths 64,PASS,within-tolerance,10,6411.188,,,654.216348,,True,True,
weft-row-dequantize.sh,sg2044 iq2_xs,dequantize/iq2_xs.py,--march=rv64gcv_zfh_zfhmin_zvfh_zvfhmin_zfa_zba_zbb_zbc_zbs_zicbom_zicboz_zicbop_zicond_zawrs_zihintpause --abi=lp64d --vlen-bits=128,PASS,within-tolerance,10,5935.666,,,706.627361,,True,True,
weft-row-dequantize.sh,sg2044 iq2_xxs,dequantize/iq2_xxs.py,--march=rv64gcv_zfh_zfhmin_zvfh_zvfhmin_zfa_zba_zbb_zbc_zbs_zicbom_zicboz_zicbop_zicond_zawrs_zihintpause --abi=lp64d --vlen-bits=128 --auto-lmul-eighths 16,PASS,within-tolerance,10,5964.456,,,703.216521,,True,True,
weft-row-dequantize.sh,sg2044 iq3_s,dequantize/iq3_s.py,--march=rv64gcv_zfh_zfhmin_zvfh_zvfhmin_zfa_zba_zbb_zbc_zbs_zicbom_zicboz_zicbop_zicond_zawrs_zihintpause --abi=lp64d --vlen-bits=128,PASS,within-tolerance,10,16435.311,,,255.200769,,True,True,
weft-row-dequantize.sh,sg2044 iq3_xxs,dequantize/iq3_xxs.py,--march=rv64gcv_zfh_zfhmin_zvfh_zvfhmin_zfa_zba_zbb_zbc_zbs_zicbom_zicboz_zicbop_zicond_zawrs_zihintpause --abi=lp64d --vlen-bits=128,PASS,within-tolerance,10,8919.459,,,470.241973,,True,True,
weft-row-dequantize.sh,sg2044 iq4_nl,dequantize/iq4_nl.py,--march=rv64gcv_zfh_zfhmin_zvfh_zvfhmin_zfa_zba_zbb_zbc_zbs_zicbom_zicboz_zicbop_zicond_zawrs_zihintpause --abi=lp64d --vlen-bits=128,PASS,within-tolerance,10,5691.135,,,736.989084,,True,True,
weft-row-dequantize.sh,sg2044 iq4_xs,dequantize/iq4_xs.py,--march=rv64gcv_zfh_zfhmin_zvfh_zvfhmin_zfa_zba_zbb_zbc_zbs_zicbom_zicboz_zicbop_zicond_zawrs_zihintpause --abi=lp64d --vlen-bits=128,PASS,within-tolerance,10,5837.666,,,718.489951,,True,True,
weft-row-dequantize.sh,sg2044 mxfp4,dequantize/mxfp4.py,--march=rv64gcv_zfh_zfhmin_zvfh_zvfhmin_zfa_zba_zbb_zbc_zbs_zicbom_zicboz_zicbop_zicond_zawrs_zihintpause --abi=lp64d --vlen-bits=128,PASS,within-tolerance,10,5688.065,,,737.386856,,True,True,
weft-row-dequantize.sh,sg2044 nvfp4,dequantize/nvfp4.py,--march=rv64gcv_zfh_zfhmin_zvfh_zvfhmin_zfa_zba_zbb_zbc_zbs_zicbom_zicboz_zicbop_zicond_zawrs_zihintpause --abi=lp64d --vlen-bits=128,PASS,within-tolerance,10,5707.415,,,734.886810,,True,True,
weft-row-dequantize.sh,sg2044 q1_0,dequantize/q1_0.py,--march=rv64gcv_zfh_zfhmin_zvfh_zvfhmin_zfa_zba_zbb_zbc_zbs_zicbom_zicboz_zicbop_zicond_zawrs_zihintpause --abi=lp64d --vlen-bits=128 --auto-lmul-eighths 16,PASS,within-tolerance,10,5645.955,,,742.886544,,True,True,
weft-row-dequantize.sh,sg2044 q2_k,dequantize/q2_k.py,--march=rv64gcv_zfh_zfhmin_zvfh_zvfhmin_zfa_zba_zbb_zbc_zbs_zicbom_zicboz_zicbop_zicond_zawrs_zihintpause --abi=lp64d --vlen-bits=128,PASS,within-tolerance,10,6540.458,,,641.285977,,True,True,
weft-row-dequantize.sh,sg2044 q3_k,dequantize/q3_k.py,--march=rv64gcv_zfh_zfhmin_zvfh_zvfhmin_zfa_zba_zbb_zbc_zbs_zicbom_zicboz_zicbop_zicond_zawrs_zihintpause --abi=lp64d --vlen-bits=128,PASS,within-tolerance,10,9982.904,,,420.148707,,True,True,
weft-row-dequantize.sh,sg2044 q4_0,dequantize/q4_0.py,--march=rv64gcv_zfh_zfhmin_zvfh_zvfhmin_zfa_zba_zbb_zbc_zbs_zicbom_zicboz_zicbop_zicond_zawrs_zihintpause --abi=lp64d --vlen-bits=128,PASS,within-tolerance,10,5699.125,,,735.955783,,True,True,
weft-row-dequantize.sh,sg2044 q4_1,dequantize/q4_1.py,--march=rv64gcv_zfh_zfhmin_zvfh_zvfhmin_zfa_zba_zbb_zbc_zbs_zicbom_zicboz_zicbop_zicond_zawrs_zihintpause --abi=lp64d --vlen-bits=128,PASS,within-tolerance,10,5699.534,,,735.902970,,True,True,
weft-row-dequantize.sh,sg2044 q4_k,dequantize/q4_k.py,--march=rv64gcv_zfh_zfhmin_zvfh_zvfhmin_zfa_zba_zbb_zbc_zbs_zicbom_zicboz_zicbop_zicond_zawrs_zihintpause --abi=lp64d --vlen-bits=128,PASS,within-tolerance,10,9463.501,,,443.208491,,True,True,
weft-row-dequantize.sh,sg2044 q5_0,dequantize/q5_0.py,--march=rv64gcv_zfh_zfhmin_zvfh_zvfhmin_zfa_zba_zbb_zbc_zbs_zicbom_zicboz_zicbop_zicond_zawrs_zihintpause --abi=lp64d --vlen-bits=128,PASS,within-tolerance,10,5715.425,,,733.856887,,True,True,
weft-row-dequantize.sh,sg2044 q5_1,dequantize/q5_1.py,--march=rv64gcv_zfh_zfhmin_zvfh_zvfhmin_zfa_zba_zbb_zbc_zbs_zicbom_zicboz_zicbop_zicond_zawrs_zihintpause --abi=lp64d --vlen-bits=128,PASS,within-tolerance,10,5721.275,,,733.106519,,True,True,
weft-row-dequantize.sh,sg2044 q5_k,dequantize/q5_k.py,--march=rv64gcv_zfh_zfhmin_zvfh_zvfhmin_zfa_zba_zbb_zbc_zbs_zicbom_zicboz_zicbop_zicond_zawrs_zihintpause --abi=lp64d --vlen-bits=128,PASS,within-tolerance,10,15112.306,,,277.542289,,True,True,
weft-row-dequantize.sh,sg2044 q6_k,dequantize/q6_k.py,--march=rv64gcv_zfh_zfhmin_zvfh_zvfhmin_zfa_zba_zbb_zbc_zbs_zicbom_zicboz_zicbop_zicond_zawrs_zihintpause --abi=lp64d --vlen-bits=128,PASS,within-tolerance,10,13187.027,,,318.062896,,True,True,
weft-row-dequantize.sh,sg2044 q8_0,dequantize/q8_0.py,--march=rv64gcv_zfh_zfhmin_zvfh_zvfhmin_zfa_zba_zbb_zbc_zbs_zicbom_zicboz_zicbop_zicond_zawrs_zihintpause --abi=lp64d --vlen-bits=128,PASS,within-tolerance,10,5787.705,,,724.692084,,True,True,
weft-row-dequantize.sh,sg2044 tq1_0,dequantize/tq1_0.py,--march=rv64gcv_zfh_zfhmin_zvfh_zvfhmin_zfa_zba_zbb_zbc_zbs_zicbom_zicboz_zicbop_zicond_zawrs_zihintpause --abi=lp64d --vlen-bits=128 --auto-lmul-eighths 32,PASS,within-tolerance,10,5620.655,,,746.230532,,True,True,
weft-row-dequantize.sh,sg2044 tq2_0,dequantize/tq2_0.py,--march=rv64gcv_zfh_zfhmin_zvfh_zvfhmin_zfa_zba_zbb_zbc_zbs_zicbom_zicboz_zicbop_zicond_zawrs_zihintpause --abi=lp64d --vlen-bits=128 --auto-lmul-eighths 32,PASS,within-tolerance,10,5726.215,,,732.474069,,True,True,
weft-mul-mat.sh,sg2044 iq2_s_staged decode,mul_mat/iq2_s_staged.py,--march=rv64gcv_zfh_zfhmin_zvfh_zvfhmin_zfa_zba_zbb_zbc_zbs_zicbom_zicboz_zicbop_zicond_zawrs_zihintpause --abi=lp64d --vlen-bits=128 --meta NC=64 --meta KC=256 --meta MC=16 --meta MR=4 --meta NR=2 --auto-lmul-eighths=16 --auto-unroll=1 --auto-pipeline-depth=1,UNCHANGED_REJECTION,,10,,,,,,,,error: nested scaled contraction has no legal full-product carrier under the target resource contract
weft-mul-mat.sh,sg2044 iq2_xs_staged decode,mul_mat/iq2_xs_staged.py,--march=rv64gcv_zfh_zfhmin_zvfh_zvfhmin_zfa_zba_zbb_zbc_zbs_zicbom_zicboz_zicbop_zicond_zawrs_zihintpause --abi=lp64d --vlen-bits=128 --meta NC=64 --meta KC=256 --meta MC=16 --meta MR=2 --meta NR=2 --auto-lmul-eighths=16 --auto-unroll=1 --auto-pipeline-depth=1,UNCHANGED_REJECTION,,10,,,,,,,,error: nested scaled contraction has no legal full-product carrier under the target resource contract
weft-mul-mat.sh,sg2044 iq2_xxs_staged decode,mul_mat/iq2_xxs_staged.py,--march=rv64gcv_zfh_zfhmin_zvfh_zvfhmin_zfa_zba_zbb_zbc_zbs_zicbom_zicboz_zicbop_zicond_zawrs_zihintpause --abi=lp64d --vlen-bits=128 --meta NC=64 --meta KC=256 --meta MC=16 --meta MR=1 --meta NR=2 --auto-lmul-eighths=16 --auto-unroll=1 --auto-pipeline-depth=1,PASS,within-tolerance,10,9183.790,,3.653658,,,True,True,
weft-mul-mat.sh,sg2044 q4_k_persistent decode,mul_mat/q4_k_persistent.py,--march=rv64gcv_zfh_zfhmin_zvfh_zvfhmin_zfa_zba_zbb_zbc_zbs_zicbom_zicboz_zicbop_zicond_zawrs_zihintpause --abi=lp64d --vlen-bits=128 --auto-lmul-eighths=32 --auto-unroll=2 --auto-pipeline-depth=1,PASS,within-tolerance,10,3446.405,,9.736068,,,True,True,
weft-mul-mat.sh,sg2044 q4_k_persistent prefill,mul_mat/q4_k_persistent.py,--march=rv64gcv_zfh_zfhmin_zvfh_zvfhmin_zfa_zba_zbb_zbc_zbs_zicbom_zicboz_zicbop_zicond_zawrs_zihintpause --abi=lp64d --vlen-bits=128 --auto-lmul-eighths=32 --auto-unroll=2 --auto-pipeline-depth=1,PASS,within-tolerance,10,438274.629,,9.799717,,,True,True,
weft-mul-mat.sh,sg2044 q4_k_staged decode,mul_mat/q4_k_staged.py,--march=rv64gcv_zfh_zfhmin_zvfh_zvfhmin_zfa_zba_zbb_zbc_zbs_zicbom_zicboz_zicbop_zicond_zawrs_zihintpause --abi=lp64d --vlen-bits=128 --meta NC=64 --meta KC=256 --meta MC=16 --meta MR=1 --auto-lmul-eighths=32 --auto-unroll=2 --auto-pipeline-depth=1,PASS,within-tolerance,10,12685.725,,2.645054,,,True,True,
