kernel,target,phase,ratio,measurement,status,cluster,entity,work_ledger,owner,needs,source,evidence,repro,this_round
iq2_xxs_q8_k,SG2044,decode,0.493772,targeted-rerun,待定,02-metadata-read-identity,IQ2_XXS 自然u16字节投影、word1的scalar/vector消费及issue地址序列,纠正旧C表面账：实际汇编每256元素sign读取32B，scale另8次LBU共8B，metadata为40B而非64B；grid半字重复读取64B，donor直接读取32B。共享组合原型仅省8B，却使K1新增8条vslidedown及向量reload。保留SG unroll 2->1，动态product/reduction计数不变。,lib/Target/PlanRISCVMemory.cpp; lib/Target/RISCVPhysicalSupport.cpp::analyzeIndexedEntryRelation; lib/Target/MaterializeRISCVPartialAccumulators.cpp::cloneIssueWindow,自然u16读取的unsigned byte投影(2*word_index+byte_phase)与原读取时点、范围、alignment、RVV布局的完整合同；或二维group步距+entry重复关系。metadata共享必须比较8B重读与跨reduction提取/lifetime成本，不能继续直接共用clone map或无条件扩大rematerialization。,examples/kernels/vec_dot/iq2_xxs_q8_k.py:24; examples/kernels/vec_dot/iq2_xxs_q8_k.py:26; examples/kernels/dequantize/iq2_xxs.py:20; examples/kernels/mul_mat/iq2_xxs_staged.py:13; lib/Target/RISCVPhysicalSupport.cpp:1381,report/ratio95-pending.csv; /tmp/weft-ratio95-supply.ShJU9a/baseline-sg2044.jsonl; /tmp/weft-ratio95-supply.ShJU9a/field-identity-after/results.json; /tmp/weft-ratio95-supply.ShJU9a/field-logical-identity-after/results.json; /tmp/weft-ratio95-issue-supply.uhgKOr/selected-final-sg2044.jsonl; /tmp/weft-ratio95-issue-supply.uhgKOr/selected-final-sg2044-000-iq2_xxs_q8_k-decode.log; /tmp/weft-ratio95-issue-supply.uhgKOr/sg-iq2-unroll1.s; /tmp/weft-ratio95-issue-supply.uhgKOr/rejected-issue-cache-fixedpoint.diff,WEFT_KEEP_ARTIFACTS=1 examples/run/weft-quantized-vec-dot.sh sg2044 iq2_xxs 10,保留已验证的SG unroll=1绑定；两版共享原型均撤回；修正实际读取工作账；仍待定
mul_mat_iq2_xxs,SG2044,decode,0.501450,targeted-rerun,待定,02-metadata-read-identity,IQ2_XXS 自然u16字节投影、word1的scalar/vector消费及issue地址序列,纠正旧C表面账：实际汇编每256元素sign读取32B，scale另8次LBU共8B，metadata为40B而非64B；grid半字重复读取64B，donor直接读取32B。共享组合原型仅省8B，却使K1新增8条vslidedown及向量reload。保留SG unroll 2->1，动态product/reduction计数不变。,lib/Target/PlanRISCVMemory.cpp; lib/Target/RISCVPhysicalSupport.cpp::analyzeIndexedEntryRelation; lib/Target/MaterializeRISCVPartialAccumulators.cpp::cloneIssueWindow,自然u16读取的unsigned byte投影(2*word_index+byte_phase)与原读取时点、范围、alignment、RVV布局的完整合同；或二维group步距+entry重复关系。metadata共享必须比较8B重读与跨reduction提取/lifetime成本，不能继续直接共用clone map或无条件扩大rematerialization。,examples/kernels/vec_dot/iq2_xxs_q8_k.py:24; examples/kernels/vec_dot/iq2_xxs_q8_k.py:26; examples/kernels/dequantize/iq2_xxs.py:20; examples/kernels/mul_mat/iq2_xxs_staged.py:13; lib/Target/RISCVPhysicalSupport.cpp:1381,report/ratio95-pending.csv; /tmp/weft-ratio95-supply.ShJU9a/baseline-sg2044.jsonl; /tmp/weft-ratio95-supply.ShJU9a/field-identity-after/results.json; /tmp/weft-ratio95-supply.ShJU9a/field-logical-identity-after/results.json; /tmp/weft-ratio95-issue-supply.uhgKOr/selected-final-sg2044.jsonl; /tmp/weft-ratio95-issue-supply.uhgKOr/selected-final-sg2044-001-mul_mat_iq2_xxs-decode.log; /tmp/weft-ratio95-issue-supply.uhgKOr/sg-iq2-unroll1.s; /tmp/weft-ratio95-issue-supply.uhgKOr/rejected-issue-cache-fixedpoint.diff,WEFT_KEEP_ARTIFACTS=1 examples/run/weft-mul-mat.sh sg2044 iq2_xxs decode 10,保留已验证的SG unroll=1绑定；两版共享原型均撤回；修正实际读取工作账；仍待定
mul_mat_tq1_0,SG2044,prefill,0.572751,targeted-rerun,待定,05-radix-carrier,lane16 radix decode -> si16 SCF carry / replica partial,每 256 元素当前为 tail16 + 5x3x16，即 16 次 digit issue；donor 5x32 + 5x16 + 16，即 11 次。已将 15 次 product+add 合成 MAC：standalone/decode 为 1 vwmul + 15 vwmacc + 1 vwredsum，0 vadd。,lib/Target/SelectRISCVOperations.cpp::selectLoopCarriedWidenProducts; lib/Target/CanonicalizeRISCVLayouts.cpp; lib/Target/MaterializeRISCVPartialAccumulators.cpp,混合 32/16 carrier、center/narrow/widen 局部关系与完整活跃资源合同；prefill 还需 free-axis replica carry 关系。当前证据不能证明额外 shift 是 radix 的数学下界。,examples/kernels/vec_dot/tq1_0_q8_k_lane16.py; lib/Target/SelectRISCVOperations.cpp:151; source/c/ggml/llama.cpp/ggml/src/ggml-cpu/arch/riscv/quants.c:5975,report/ratio95-pending.csv; /tmp/weft-ratio95-supply.ShJU9a/baseline-sg2044.jsonl; /tmp/weft-ratio95-issue-supply.uhgKOr/issue-fixedpoint-sg2044.jsonl; /tmp/weft-ratio95-issue-supply.uhgKOr/issue-fixedpoint-sg2044-002-mul_mat_tq1_0-prefill.log,WEFT_KEEP_ARTIFACTS=1 examples/run/weft-mul-mat.sh sg2044 tq1_0 prefill 10,相关入口数值复跑通过；最新保留阶段=issue-fixedpoint；未将该行描述为已达线
mul_mat_iq1_s,SG2044,prefill,0.645231,targeted-rerun,待定,01-sibling-supply,w.qh[group] -> grid-index/delta -> sibling reductions,qh 原始 field load 已共享为 1 次；grid-index 与 delta 两支的 issue slice/向量表示仍分别形成，不能再归因于原始 qh 重复读取。,lib/Target/PropagateRISCVLayouts.cpp::reductionSupplyRoles; lib/Target/ShareRISCVLayeredWindows.cpp,free-axis/replica 供应与投影合同及兄弟 partial lifetime；本轮完整一维 segment pair 不覆盖该多轴输入，不能套用 standalone 的收益。 同issue共用clone map及CSE/rematerialization固定点的本轮组合在SG standalone/decode约回退5%，已撤回；原始read唯一不等于下游投影应无条件共享。,examples/kernels/vec_dot/iq1_s_q8_k.py:21; lib/Target/PropagateRISCVLayouts.cpp:661,report/ratio95-pending.csv; /tmp/weft-ratio95-supply.ShJU9a/baseline-sg2044.jsonl; /tmp/weft-ratio95-supply.ShJU9a/segment-pair-sg2044.jsonl; /tmp/weft-ratio95-issue-supply.uhgKOr/restored-sg2044.jsonl; /tmp/weft-ratio95-issue-supply.uhgKOr/restored-sg2044-002-mul_mat_iq1_s-prefill.log; /tmp/weft-ratio95-issue-supply.uhgKOr/issue-fixedpoint-sg2044.jsonl; /tmp/weft-ratio95-issue-supply.uhgKOr/restored-sg2044.jsonl,WEFT_KEEP_ARTIFACTS=1 examples/run/weft-mul-mat.sh sg2044 iq1_s prefill 10,相关入口数值复跑通过；最新保留阶段=restored；未将该行描述为已达线
mul_mat_iq1_m,K1/X60,decode,0.652837,targeted-rerun,待定,01-sibling-supply,main/correction 的 4 x 64 issue 与 scale partial,每 256 元素：main/correction 各 4 个 issue，共 8 activation loads、8 products、32 partial reductions；donor 保留 2 个 i32 accumulator 后 2 次最终 reduction。,lib/Target/MaterializeRISCVPartialAccumulators.cpp::matchReplicaScaledDotReduction; PlanRISCVPartialTopologiesPass; lib/Target/ShareRISCVLayeredWindows.cpp,先联合 main/correction 的源坐标供应及 partial-set/resource 规划，再判断是否剩下不可保持原数值边界的差距；scale 与 widening/overflow 结合点不得静默改变。,examples/kernels/vec_dot/iq1_m_q8_k.py:20; lib/Target/MaterializeRISCVPartialAccumulators.cpp:3010; source/c/ggml/llama.cpp/ggml/src/ggml-cpu/arch/riscv/quants.c:3184,report/ratio95-pending.csv; /tmp/weft-ratio95-supply.ShJU9a/baseline-k1.jsonl; /tmp/weft-ratio95-issue-supply.uhgKOr/issue-fixedpoint-k1.jsonl; /tmp/weft-ratio95-issue-supply.uhgKOr/issue-fixedpoint-k1-000-mul_mat_iq1_m-decode.log,WEFT_KEEP_ARTIFACTS=1 examples/run/weft-mul-mat.sh k1 iq1_m decode 10,相关入口数值复跑通过；最新保留阶段=issue-fixedpoint；未将该行描述为已达线
iq1_m_q8_k,K1/X60,decode,0.658910,targeted-rerun,待定,01-sibling-supply,main/correction 的 4 x 64 issue 与 scale partial,每 256 元素：main/correction 各 4 个 issue，共 8 activation loads、8 products、32 partial reductions；donor 保留 2 个 i32 accumulator 后 2 次最终 reduction。,lib/Target/MaterializeRISCVPartialAccumulators.cpp::matchReplicaScaledDotReduction; PlanRISCVPartialTopologiesPass; lib/Target/ShareRISCVLayeredWindows.cpp,先联合 main/correction 的源坐标供应及 partial-set/resource 规划，再判断是否剩下不可保持原数值边界的差距；scale 与 widening/overflow 结合点不得静默改变。,examples/kernels/vec_dot/iq1_m_q8_k.py:20; lib/Target/MaterializeRISCVPartialAccumulators.cpp:3010; source/c/ggml/llama.cpp/ggml/src/ggml-cpu/arch/riscv/quants.c:3184,report/ratio95-pending.csv; /tmp/weft-ratio95-supply.ShJU9a/baseline-k1.jsonl; /tmp/weft-ratio95-issue-supply.uhgKOr/issue-fixedpoint-k1.jsonl; /tmp/weft-ratio95-issue-supply.uhgKOr/issue-fixedpoint-k1-001-iq1_m_q8_k-decode.log,WEFT_KEEP_ARTIFACTS=1 examples/run/weft-quantized-vec-dot.sh k1 iq1_m 10,相关入口数值复跑通过；最新保留阶段=issue-fixedpoint；未将该行描述为已达线
dequantize_row_iq3_s,SG2044,tensor,0.732900,targeted-rerun,待定,12-half-byte-projection,I8X4 entry reshape 与 half-byte sign window,"[entry2,payload4] reshape 被 identical-carrier-partition 合同拒绝；subtile4 缺 half-byte sign window；显式 global 4-index 版本数值通过但 ratio 0.352574，已撤回。",lib/Target/RISCVPhysicalSupport.cpp; lib/Target/ShareRISCVLayeredWindows.cpp; lib/Target/CanonicalizeRISCVLayouts.cpp,4-element lookup payload 和 half-byte storage/sign 的坐标投影复用，保持 bit phase、8-bit storage 和资源闭合；不需要先改数值算法。,examples/kernels/dequantize/iq3_s.py; lib/Target/ShareRISCVLayeredWindows.cpp; lib/Target/CanonicalizeRISCVLayouts.cpp,report/ratio95-pending.csv; /tmp/weft-ratio95-supply.ShJU9a/baseline-sg2044.jsonl,WEFT_KEEP_ARTIFACTS=1 examples/run/weft-row-dequantize.sh sg2044 iq3_s 10,本轮未触及；沿用上一轮实体定位与测量，不宣称重新验过
tq1_0_q8_k,SG2044,decode,0.743306,targeted-rerun,待定,05-radix-carrier,lane16 radix decode -> si16 SCF carry / replica partial,每 256 元素当前为 tail16 + 5x3x16，即 16 次 digit issue；donor 5x32 + 5x16 + 16，即 11 次。已将 15 次 product+add 合成 MAC：standalone/decode 为 1 vwmul + 15 vwmacc + 1 vwredsum，0 vadd。,lib/Target/SelectRISCVOperations.cpp::selectLoopCarriedWidenProducts; lib/Target/CanonicalizeRISCVLayouts.cpp; lib/Target/MaterializeRISCVPartialAccumulators.cpp,混合 32/16 carrier、center/narrow/widen 局部关系与完整活跃资源合同；prefill 还需 free-axis replica carry 关系。当前证据不能证明额外 shift 是 radix 的数学下界。,examples/kernels/vec_dot/tq1_0_q8_k_lane16.py; lib/Target/SelectRISCVOperations.cpp:151; source/c/ggml/llama.cpp/ggml/src/ggml-cpu/arch/riscv/quants.c:5975,report/ratio95-pending.csv; /tmp/weft-ratio95-supply.ShJU9a/baseline-sg2044.jsonl; /tmp/weft-ratio95-issue-supply.uhgKOr/restored-sg2044.jsonl; /tmp/weft-ratio95-issue-supply.uhgKOr/restored-sg2044-003-tq1_0_q8_k-decode.log,WEFT_KEEP_ARTIFACTS=1 examples/run/weft-quantized-vec-dot.sh sg2044 tq1_0 10,相关入口数值复跑通过；最新保留阶段=restored；未将该行描述为已达线
iq3_xxs_q8_k,SG2044,decode,0.761414,targeted-rerun,待定,04-entry-pairing-index-live-set,I8X4 lookup / sign broadcast index / data-partial live set,metadata 已是每块 32 B 且 sign/scale 共用 SSA；直接扩展的 entry index 已降到 EEW16。当前每 64 元素 16 个 4 B entry，donor 8 个 8 B entry；sign 位运算链仍为 u32。,lib/Target/PlanRISCVMemory.cpp::materializeEntryByteOffsets; lib/Target/ShareRISCVLayeredWindows.cpp; lib/Target/MaterializeRISCVPartialAccumulators.cpp,表达成对 4 B entry 到 8 B entry 的源坐标关系及 sign 广播复用，联合估计 index/data/partial 生存期；不要对任意 u32 运算链追加 narrow。,examples/kernels/vec_dot/iq3_xxs_q8_k.py:8; lib/Target/PlanRISCVMemory.cpp:313; source/c/ggml/llama.cpp/ggml/src/ggml-cpu/arch/riscv/quants.c:5107,report/ratio95-pending.csv; /tmp/weft-ratio95-supply.ShJU9a/baseline-sg2044.jsonl; /tmp/weft-ratio95-issue-supply.uhgKOr/issue-cache-sg2044.jsonl; /tmp/weft-ratio95-issue-supply.uhgKOr/issue-cache-sg2044-005-iq3_xxs_q8_k-decode.log,WEFT_KEEP_ARTIFACTS=1 examples/run/weft-quantized-vec-dot.sh sg2044 iq3_xxs 10,相关入口数值复跑通过；最新保留阶段=issue-cache；未将该行描述为已达线
mul_mat_tq1_0,SG2044,decode,0.763169,targeted-rerun,待定,05-radix-carrier,lane16 radix decode -> si16 SCF carry / replica partial,每 256 元素当前为 tail16 + 5x3x16，即 16 次 digit issue；donor 5x32 + 5x16 + 16，即 11 次。已将 15 次 product+add 合成 MAC：standalone/decode 为 1 vwmul + 15 vwmacc + 1 vwredsum，0 vadd。,lib/Target/SelectRISCVOperations.cpp::selectLoopCarriedWidenProducts; lib/Target/CanonicalizeRISCVLayouts.cpp; lib/Target/MaterializeRISCVPartialAccumulators.cpp,混合 32/16 carrier、center/narrow/widen 局部关系与完整活跃资源合同；prefill 还需 free-axis replica carry 关系。当前证据不能证明额外 shift 是 radix 的数学下界。,examples/kernels/vec_dot/tq1_0_q8_k_lane16.py; lib/Target/SelectRISCVOperations.cpp:151; source/c/ggml/llama.cpp/ggml/src/ggml-cpu/arch/riscv/quants.c:5975,report/ratio95-pending.csv; /tmp/weft-ratio95-supply.ShJU9a/baseline-sg2044.jsonl; /tmp/weft-ratio95-issue-supply.uhgKOr/restored-sg2044.jsonl; /tmp/weft-ratio95-issue-supply.uhgKOr/restored-sg2044-004-mul_mat_tq1_0-decode.log,WEFT_KEEP_ARTIFACTS=1 examples/run/weft-mul-mat.sh sg2044 tq1_0 decode 10,相关入口数值复跑通过；最新保留阶段=restored；未将该行描述为已达线
iq1_s_q8_k,K1/X60,decode,0.791718,targeted-rerun,待定,01-sibling-supply,w.qh[group] -> grid-index/delta -> sibling reductions,bsum 两路 vlse16 已合为一条 vlseg2e16；原始 qh field read 已共享，grid-index、scale/delta 的 issue 表示与 sibling partial 收敛仍分离。,lib/Target/PropagateRISCVLayouts.cpp::reductionSupplyRoles; lib/Target/ShareRISCVLayeredWindows.cpp,共同 metadata value 的 shaped 供应边界及 issue 投影，联合 partial lifetime；本轮只修成对读取，不改变 main/correction 的数值树。 同issue共用clone map及CSE/rematerialization固定点的本轮组合在SG standalone/decode约回退5%，已撤回；原始read唯一不等于下游投影应无条件共享。,examples/kernels/vec_dot/iq1_s_q8_k.py:21; lib/Target/PropagateRISCVLayouts.cpp:661,report/ratio95-pending.csv; /tmp/weft-ratio95-supply.ShJU9a/baseline-k1.jsonl; /tmp/weft-ratio95-supply.ShJU9a/segment-pair-k1.jsonl; /tmp/weft-ratio95-issue-supply.uhgKOr/restored-k1.jsonl; /tmp/weft-ratio95-issue-supply.uhgKOr/restored-k1-000-iq1_s_q8_k-decode.log; /tmp/weft-ratio95-issue-supply.uhgKOr/issue-fixedpoint-sg2044.jsonl; /tmp/weft-ratio95-issue-supply.uhgKOr/restored-sg2044.jsonl,WEFT_KEEP_ARTIFACTS=1 examples/run/weft-quantized-vec-dot.sh k1 iq1_s 10,相关入口数值复跑通过；最新保留阶段=restored；未将该行描述为已达线
iq1_s_q8_k,SG2044,decode,0.805554,targeted-rerun,待定,01-sibling-supply,w.qh[group] -> grid-index/delta -> sibling reductions,bsum 两路 vlse16 已合为一条 vlseg2e16；原始 qh field read 已共享，grid-index、scale/delta 的 issue 表示与 sibling partial 收敛仍分离。,lib/Target/PropagateRISCVLayouts.cpp::reductionSupplyRoles; lib/Target/ShareRISCVLayeredWindows.cpp,共同 metadata value 的 shaped 供应边界及 issue 投影，联合 partial lifetime；本轮只修成对读取，不改变 main/correction 的数值树。 同issue共用clone map及CSE/rematerialization固定点的本轮组合在SG standalone/decode约回退5%，已撤回；原始read唯一不等于下游投影应无条件共享。,examples/kernels/vec_dot/iq1_s_q8_k.py:21; lib/Target/PropagateRISCVLayouts.cpp:661,report/ratio95-pending.csv; /tmp/weft-ratio95-supply.ShJU9a/baseline-sg2044.jsonl; /tmp/weft-ratio95-supply.ShJU9a/segment-pair-sg2044.jsonl; /tmp/weft-ratio95-issue-supply.uhgKOr/restored-sg2044.jsonl; /tmp/weft-ratio95-issue-supply.uhgKOr/restored-sg2044-005-iq1_s_q8_k-decode.log; /tmp/weft-ratio95-issue-supply.uhgKOr/issue-fixedpoint-sg2044.jsonl; /tmp/weft-ratio95-issue-supply.uhgKOr/restored-sg2044.jsonl,WEFT_KEEP_ARTIFACTS=1 examples/run/weft-quantized-vec-dot.sh sg2044 iq1_s 10,相关入口数值复跑通过；最新保留阶段=restored；未将该行描述为已达线
mul_mat_iq1_s,K1/X60,decode,0.808785,targeted-rerun,待定,01-sibling-supply,w.qh[group] -> grid-index/delta -> sibling reductions,bsum 两路 vlse16 已合为一条 vlseg2e16；原始 qh field read 已共享，grid-index、scale/delta 的 issue 表示与 sibling partial 收敛仍分离。,lib/Target/PropagateRISCVLayouts.cpp::reductionSupplyRoles; lib/Target/ShareRISCVLayeredWindows.cpp,共同 metadata value 的 shaped 供应边界及 issue 投影，联合 partial lifetime；本轮只修成对读取，不改变 main/correction 的数值树。 同issue共用clone map及CSE/rematerialization固定点的本轮组合在SG standalone/decode约回退5%，已撤回；原始read唯一不等于下游投影应无条件共享。,examples/kernels/vec_dot/iq1_s_q8_k.py:21; lib/Target/PropagateRISCVLayouts.cpp:661,report/ratio95-pending.csv; /tmp/weft-ratio95-supply.ShJU9a/baseline-k1.jsonl; /tmp/weft-ratio95-supply.ShJU9a/segment-pair-k1.jsonl; /tmp/weft-ratio95-issue-supply.uhgKOr/restored-k1.jsonl; /tmp/weft-ratio95-issue-supply.uhgKOr/restored-k1-001-mul_mat_iq1_s-decode.log; /tmp/weft-ratio95-issue-supply.uhgKOr/issue-fixedpoint-sg2044.jsonl; /tmp/weft-ratio95-issue-supply.uhgKOr/restored-sg2044.jsonl,WEFT_KEEP_ARTIFACTS=1 examples/run/weft-mul-mat.sh k1 iq1_s decode 10,相关入口数值复跑通过；最新保留阶段=restored；未将该行描述为已达线
mul_mat_iq1_s,SG2044,decode,0.811497,targeted-rerun,待定,01-sibling-supply,w.qh[group] -> grid-index/delta -> sibling reductions,bsum 两路 vlse16 已合为一条 vlseg2e16；原始 qh field read 已共享，grid-index、scale/delta 的 issue 表示与 sibling partial 收敛仍分离。,lib/Target/PropagateRISCVLayouts.cpp::reductionSupplyRoles; lib/Target/ShareRISCVLayeredWindows.cpp,共同 metadata value 的 shaped 供应边界及 issue 投影，联合 partial lifetime；本轮只修成对读取，不改变 main/correction 的数值树。 同issue共用clone map及CSE/rematerialization固定点的本轮组合在SG standalone/decode约回退5%，已撤回；原始read唯一不等于下游投影应无条件共享。,examples/kernels/vec_dot/iq1_s_q8_k.py:21; lib/Target/PropagateRISCVLayouts.cpp:661,report/ratio95-pending.csv; /tmp/weft-ratio95-supply.ShJU9a/baseline-sg2044.jsonl; /tmp/weft-ratio95-supply.ShJU9a/segment-pair-sg2044.jsonl; /tmp/weft-ratio95-issue-supply.uhgKOr/restored-sg2044.jsonl; /tmp/weft-ratio95-issue-supply.uhgKOr/restored-sg2044-006-mul_mat_iq1_s-decode.log; /tmp/weft-ratio95-issue-supply.uhgKOr/issue-fixedpoint-sg2044.jsonl; /tmp/weft-ratio95-issue-supply.uhgKOr/restored-sg2044.jsonl,WEFT_KEEP_ARTIFACTS=1 examples/run/weft-mul-mat.sh sg2044 iq1_s decode 10,相关入口数值复跑通过；最新保留阶段=restored；未将该行描述为已达线
q2_k_q8_k,SG2044,decode,0.824402,targeted-rerun,待定,08-subregister-reduction-sequence,16-lane m2 reduction 与两个 8-lane m1 reduction 的局部选择,双方每块均为 16 B metadata unit read、4 Q2 loads、16 Q8 loads、16 products、4 scale mul + 12 MAC、4 extract。Weft 16 次 16-lane vwredsum；donor 32 次 8-lane vwredsum，切为两个子寄存器归约。,lib/Target/MaterializeRISCVPartialAccumulators.cpp::PlanRISCVPartialTopologiesPass; lib/Target/SelectRISCVOperations.cpp,闭合的 subregister reduction/issue sequence 及其延迟/资源选择；这是同一整数程序的物理选择，不是作者数值树差异。该差异的时间占比尚未通过单独 A/B 定量隔离。,source/c/ggml/llama.cpp/ggml/src/ggml-cpu/arch/riscv/quants.c:750; /tmp/weft-quantized-vec-dot.GTr3Tq/kernel.c:95,report/ratio95-pending.csv; /tmp/weft-ratio95-supply.ShJU9a/baseline-sg2044.jsonl,WEFT_KEEP_ARTIFACTS=1 examples/run/weft-quantized-vec-dot.sh sg2044 q2_k 10,本轮未触及；沿用上一轮实体定位与测量，不宣称重新验过
iq1_m_q8_k,SG2044,decode,0.824621,targeted-rerun,待定,01-sibling-supply,main/correction 的 4 x 64 issue 与 scale partial,每 256 元素：main/correction 各 4 个 issue，共 8 activation loads、8 products、32 partial reductions；donor 保留 2 个 i32 accumulator 后 2 次最终 reduction。,lib/Target/MaterializeRISCVPartialAccumulators.cpp::matchReplicaScaledDotReduction; PlanRISCVPartialTopologiesPass; lib/Target/ShareRISCVLayeredWindows.cpp,先联合 main/correction 的源坐标供应及 partial-set/resource 规划，再判断是否剩下不可保持原数值边界的差距；scale 与 widening/overflow 结合点不得静默改变。,examples/kernels/vec_dot/iq1_m_q8_k.py:20; lib/Target/MaterializeRISCVPartialAccumulators.cpp:3010; source/c/ggml/llama.cpp/ggml/src/ggml-cpu/arch/riscv/quants.c:3184,report/ratio95-pending.csv; /tmp/weft-ratio95-supply.ShJU9a/baseline-sg2044.jsonl; /tmp/weft-ratio95-issue-supply.uhgKOr/restored-sg2044.jsonl; /tmp/weft-ratio95-issue-supply.uhgKOr/restored-sg2044-007-iq1_m_q8_k-decode.log,WEFT_KEEP_ARTIFACTS=1 examples/run/weft-quantized-vec-dot.sh sg2044 iq1_m 10,相关入口数值复跑通过；最新保留阶段=restored；未将该行描述为已达线
mul_mat_iq1_m,SG2044,decode,0.824986,targeted-rerun,待定,01-sibling-supply,main/correction 的 4 x 64 issue 与 scale partial,每 256 元素：main/correction 各 4 个 issue，共 8 activation loads、8 products、32 partial reductions；donor 保留 2 个 i32 accumulator 后 2 次最终 reduction。,lib/Target/MaterializeRISCVPartialAccumulators.cpp::matchReplicaScaledDotReduction; PlanRISCVPartialTopologiesPass; lib/Target/ShareRISCVLayeredWindows.cpp,先联合 main/correction 的源坐标供应及 partial-set/resource 规划，再判断是否剩下不可保持原数值边界的差距；scale 与 widening/overflow 结合点不得静默改变。,examples/kernels/vec_dot/iq1_m_q8_k.py:20; lib/Target/MaterializeRISCVPartialAccumulators.cpp:3010; source/c/ggml/llama.cpp/ggml/src/ggml-cpu/arch/riscv/quants.c:3184,report/ratio95-pending.csv; /tmp/weft-ratio95-supply.ShJU9a/baseline-sg2044.jsonl; /tmp/weft-ratio95-issue-supply.uhgKOr/restored-sg2044.jsonl; /tmp/weft-ratio95-issue-supply.uhgKOr/restored-sg2044-008-mul_mat_iq1_m-decode.log,WEFT_KEEP_ARTIFACTS=1 examples/run/weft-mul-mat.sh sg2044 iq1_m decode 10,相关入口数值复跑通过；最新保留阶段=restored；未将该行描述为已达线
mul_mat_q1_0,SG2044,prefill,0.825931,targeted-rerun,待定,13-mask-replica-projection,mask broadcast/free-axis -> signed bitmask partial,当前每 32 元素的 4 个 Xq load 已跨 8 个输出共享；仍先将 bitmask 解码为 +/-1，再每输出 2 次 byte MAC。现有 signed-bitmask matcher 仅支持 scalar output、同形状且完整单 lane axis。,lib/Target/FuseRISCVBitplanes.cpp::matchSignedBitmaskReduction; lib/Target/MaterializeRISCVPartialAccumulators.cpp; signed-mask leaf 数值合同,mask broadcast 与 replica partial 关系，以及 -128 的范围证明或先 widening 后变号；LMUL 8/16/32/64 已扫，不能继续只靠增宽。,lib/Target/FuseRISCVBitplanes.cpp:142; lib/Target/RISCVIntrinsicC.cpp:8860; examples/kernels/mul_mat/q1_0.py,report/ratio95-pending.csv; /tmp/weft-ratio95-supply.ShJU9a/baseline-sg2044.jsonl,WEFT_KEEP_ARTIFACTS=1 examples/run/weft-mul-mat.sh sg2044 q1_0 prefill 10,本轮未触及；沿用上一轮实体定位与测量，不宣称重新验过
mul_mat_q2_k,SG2044,decode,0.828327,targeted-rerun,待定,08-subregister-reduction-sequence,16-lane m2 reduction 与两个 8-lane m1 reduction 的局部选择,双方每块均为 16 B metadata unit read、4 Q2 loads、16 Q8 loads、16 products、4 scale mul + 12 MAC、4 extract。Weft 16 次 16-lane vwredsum；donor 32 次 8-lane vwredsum，切为两个子寄存器归约。,lib/Target/MaterializeRISCVPartialAccumulators.cpp::PlanRISCVPartialTopologiesPass; lib/Target/SelectRISCVOperations.cpp,闭合的 subregister reduction/issue sequence 及其延迟/资源选择；这是同一整数程序的物理选择，不是作者数值树差异。该差异的时间占比尚未通过单独 A/B 定量隔离。,source/c/ggml/llama.cpp/ggml/src/ggml-cpu/arch/riscv/quants.c:750; /tmp/weft-quantized-vec-dot.GTr3Tq/kernel.c:95,report/ratio95-pending.csv; /tmp/weft-ratio95-supply.ShJU9a/baseline-sg2044.jsonl,WEFT_KEEP_ARTIFACTS=1 examples/run/weft-mul-mat.sh sg2044 q2_k decode 10,本轮未触及；沿用上一轮实体定位与测量，不宣称重新验过
iq4_nl_q8_0,K1/X60,decode,0.841749,targeted-rerun,待定,06-table-range-legality,opaque i8 lookup operands -> two-product partial combine,当前先形成 2 个 i16 product，再 widen-add 到 i32 并 reduce；opaque i8 View 允许 -128，2x((-128)x(-128))=32768，不能无证明地合入 i16。,作者 table/value-range 合同; lib/Target/RISCVPhysicalSupport.cpp::integerRange; lib/Target/MaterializeRISCVPartialAccumulators.cpp::PlanRISCVPartialTopologiesPass,常量表或操作数的可验证范围合同，或保持合法的更宽 partial 计划；不可根据格式名或本次输入内容复制 donor 的窄 combine。,lib/Target/RISCVPhysicalSupport.cpp:1478; examples/kernels/vec_dot/iq4_nl_q8_0.py; examples/kernels/vec_dot/mxfp4_q8_0.py,report/ratio95-pending.csv; /tmp/weft-ratio95-supply.ShJU9a/baseline-k1.jsonl,WEFT_KEEP_ARTIFACTS=1 examples/run/weft-quantized-vec-dot.sh k1 iq4_nl 10,本轮未触及；沿用上一轮实体定位与测量，不宣称重新验过
mul_mat_iq4_nl,K1/X60,decode,0.858572,targeted-rerun,待定,06-table-range-legality,opaque i8 lookup operands -> two-product partial combine,当前先形成 2 个 i16 product，再 widen-add 到 i32 并 reduce；opaque i8 View 允许 -128，2x((-128)x(-128))=32768，不能无证明地合入 i16。,作者 table/value-range 合同; lib/Target/RISCVPhysicalSupport.cpp::integerRange; lib/Target/MaterializeRISCVPartialAccumulators.cpp::PlanRISCVPartialTopologiesPass,常量表或操作数的可验证范围合同，或保持合法的更宽 partial 计划；不可根据格式名或本次输入内容复制 donor 的窄 combine。,lib/Target/RISCVPhysicalSupport.cpp:1478; examples/kernels/vec_dot/iq4_nl_q8_0.py; examples/kernels/vec_dot/mxfp4_q8_0.py,report/ratio95-pending.csv; /tmp/weft-ratio95-supply.ShJU9a/baseline-k1.jsonl,WEFT_KEEP_ARTIFACTS=1 examples/run/weft-mul-mat.sh k1 iq4_nl decode 10,本轮未触及；沿用上一轮实体定位与测量，不宣称重新验过
mul_mat_iq2_xxs,K1/X60,prefill,0.867742,targeted-rerun,待定,03-staged-entry-memory-choice,staged free-axis carrier 的 codebook entry load / relative index,正确的 I8X8 entry ABI 确实生成 64-bit gather，但 K1 ratio 0.705253，加入 u32 相对坐标也仅 0.775215；裸表 u32 为 0.793987，当前原 Index staged 为 0.867863。,lib/Target/PlanRISCVMemory.cpp::selectIndexedEntryPhysicalChoice; examples/kernels/mul_mat/iq2_xxs_staged.py; examples/kernels/mul_mat/tuning.json,在同一个完整 indexed-entry relation 内联合比较 scalar/unit 与 vector/gather 的合法 layout/resource 候选，并解决重复 metadata 供应；补 entry ABI 本身不足以达线。,lib/Target/PlanRISCVMemory.cpp:1558; examples/kernels/mul_mat/iq2_xxs_staged.py,report/ratio95-pending.csv; /tmp/weft-ratio95-supply.ShJU9a/baseline-k1.jsonl; /tmp/weft-ratio95-issue-supply.uhgKOr/selected-final-k1.jsonl; /tmp/weft-ratio95-issue-supply.uhgKOr/selected-final-k1-000-mul_mat_iq2_xxs-prefill.log,WEFT_KEEP_ARTIFACTS=1 examples/run/weft-mul-mat.sh k1 iq2_xxs prefill 10,相关入口数值复跑通过；最新保留阶段=selected-final；未将该行描述为已达线
mul_mat_iq1_m,SG2044,prefill,0.868933,targeted-rerun,待定,14-prefill-replica-live-set,IQ1_M prefill 的 MR2/NR1 main/correction partial 与 reload live set,当前 final vector peak=31，local storage=0；main/correction 各两路输出 partial_set，每组4个i16m2 reduction。旧值0.954927来自更早的C，当前默认复跑0.868933。LMUL-eighths=8/16分别在两路reload交会处需要38/41组，超过32。,lib/Target/MaterializeRISCVPartialAccumulators.cpp; lib/Target/MaterializeRISCVResources.cpp; examples/kernels/mul_mat/tuning.json,free-axis sibling partial 的联合供应与reload活跃区间规划；更小LMUL不能绕过资源合法性。旧C与当前C有多处变化，尚未单独隔离历史回退原因，不将其直接归为本轮改动。,examples/kernels/mul_mat/iq1_m.py:67; examples/kernels/mul_mat/iq1_m.py:110; lib/Target/MaterializeRISCVPartialAccumulators.cpp,/tmp/weft-ratio95-issue-supply.uhgKOr/iq1m-prefill-current.mlir; /tmp/weft-ratio95-issue-supply.uhgKOr/iq1m-prefill-binding-tune; report/read-value-physical-closure-runs.csv:10; /tmp/weft-ratio95-issue-supply.uhgKOr/boundary-final-sg2044.jsonl; /tmp/weft-ratio95-issue-supply.uhgKOr/boundary-final-sg2044-000-mul_mat_iq1_m-prefill.log,WEFT_KEEP_ARTIFACTS=1 examples/run/weft-mul-mat.sh sg2044 iq1_m prefill 10,边界回归新发现低于线；撤回原型后仍0.868933；3个LMUL候选中2个资源拒绝、原32绑定仍最快
q4_k_q8_k,SG2044,decode,0.882407,targeted-rerun,待定,07-joined-metadata-bsum-window,joined sc/m metadata 的原始 byte window 与 scalar/vector decode,SG bsum 的 4 条 vlse16 已变为 2 条 vlseg2e16，无额外 tuple 搬运；仍有 8 scalar LBU + 2 VL8 indexed metadata reads，donor 是一次完整 metadata unit read 后局部 decode。,lib/Target/PlanRISCVMemory.cpp; lib/Target/ShareRISCVLayeredWindows.cpp::MaterializeRISCVReplicaStorageLoadsPass,保留已完成的 segment pair 关系；仍需跨 joined-field 的原始 byte-window identity 和 scalar/vector decode 共享，不再把 bsum strided load 列作未修项。,lib/Target/ShareRISCVLayeredWindows.cpp:2628; source/c/ggml/llama.cpp/ggml/src/ggml-cpu/arch/riscv/quants.c:1789,report/ratio95-pending.csv; /tmp/weft-ratio95-supply.ShJU9a/baseline-sg2044.jsonl; /tmp/weft-ratio95-supply.ShJU9a/SG2044-q4_k-segment.s:165; /tmp/weft-ratio95-supply.ShJU9a/segment-final-sg2044.jsonl,WEFT_KEEP_ARTIFACTS=1 examples/run/weft-quantized-vec-dot.sh sg2044 q4_k 10,本轮未触及；沿用上一轮实体定位与测量，不宣称重新验过
mul_mat_q6_k,K1/X60,prefill,0.895079,targeted-rerun,待定,11-scalar-address-live-set,Q6_K prefill 的地址与 scalar partial carry 生存期,unroll 4 -> 2 后 frame 784 -> 640 B，ratio 0.821661 -> 0.896682；仍有地址和标量 partial reload。MR1/2 x NR1/2 的 4 个更小候选均较慢。,lib/Target/MaterializeRISCVPartialAccumulators.cpp; Physical issue schedule/resource; examples/kernels/mul_mat/tuning.json,缩短标量/地址活跃区间并联合 partial issue 调度，显式考虑 GPR 压力；不能把该 spill 归为所有 metadata 或向量 load 重复。,examples/kernels/mul_mat/q6_k.py:16; lib/Target/MaterializeRISCVPartialAccumulators.cpp,report/ratio95-pending.csv; /tmp/weft-ratio95-supply.ShJU9a/baseline-k1.jsonl,WEFT_KEEP_ARTIFACTS=1 examples/run/weft-mul-mat.sh k1 q6_k prefill 10,本轮未触及；沿用上一轮实体定位与测量，不宣称重新验过
mul_mat_q4_1,K1/X60,prefill,0.912010,targeted-rerun,待定,10-replica-reduction-extract-schedule,MR4 x NR2 的 8 路 reduction/extract/vtype 序列,Xq load 已共享；8 次 zero copy 与 8 路交错 reduction/extract 产生 16 次 vtype 切换。两边均使用 -ffp-contract=fast 且有实际 FMA，不是缺 FMA。,lib/Target/MaterializeRISCVPartialAccumulators.cpp; lib/Target/SelectRISCVOperations.cpp; Physical schedule/resource 合同,联合 replica reduction/extract 调度，保持 tail、vtype 和资源合同；本轮 zero-seed 规则不能无条件扩大到不完整 tail。,examples/kernels/mul_mat/q4_1.py; lib/Target/SelectRISCVOperations.cpp::selectZeroSeedProducts,report/ratio95-pending.csv; /tmp/weft-ratio95-supply.ShJU9a/baseline-k1.jsonl,WEFT_KEEP_ARTIFACTS=1 examples/run/weft-mul-mat.sh k1 q4_1 prefill 10,本轮未触及；沿用上一轮实体定位与测量，不宣称重新验过
mxfp4_q8_0,K1/X60,decode,0.919442,targeted-rerun,待定,06-table-range-legality,opaque i8 lookup operands -> two-product partial combine,当前先形成 2 个 i16 product，再 widen-add 到 i32 并 reduce；opaque i8 View 允许 -128，2x((-128)x(-128))=32768，不能无证明地合入 i16。,作者 table/value-range 合同; lib/Target/RISCVPhysicalSupport.cpp::integerRange; lib/Target/MaterializeRISCVPartialAccumulators.cpp::PlanRISCVPartialTopologiesPass,常量表或操作数的可验证范围合同，或保持合法的更宽 partial 计划；不可根据格式名或本次输入内容复制 donor 的窄 combine。,lib/Target/RISCVPhysicalSupport.cpp:1478; examples/kernels/vec_dot/iq4_nl_q8_0.py; examples/kernels/vec_dot/mxfp4_q8_0.py,report/ratio95-pending.csv; /tmp/weft-ratio95-supply.ShJU9a/baseline-k1.jsonl,WEFT_KEEP_ARTIFACTS=1 examples/run/weft-quantized-vec-dot.sh k1 mxfp4 10,本轮未触及；沿用上一轮实体定位与测量，不宣称重新验过
mul_mat_mxfp4,K1/X60,decode,0.931825,targeted-rerun,待定,06-table-range-legality,opaque i8 lookup operands -> two-product partial combine,当前先形成 2 个 i16 product，再 widen-add 到 i32 并 reduce；opaque i8 View 允许 -128，2x((-128)x(-128))=32768，不能无证明地合入 i16。,作者 table/value-range 合同; lib/Target/RISCVPhysicalSupport.cpp::integerRange; lib/Target/MaterializeRISCVPartialAccumulators.cpp::PlanRISCVPartialTopologiesPass,常量表或操作数的可验证范围合同，或保持合法的更宽 partial 计划；不可根据格式名或本次输入内容复制 donor 的窄 combine。,lib/Target/RISCVPhysicalSupport.cpp:1478; examples/kernels/vec_dot/iq4_nl_q8_0.py; examples/kernels/vec_dot/mxfp4_q8_0.py,report/ratio95-pending.csv; /tmp/weft-ratio95-supply.ShJU9a/baseline-k1.jsonl,WEFT_KEEP_ARTIFACTS=1 examples/run/weft-mul-mat.sh k1 mxfp4 decode 10,本轮未触及；沿用上一轮实体定位与测量，不宣称重新验过
iq3_xxs_q8_k,K1/X60,decode,0.942121,targeted-rerun,待定,04-entry-pairing-index-live-set,I8X4 lookup / sign broadcast index / data-partial live set,metadata 已是每块 32 B 且 sign/scale 共用 SSA；直接扩展的 entry index 已降到 EEW16。当前每 64 元素 16 个 4 B entry，donor 8 个 8 B entry；sign 位运算链仍为 u32。,lib/Target/PlanRISCVMemory.cpp::materializeEntryByteOffsets; lib/Target/ShareRISCVLayeredWindows.cpp; lib/Target/MaterializeRISCVPartialAccumulators.cpp,表达成对 4 B entry 到 8 B entry 的源坐标关系及 sign 广播复用，联合估计 index/data/partial 生存期；不要对任意 u32 运算链追加 narrow。,examples/kernels/vec_dot/iq3_xxs_q8_k.py:8; lib/Target/PlanRISCVMemory.cpp:313; source/c/ggml/llama.cpp/ggml/src/ggml-cpu/arch/riscv/quants.c:5107,report/ratio95-pending.csv; /tmp/weft-ratio95-supply.ShJU9a/baseline-k1.jsonl; /tmp/weft-ratio95-issue-supply.uhgKOr/issue-cache-k1.jsonl; /tmp/weft-ratio95-issue-supply.uhgKOr/issue-cache-k1-003-iq3_xxs_q8_k-decode.log,WEFT_KEEP_ARTIFACTS=1 examples/run/weft-quantized-vec-dot.sh k1 iq3_xxs 10,相关入口数值复跑通过；最新保留阶段=issue-cache；未将该行描述为已达线
mul_mat_q4_k,SG2044,decode,0.944265,targeted-rerun,待定,07-joined-metadata-bsum-window,joined sc/m metadata 的原始 byte window 与 scalar/vector decode,SG bsum 的 4 条 vlse16 已变为 2 条 vlseg2e16，无额外 tuple 搬运；仍有 8 scalar LBU + 2 VL8 indexed metadata reads，donor 是一次完整 metadata unit read 后局部 decode。,lib/Target/PlanRISCVMemory.cpp; lib/Target/ShareRISCVLayeredWindows.cpp::MaterializeRISCVReplicaStorageLoadsPass,保留已完成的 segment pair 关系；仍需跨 joined-field 的原始 byte-window identity 和 scalar/vector decode 共享，不再把 bsum strided load 列作未修项。,lib/Target/ShareRISCVLayeredWindows.cpp:2628; source/c/ggml/llama.cpp/ggml/src/ggml-cpu/arch/riscv/quants.c:1789,report/ratio95-pending.csv; /tmp/weft-ratio95-supply.ShJU9a/baseline-sg2044.jsonl; /tmp/weft-ratio95-supply.ShJU9a/SG2044-q4_k-segment.s:165; /tmp/weft-ratio95-supply.ShJU9a/segment-final-sg2044.jsonl,WEFT_KEEP_ARTIFACTS=1 examples/run/weft-mul-mat.sh sg2044 q4_k decode 10,本轮未触及；沿用上一轮实体定位与测量，不宣称重新验过
