op,format,engine,regime,group,rvv_tier,rvv_disp,rvv_cold,rvv_opp_sym,rvv_note,k1_tier,k1_disp,k1_cold,k1_opp_sym,k1_note
vec_dot,q4_0,rvv,micro-fixed,matmul,通用向量,PASS,0.938,ggml_vec_dot_q4_0_q8_0,light-vec block-dot 弱,通用向量,PASS,0.986,ggml_vec_dot_q4_0_q8_0,light-vec 弱
vec_dot,q4_1,rvv,micro-fixed,matmul,通用向量,PASS,1.027,ggml_vec_dot_q4_1_q8_1,light-vec block-dot 弱,通用向量,PASS,1.008,ggml_vec_dot_q4_1_q8_1,light-vec 弱
vec_dot,q5_0,rvv,micro-fixed,matmul,通用向量,PASS,0.451,ggml_vec_dot_q5_0_q8_0,native-vec 中·qh5bit VLEN-adaptive,通用向量,PASS,0.384,ggml_vec_dot_q5_0_q8_0,light-vec 弱·板异塌轻
vec_dot,q5_1,rvv,micro-fixed,matmul,通用向量,PASS,0.446,ggml_vec_dot_q5_1_q8_1,native-vec 中·qh5bit,通用向量,PASS,0.398,ggml_vec_dot_q5_1_q8_1,light-vec 弱·板异
vec_dot,q8_0,rvv,micro-fixed,matmul,通用向量,PASS,0.965,ggml_vec_dot_q8_0_q8_0,light-vec 弱·上游VLEN128破损,通用向量,PASS,0.984,ggml_vec_dot_q8_0_q8_0,light-vec 弱
vec_dot,q1_0,rvv,micro-fixed,matmul,域外,域外-永久(q1_0),,(Weft-internal),q1_0 internal-A/B·永久域外·非分母,域外,域外-永久(q1_0),,(Weft-internal),q1_0 internal-A/B·永久域外·非分母
vec_dot,q2_K,rvv,micro-fixed,matmul,手调,具名-X,0.342,ggml_vec_dot_q2_K_q8_K_vl128,SpacemiT vl128 full-unroll STRONG,手调,具名-X,0.684,ggml_vec_dot_q2_K_q8_K_vl256,SpacemiT vl256 STRONG
vec_dot,q3_K,rvv,micro-fixed,matmul,手调,具名-X,0.258,ggml_vec_dot_q3_K_q8_K_vl128,SpacemiT vl128 STRONG,手调,具名-X,0.522,ggml_vec_dot_q3_K_q8_K_vl256,SpacemiT vl256 STRONG
vec_dot,q4_K,rvv,micro-fixed,matmul,手调,具名-X,0.189,ggml_vec_dot_q4_K_q8_K_vl128,SpacemiT vl128 STRONG,手调,具名-X,0.592,ggml_vec_dot_q4_K_q8_K_vl256,SpacemiT vl256 STRONG
vec_dot,q5_K,rvv,micro-fixed,matmul,通用向量,PASS,0.843,ggml_vec_dot_q5_K_q8_K,native-vec 中·NO vl-spec 唯一未手调,通用向量,PASS,1.065,ggml_vec_dot_q5_K_q8_K,native-vec-heavy·NO vl-spec 唯一未手调
vec_dot,q6_K,rvv,micro-fixed,matmul,手调,具名-X,0.18,ggml_vec_dot_q6_K_q8_K_vl128,SpacemiT vl128 STRONG,手调,具名-X,0.549,ggml_vec_dot_q6_K_q8_K_vl256,SpacemiT vl256 STRONG
vec_dot,iq1_s,rvv,micro-fixed,matmul,手调,具名-X,0.365,ggml_vec_dot_iq1_s_q8_K_vl128,SpacemiT vl128 grid-gather STRONG,手调,具名-X,0.361,ggml_vec_dot_iq1_s_q8_K_vl256,SpacemiT vl256 STRONG
vec_dot,iq1_m,rvv,micro-fixed,matmul,手调,具名-X,0.152,ggml_vec_dot_iq1_m_q8_K_vl128,SpacemiT vl128 STRONG,手调,具名-X,0.25,ggml_vec_dot_iq1_m_q8_K_vl256,SpacemiT vl256 STRONG
vec_dot,iq2_xxs,rvv,micro-fixed,matmul,手调,PASS,0.84,ggml_vec_dot_iq2_xxs_q8_K_vl128.isra.0,★B线第二块 P2 首次直接 M=1 vec_dot 板测·deployed emit(CORE==PROD 主会话独立验 md5 db1bfdcd)·compiler-symmetric clang18·byte-exact worst_ulp=0·3-arm anti-hollow·5-seed cold 0.837/0.847/0.862/0.841/0.828(min 0.828 全≥0.8)·proxy T3 0.697→direct 0.84→PASS(地盘+1·具名-X→PASS·公式墙对位攻坚坐实无绕过)·★成色诚实=对手手调 _vl128(非便宜档)·near-parity PASS-by-gate·cold≤1.0 非beat(勿称打赢手调)·M=1 kernel-axis 数勿外推 e2e。★★W4 k1 订正(r51w4·2026-07-20): 此格 rvv=0.84(m2 leaf per-board march=rv64gcv)。**k1 T3B 的 0.612「byte-exact」= STALE·测在 m2 leaf@VLEN256 = byte-BROKEN 核(mism=512)**·作废。真值 = **k1 0.845 PASS**(m1 leaf per-board march=rv64gcv_zvl256b·native-widening=ggml _vl256 shape·byte-exact 3-way mism=0·2seed 0.8412/0.8493·FLIP 0.59→0.84)。★发现: ISSUE-120 iq2_xxs 非 emitter bug·是 harness 对所有板发 m2 leaf·修=per-board emit(θ20 integer_core_lmul VLEN-correctness 选择器已在·零源改)。精确 k1 数值 fold 待 T3B surgical(row.csv @ experiments/active/r51w4-iq2-vsdeployed-harvest/)。,手调,具名-X,0.612,..._vl256,objdump k1:333/vec122/mac24/gather16→手调〔清偿〕
vec_dot,iq2_xs,rvv,micro-fixed,matmul,手调,具名-X,0.617,ggml_vec_dot_iq2_xs_q8_K_vl128.isra.0,★B线第二块 iq2_xs@rvv 维持具名-X·★归约fusion证伪(部署板上3-way隔离:REF lean-decode 0.82 / EMIT-fused 0.617≈floor / serial 0.62·0.82真lever=lean-decode非归约批处理·MANIFEST误归因订正·部署REVERTED无过度工程·ISSUE-120 iq2_xs VLEN256 byte-broken)·P2 首次直接 M=1 vec_dot 板测·deployed emit(CORE==PROD md5 4c2f8acc)·compiler-symmetric·byte-exact worst_ulp=0·3-arm·4-seed cold ~0.62(全<0.8)·proxy T3 0.529→direct 0.62→具名-X(边界·三步走完:objdump→owned leaf vwredsum=16 板测→证伪<0.8)·★具名 floor=16×serial vwredsum 归约链(iq2_xs 双 per-half scale ls1/ls2 强制 16-lane collapse·结构可读)·挂号杠杆=归约批处理 ISSUE-020(sum2符号和·已就绪)/ISSUE-109(vwredsum floor)·闭式可键控非架构墙非杠杆真空,手调,具名-X,0.474,..._vl256,objdump k1:216/vec53/mac20→手调〔清偿〕
vec_dot,iq2_s,rvv,micro-fixed,matmul,手调,PASS,1.92,ggml_vec_dot_iq2_s_q8_K_vl128.isra.0,objdump rvv:102/vec27/mac3/gather2→手调〔清偿〕,手调,具名-X,0.562,..._vl256,objdump k1:344/vec105/mac20/gather12→手调〔清偿〕
vec_dot,iq3_xxs,rvv,micro-fixed,matmul,手调,具名-X,0.156,ggml_vec_dot_iq3_xxs_q8_K_vl128.isra.0,objdump rvv:129/vec26/mac5/gather3→手调〔清偿〕,手调,具名-X,0.192,..._vl256,objdump k1:314/vec71/mac20/gather12→手调〔清偿〕
vec_dot,iq3_s,rvv,micro-fixed,matmul,手调,具名-X,0.213,ggml_vec_dot_iq3_s_q8_K_vl128.isra.0,objdump rvv:102/vec26/mac2→手调〔清偿〕,手调,具名-X,0.2,..._vl256,objdump k1:232/vec84/mac12/gather8→手调〔清偿〕
vec_dot,iq4_nl,rvv,micro-fixed,matmul,手调,PASS,1.15,ggml_vec_dot_iq4_nl_q8_0_vl128,hand-vl128 codebook-gather LIGHT〔V·手调〕,手调,具名-X,0.697,ggml_vec_dot_iq4_nl_q8_0_vl256,hand-vl256 codebook-gather LIGHT〔V-纠·板一致·chip-tuned〕
vec_dot,iq4_xs,rvv,micro-fixed,matmul,手调,PASS,1.31,ggml_vec_dot_iq4_xs_q8_K_vl128.isra.0,objdump rvv:84/vec16/mac3·LIGHT→手调〔清偿〕,手调,PASS,1.196,..._vl256,objdump k1:144/vec18/mac5→手调〔清偿〕
vec_dot,mxfp4,rvv,micro-fixed,matmul,手调,pending-fold,,ggml_vec_dot_mxfp4_q8_0_vl128,objdump rvv:118/vec18/mac4/gather2·hand-vl128 LIGHT→手调〔清偿〕,手调,pending-fold,,ggml_vec_dot_mxfp4_q8_0_vl256,objdump k1:96/vec24/mac6/gather4→手调〔清偿·k1原UNRESOLVED已清〕
vec_dot,nvfp4,rvv,micro-fixed,matmul,标量类,具名-X,0.565,ggml_vec_dot_nvfp4_q8_0,generic-C autovec NO-riscv-spec→标量类(§〇.1)〔V〕,标量类,PASS,1.086,ggml_vec_dot_nvfp4_q8_0,generic-C autovec→标量类〔V〕
vec_dot,tq1_0,rvv,micro-fixed,matmul,手调,PASS,0.82,ggml_vec_dot_tq1_0_q8_K_vl128.isra.0,★B线第二块 tq1_0 vec_dot DEPLOYED fused leaf(部署 P1 fused 结构·改 emitTypedSuperBlockScalarDeltaGridLoopBodyTQ10 消 aux8[256] scratch+8×serial vwredsum→单 i16m4 累加器+单 vwredsum·真 emitter 改进非旋钮·sealed md5 338a31bb→bb4d574a)·deployed 具名-X 0.22→PASS 0.82·byte-exact mism=0 双板(_tu tail-undisturbed correctness fix)·VLEN-universal(VLEN128 emit==VLEN256 emit byte-identical·C3′「换VLEN不换条目」deployed 坐实)·5-seed min 0.807 全≥0.8·compiler-symmetric·opp 手调 _vl128·CORE==PROD md5 7e4ed0dc 主会话独立验·★near-parity PASS-by-gate 非 beat(cold≤1.0·~1.22×慢于手调·过0.8门=地盘非打赢)·gap=deployed unrolled+_tu(~219ns) vs P1 standalone rolled(~198ns)·rolled-loop lever 未试,手调,PASS,0.82,..._vl256,★B线第二块 tq1_0 vec_dot DEPLOYED fused leaf(同 rvv·部署 P1 fused)·deployed 具名-X 0.549→PASS 0.82·byte-exact mism=0·VLEN256·5-seed~0.821(iqr<0.2%)·compiler-symmetric·opp 手调 _vl256·near-parity PASS-by-gate 非 beat(cold≤1.0)·k1 deployed 0.821≈P1 standalone 0.823 无 gap(VLEN256 unaffected)
vec_dot,tq2_0,rvv,micro-fixed,matmul,手调,PASS,0.975,ggml_vec_dot_tq2_0_q8_K_vl128.isra.0,objdump rvv:85/vec46/mac10→手调〔清偿〕,手调,PASS,0.879,..._vl256,objdump k1:88/vec46/mac10→手调〔清偿〕
product_reduce,q4_0_nibble,rvv,micro-fixed,product_reduce,标量类,PASS,2.712,ggml scalar-ref(fallback),internal sub-primitive·§〇.2兜底·待补标量仗,标量类,PASS,1.166,ggml scalar-ref(fallback),internal sub-primitive·§〇.2兜底·待补标量仗
product_reduce,offset_binary_n3,rvv,micro-fixed,product_reduce,标量类,PASS,0.855,ggml scalar-ref(fallback),internal sub-primitive·§〇.2兜底·待补标量仗,标量类,PASS,0.86,ggml scalar-ref(fallback),internal sub-primitive·§〇.2兜底·待补标量仗
product_reduce,codebook_n3,rvv,micro-fixed,product_reduce,标量类,PASS,1.978,ggml scalar-ref(fallback),internal sub-primitive·§〇.2兜底·待补标量仗,标量类,PASS,1.096,ggml scalar-ref(fallback),internal sub-primitive·§〇.2兜底·待补标量仗
quantize_row,q8_0,rvv,micro-fixed,quantize,通用向量,PASS,1.0,quantize_row_q8_0,★ggml-cpu/arch/riscv/quants.c 手写__riscv_v intrinsic(非scalar autovec)→通用向量〔V-纠·source铁证·objdump待§六补〕,通用向量,PASS,1.0,quantize_row_q8_0,★ggml-cpu/arch/riscv/quants.c 手写__riscv_v intrinsic(非scalar autovec)→通用向量〔V-纠·source铁证·objdump待§六补〕
quantize_row,q8_1,rvv,micro-fixed,quantize,通用向量,PASS,1.0,quantize_row_q8_1,★ggml-cpu/arch/riscv/quants.c 手写__riscv_v intrinsic(非scalar autovec)→通用向量〔V-纠·source铁证·objdump待§六补〕,通用向量,PASS,1.0,quantize_row_q8_1,★ggml-cpu/arch/riscv/quants.c 手写__riscv_v intrinsic(非scalar autovec)→通用向量〔V-纠·source铁证·objdump待§六补〕
quantize_row,q8_K,rvv,micro-fixed,quantize,通用向量,PASS,1.0,quantize_row_q8_K,★ggml-cpu/arch/riscv/quants.c 手写__riscv_v intrinsic(非scalar autovec)→通用向量〔V-纠·source铁证·objdump待§六补〕,通用向量,PASS,1.004,quantize_row_q8_K,★ggml-cpu/arch/riscv/quants.c 手写__riscv_v intrinsic(非scalar autovec)→通用向量〔V-纠·source铁证·objdump待§六补〕
dequantize_row,q4_0,rvv,micro-fixed,dequant,标量类,PASS,2.1,dequantize_row_q4_0,★R线§四.1 de-lottery·owned 真向量 emit(9 owned intrinsic·gather=0·ISSUE-001反转·[L-8]强义construction真赢·关ISSUE-002该格敞口)·byte-exact GREEN·PASS→PASS(0.838类lottery→owned·D1板测2.0998/2.0752)·标量类硬门·★opp-immaturity(对手ggml dequant非热路径未手工向量化·§三.12·非perf硬赢)·勿外推,标量类,PASS,1.437,dequantize_row_q4_0,scalar源 autovec→标量类(§〇.1)·per-format clang18 autovec·单世界clang(PR-17)
dequantize_row,q4_1,rvv,micro-fixed,dequant,标量类,PASS,2.29,dequantize_row_q4_1,★R线§四.1 de-lottery·owned 真向量 emit(9 owned·FMA-resolved fused vfmacc匹配对手 vfmadd.vv objdump证·byte-exact真非假绿·[L-8]construction·关ISSUE-002敞口)·PASS→PASS(1.284 lottery→owned·D1板测2.2854/2.2936·ab84复现)·标量类硬门·★opp-immaturity(§三.12·非硬赢)·勿外推,标量类,PASS,1.396,dequantize_row_q4_1,scalar源 autovec→标量类(§〇.1)·per-format clang18 autovec·单世界clang(PR-17)
dequantize_row,q5_0,rvv,micro-fixed,dequant,标量类,PASS,5.96,dequantize_row_q5_0,★R线§四.1 de-lottery·owned 真向量 emit(16 owned intrinsic·gather=0·[L-8]强义construction真赢·关ISSUE-002敞口)·byte-exact GREEN·PASS→PASS(1.007 lottery→owned·D1板测5.9557/6.0301)·标量类硬门·★opp-immaturity(5th-bit·ggml autovec差 non_vset_vec=26·§三.12·非perf硬赢·勿称6×赢)·勿外推,标量类,PASS,4.22,dequantize_row_q5_0,scalar源 autovec→标量类(§〇.1)·per-format clang18 autovec·单世界clang(PR-17)
dequantize_row,q5_1,rvv,micro-fixed,dequant,标量类,PASS,6.44,dequantize_row_q5_1,★R线§四.1 de-lottery·owned 真向量 emit(16 owned·FMA-resolved fused vfmacc匹配对手 vfmadd·byte-exact真非假绿·[L-8]construction·关ISSUE-002敞口)·PASS→PASS(1.02 lottery→owned·D1板测6.4173/6.4036)·标量类硬门·★opp-immaturity(5th-bit ggml autovec差·§三.12·非硬赢)·勿外推,标量类,PASS,4.421,dequantize_row_q5_1,scalar源 autovec→标量类(§〇.1)·per-format clang18 autovec·单世界clang(PR-17)
dequantize_row,q8_0,rvv,micro-fixed,dequant,标量类,PASS,2.33,dequantize_row_q8_0,★R线§四.1 de-lottery·owned 真向量 emit(5 owned intrinsic·ISSUE-001 反转·[L-8]强义 construction 真赢·非autovec抽签·regen-identical)·byte-exact GREEN·non-grid 无gather墙(对比 grid iq3_xxs 0.36 天花板)·cold 0.838 lottery→2.33 owned(trellis-check 复现 2.3478/2.3266·2seed)·标量类硬门 PASS·[L-8]强义construction真赢·★关ISSUE-002该格敞口(24行dequant [L-8]存疑随de-lottery逐格关)·★opp-immaturity(对手ggml dequant非热路径未手工向量化·§三.12·非perf硬赢·禁称重大WIN/真赢部署核)·勿外推grid/K-quant,标量类,PASS,1.067,dequantize_row_q8_0,scalar源 autovec→标量类(§〇.1)·per-format clang18 autovec·单世界clang(PR-17)
dequantize_row,q1_0,rvv,micro-fixed,dequant,域外,域外-永久(q1_0),,(Weft-internal),q1_0 internal-A/B·永久域外·非分母,域外,域外-永久(q1_0),,(Weft-internal),q1_0 internal-A/B·永久域外·非分母
dequantize_row,q2_K,rvv,micro-fixed,dequant,标量类,PASS,1.22,dequantize_row_q2_K,★B线第一块批1 de-lottery·K-quant super-block owned 真向量 emit(scalar-forwarder→owned body·bit-unpack super-block·gather=0 streaming·[L-8]强义construction·关ISSUE-002该格敞口)·byte-exact GREEN(mism=0/262144·3-arm·CORPUS COMPLETE·FMA-contract)·pending(DEQ-历史stale)→PASS(cold 1.22·2seed)·标量类硬门·★opp-immaturity(对手host-autovec-of-scalar-C·§三.12·非perf硬赢)·sealed整数核未动·勿外推vec_dot/grid,标量类,PASS,0.828,dequantize_row_q2_K,scalar源 autovec→标量类(§〇.1)·per-format clang18 autovec·单世界clang(PR-17)
dequantize_row,q3_K,rvv,micro-fixed,dequant,标量类,PASS,2.62,dequantize_row_q3_K,★B线第一块批1 de-lottery·K-quant super-block owned 真向量 emit(scalar-forwarder→owned body·bit-unpack super-block·gather=0 streaming·[L-8]强义construction·关ISSUE-002该格敞口)·byte-exact GREEN(mism=0/262144·3-arm·CORPUS COMPLETE·FMA-contract)·pending(DEQ-历史stale)→PASS(cold 2.62·2seed)·标量类硬门·★opp-immaturity(对手host-autovec-of-scalar-C·§三.12·非perf硬赢)·sealed整数核未动·勿外推vec_dot/grid,标量类,PASS,3.227,dequantize_row_q3_K,scalar源 autovec→标量类(§〇.1)·per-format clang18 autovec·单世界clang(PR-17)
dequantize_row,q4_K,rvv,micro-fixed,dequant,标量类,PASS,1.01,dequantize_row_q4_K,★B线 de-lottery·K-quant super-block owned 真向量 emit(gather=0·[L-8]强义construction·关ISSUE-002敞口)·byte-exact GREEN(mism=0/262144·3-arm·CORPUS COMPLETE·FMA-contract)·★r5.1-W5 HEADLINE FLIP 0.55→1.01(具名-X→vs-部署PASS·2seed 1.0055/1.0156)·标量类硬门·★WALL-TYPE更正:前0.55非微架构墙=我方codegen结构·板测三点bisect(vfcvt交错0.55→vfwcvt swap 0.58次要→two-pass标量前置1.01主导)·发射层两合法动作(源重排+intrinsic swap·无inline-asm)·supersedes ISSUE-109/§四.2「perf-cold墙」记录·首波假headline(手写kernel非emitter产出)经主会话独立check更正·opp便宜档 per锁①≥0.8=入账·勿外推,标量类,PASS,4.315,dequantize_row_q4_K,scalar源 autovec→标量类(§〇.1)·per-format clang18 autovec·单世界clang(PR-17)
dequantize_row,q5_K,rvv,micro-fixed,dequant,标量类,PASS,2.19,dequantize_row_q5_K,★B线 de-lottery·K-quant super-block owned 真向量 emit(gather=0 streaming·[L-8]强义construction·关ISSUE-002敞口)·byte-exact GREEN(mism=0/262144·3-arm·CORPUS COMPLETE·FMA-contract)·★r5.1-W5 improved 1.16→2.19(cold 341k→181k ns·2seed·same two-pass标量前置+vfwcvt lever·shared fn 无回归)·标量类硬门·★opp-immaturity(对手host-autovec-of-scalar-C·§三.12·非perf硬赢)·sealed整数核未动·勿外推vec_dot/grid,标量类,PASS,5.127,dequantize_row_q5_K,scalar源 autovec→标量类(§〇.1)·per-format clang18 autovec·单世界clang(PR-17)
dequantize_row,q6_K,rvv,micro-fixed,dequant,标量类,PASS,1.49,dequantize_row_q6_K,★B线第一块批1 de-lottery·K-quant super-block owned 真向量 emit(scalar-forwarder→owned body·bit-unpack super-block·gather=0 streaming·[L-8]强义construction·关ISSUE-002该格敞口)·byte-exact GREEN(mism=0/262144·3-arm·CORPUS COMPLETE·FMA-contract)·pending(DEQ-历史stale)→PASS(cold 1.49·2seed)·标量类硬门·★opp-immaturity(对手host-autovec-of-scalar-C·§三.12·非perf硬赢)·sealed整数核未动·勿外推vec_dot/grid,标量类,PASS,1.115,dequantize_row_q6_K,scalar源 autovec→标量类(§〇.1)·per-format clang18 autovec·单世界clang(PR-17)
dequantize_row,iq1_s,rvv,micro-fixed,dequant,标量类,PASS,0.99,dequantize_row_iq1_s,★W5 grid族尾 de-lottery(r51h·续 W4 lever)·scalar-forwarder(auto-promote 0.98 lottery)→owned 窄化 per-entry body(ternary iq1s_grid 2048-entry·grid idx 11-bit qs|qh·SIGNED int8 grid·delta ADD vfadd+vfmul 双 rounding 匹配 ggml·gather-free)·★lever-N/A honest-null: 前置核 MODERATE autovec opp(objdump vec=24/vset=8/gather=0≈iq1_m opp·deployed 已 gather-free 好码)→owned body 得 PARITY(0.9936/0.9965·2seed·ours~731us vs ggml~727us·iqr<1%·同 iq1_m 1.03 定性)·部署为 [L-8] de-lottery 加固(owned 不吃 clang autovec lottery)非结构翻·byte-exact 全 0/524288·CORPUS grid 2048/2048 delta +-·CORE==PROD md5 55378f93·标量类硬门·墙型=compiler-behavior(opp gather=0)·前置核有无宽可窄=翻/N-A 分轴键(iq1_s 落 N/A 侧同 iq1_m)·勿外推,标量类,PASS,2.893,dequantize_row_iq1_s,scalar源 autovec→标量类(§〇.1)·per-format clang18 autovec·单世界clang(PR-17)
dequantize_row,iq1_m,rvv,micro-fixed,dequant,标量类,PASS,1.03,dequantize_row_iq1_m,★r5.1-d de-lottery 成色(a3f603bc1·非真地盘·前置核分轴)·★lever-N/A honest-null: 前置核无宽/无 gather(deployed 已 gather-free 好码 vlux=0/vslide=0)→W4 lever N/A(无宽可窄)·造 owned body 走完攻坚环得 PARITY(1.03/1.04× ggml·0.98× deployed·IQR 噪声内)·部署为 [L-8] de-lottery 加固(owned 不吃 clang autovec lottery)·byte-exact(mism=0/131072·CORPUS grid 2048/2048·3-arm·qNaN 三方一致)·CORE==PROD(md5 124450af)·★诚实标注非 perf-flip·非新地盘(deployed scalar 本已≥parity·具名-X 系 stale-verdict·de-lottery 只成色)·前置核(有无宽可窄)=grid dequant 翻/N/A 分轴键,标量类,PASS,3.545,dequantize_row_iq1_m,scalar源 autovec→标量类(§〇.1)·per-format clang18 autovec·单世界clang(PR-17)
dequantize_row,iq2_xxs,rvv,micro-fixed,dequant,标量类,PASS,2.26,dequantize_row_iq2_xxs,★W5 grid族尾 de-lottery(r51h·9d... 续 W4 lever)·scalar-forwarder→owned 窄化 per-entry body(iq2_xs grid-of-8 sibling·grid idx 8-bit 256-entry+ksigns 7-bit sign-plane·gather-free 装配)·前置核 HEAVY autovec opp(objdump 部署 vec=74/vset=33/gather=0=clang autovec 非 HW-gather 墙)→owned vsext32/vfcvt32/vfmul32 gather-free·auto-promote(pending-§6)→owned PASS 2.2565/2.2624(2seed·ours~720us vs ggml~1625us·iqr<1%)·byte-exact(ours-vs-oracle/ggml-vs-oracle/ours-vs-ggml 全 0/524288·CORPUS grid 256/256 sign 128/128)·CORE==PROD md5 6a9bdc4d·标量类硬门·★opp-immaturity 便宜档(host-autovec scalar-C·§三.12·非perf硬赢)·墙型=compiler-behavior/codegen-STRUCTURE(非微架构·opp gather=0 证)·勿外推,标量类,PASS,2.475,dequantize_row_iq2_xxs,scalar源 autovec→标量类(§〇.1)·per-format clang18 autovec·单世界clang(PR-17)
dequantize_row,iq2_xs,rvv,micro-fixed,dequant,标量类,PASS,3.88,dequantize_row_iq2_xs,★★r5.1-d 扩iq2面主标的达成(a3f603bc1·裁2·续 grid dequant 全族翻)·真地盘 FLIP(pending→PASS)·前置核有宽/有 gather(deployed vlux=32·wide e32m2·codegen-lottery ISSUE-001/002)→W4 lever 移植(gather-free 装配+narrow m2 widening 取代 wide vsext_vf4)→PROD 3.76/4.01× vs ggml·2.0× deployed·ours_med 200us==HALF deployed 401us·gather-free(vlux=0 vslide=0)·byte-exact(三向 mism=0/131072·CORPUS grid 512/512 sign 128/128·3-arm)·CORE==PROD(md5 6fc3560e)·codegen-STRUCTURE 墙发射层翻·🔴无 inline-asm,标量类,PASS,0.923,dequantize_row_iq2_xs,scalar源 autovec→标量类(§〇.1)·per-format clang18 autovec·单世界clang(PR-17)
dequantize_row,iq2_s,rvv,micro-fixed,dequant,标量类,PASS,2.18,dequantize_row_iq2_s,★W5 grid族尾 de-lottery(r51h·续 W4 lever)·scalar-forwarder(P1-backfill7 1.75 lottery)→owned 窄化 per-entry body(grid-of-8·grid idx 10-bit 1024-entry qs|qh+explicit signs256 8-bit sign-plane·per-half scale·gather-free)·前置核 HEAVY autovec opp(objdump vec=74/vset=33/gather=0)→owned gather-free·具名-X/lottery→owned PASS 2.1832/2.1754(2seed·ours~773us vs ggml~1684us·iqr<1%)·byte-exact 全 0/524288·CORPUS grid 1024/1024 sign 256/256·CORE==PROD md5 13ca4316·标量类硬门·★opp-immaturity 便宜档(§三.12·非perf硬赢)·墙型=compiler-behavior·de-lottery 消 1.75 lottery→确定 owned·勿外推,标量类,PASS,1.813,dequantize_row_iq2_s,scalar源 autovec→标量类(§〇.1)·per-format clang18 autovec·单世界clang(PR-17)
dequantize_row,iq3_xxs,rvv,micro-fixed,dequant,标量类,PASS,1.39,dequantize_row_iq3_xxs,★★r5.1-W4 翻盘(9d74daa96·裁2 印证)·grid gather 墙证伪=codegen-STRUCTURE 可翻非硬件天花板·具名-X 0.36→PASS 1.3898/1.4209(打赢部署 autovec 1.4×·gather=0·byte-exact mism=0)·攻坚环 bisect(板上三点): baseline gather=8/0.33→vB slideup gather-free 但仍 0.35(★关键负结果=单纯消 gather 不解墙)→vC 窄化 per-entry(opponent 形状·owned intrinsic)gather=0/1.36·真 lever=gather-free 装配(必要)+窄化 per-entry 廉价 m1 widening(主导·旧 wide-LMUL m8 vsext_vf4/vfcvt 才是主成本中心)·🔴无 inline-asm·deployed emitDequantizeRowIQ3XXSVectorBody(regen md5 9d05ecad·CORE==PROD)·★ISSUE-107 honest-null 证伪(墙型订正 compiler-behavior),标量类,PASS,1.62,dequantize_row_iq3_xxs,scalar源 autovec→标量类(§〇.1)·per-format clang18 autovec·单世界clang(PR-17)
dequantize_row,iq3_s,rvv,micro-fixed,dequant,标量类,PASS,1.71,dequantize_row_iq3_s,★审计订正C1(paper-side self-audit·2026-07-20): 前值 2.08=max-of-7-seed(挑对手跑最差那次·方差全在对手侧 ggml IQR 17-33% vs ours 0.3-0.75%)·canon SOP 无 max-of-N 授权→改 median 1.71(7-seed)。★C2/B4 资格注: 数走 ad-hoc run_*.sh 非 bench 合法通道(runs.log 07-19/20 零行)·无 T-N 噪声地板(canon/测量判据.md:32·dequant T-N 命中 0)=按项目自己法尚无判定资格·pending bench-channel + T-N 正式确认·成色=measured 非 T-N-qualified。★★r5.1-c grid族全族翻(84150fd6e·裁2·续 W4 lever)·原无 owned body(deployed scalar 被 clang -O3 autovec 炸成 32 vlux+320 slidedown 彩票叶)→造 owned 窄化 per-entry body(W4 iq3_xxs lever 移植·gather-free 装配+廉价 m1 widening·grid-of-4 显式符号 sibling)·具名-X→PASS 1.44-2.08(~2x·全 7 seed 击败 ggml·iqr<1%·ours_med 522→257us)·byte-exact(ours-vs-oracle 0/131072·ggml-vs-oracle 0·3-arm·corpus grid 512/512 sign 256/256)·CORE==PROD(md5 ca6bd415·vlux=0 vslidedown=0 vs deployed 32/320)·🔴无 inline-asm·★推翻 GEN_SEAL iq3_s「同 gather 墙」预测·codegen-STRUCTURE 墙发射层翻,标量类,PASS,1.86,dequantize_row_iq3_s,scalar源 autovec→标量类(§〇.1)·per-format clang18 autovec·单世界clang(PR-17)
dequantize_row,iq4_nl,rvv,micro-fixed,dequant,标量类,PASS,5.51,dequantize_row_iq4_nl,★B线第一块批2 de-lottery·tiny-codebook 16-entry owned 真向量 emit(vrgather_vv_i8m1 REGISTER 码本·vluxei=0·flat fp16标度·9 owned·[L-8]·关ISSUE-002敞口)·byte-exact GREEN(mism=0/131072·3-arm·CORPUS 32/32·single-mul)·成色upgrade lottery-PASS→owned PASS(cold 5.5108/5.4248·2seed·count不动·敞口关)·标量类硬门·★opp-immaturity(§三.12·非perf硬赢)·sealed vec_dot核未动·勿外推,标量类,PASS,3.867,dequantize_row_iq4_nl,scalar源 autovec→标量类(§〇.1)·per-format clang18 autovec·单世界clang(PR-17)
dequantize_row,iq4_xs,rvv,micro-fixed,dequant,标量类,PASS,5.17,dequantize_row_iq4_xs,★B线第一块批2 de-lottery·tiny-codebook 16-entry owned 真向量 emit(vrgather_vv_i8m1 REGISTER 码本·vluxei=0·super-block signed-6 sub scale·9 owned·[L-8]·关ISSUE-002敞口·census-F7 覆盖)·byte-exact GREEN(mism=0/262144·3-arm·CORPUS 32/32·single-mul)·具名-X→PASS 真地盘(cold 5.1664/5.0545·2seed·census-F7 唯一真count·标量类-rvv 38→39)·标量类硬门·★opp-immaturity(§三.12·非perf硬赢)·sealed vec_dot核未动·勿外推,标量类,PASS,3.151,dequantize_row_iq4_xs,scalar源 autovec→标量类(§〇.1)·per-format clang18 autovec·单世界clang(PR-17)
dequantize_row,mxfp4,rvv,micro-fixed,dequant,标量类,PASS,6.42,dequantize_row_mxfp4,★B线第一块批2 de-lottery·tiny-codebook 16-entry owned 真向量 emit(vrgather_vv_i8m1 REGISTER 码本 gather·vluxei=0 无HW-gather墙·E8M0块标度bit-construction·9 owned·[L-8]强义construction·关ISSUE-002该格敞口)·byte-exact GREEN(mism=0/131072·3-arm·CORPUS 32/32·single-mul)·成色upgrade lottery-PASS→owned PASS(cold 6.4264/6.3683·2seed·count不动·敞口关)·标量类硬门·★opp-immaturity(host-autovec-of-scalar-C·§三.12·非perf硬赢)·sealed vec_dot核未动·勿外推vec_dot/grid,标量类,PASS,3.13,dequantize_row_mxfp4,scalar源 autovec→标量类(§〇.1)·per-format clang18 autovec·单世界clang(PR-17)
dequantize_row,nvfp4,rvv,micro-fixed,dequant,标量类,PASS,0.8,dequantize_row_nvfp4,★B线第一块批2 de-lottery·tiny-codebook 16-entry owned 真向量 emit(vrgather_vv_i8m1 REGISTER 码本·vluxei=0·4×UE4M3 sub-scale ldexpf·9 owned·[L-8]·关ISSUE-002敞口)·byte-exact GREEN(mism=0/131072·3-arm·CORPUS 32/32·single-mul)·lottery-PASS 2.1736→owned PASS(cold 0.8037/0.8034·2seed·marginal 刚过0.8门)·成色upgrade非涨数(owned cold<lottery·UE4M3 ldexpf scalar seam per-sub 稀释·未试杠杆=UE4M3 bit-construction/LUT向量化·PASS故非具名-X)·标量类硬门·opp-immaturity·非perf硬赢·勿外推,标量类,具名-X,0.716,dequantize_row_nvfp4,scalar源 autovec→标量类(§〇.1)·per-format clang18 autovec·单世界clang(PR-17)
dequantize_row,tq1_0,rvv,micro-fixed,dequant,标量类,PASS,1.05,dequantize_row_tq1_0,★B线第一块批3 de-lottery·ternary super-block owned 真向量 emit(base-3 vmul_vx(pow3)+((q*3)>>8) PURE-ARITHMETIC 解包·gather=0 无码本·11 owned distinct/420 calls·[L-8]强义construction·关ISSUE-002该格敞口)·byte-exact GREEN(mism=0/262144·3-arm bite·CORPUS 15/15·single-mul)·成色upgrade lottery-PASS→owned PASS(cold 1.0492/1.0422·2seed·count不动·敞口关)·标量类硬门·★opp-immaturity(§三.12·非perf硬赢)·sealed vec_dot核未动·勿外推vec_dot/grid·⚠dequant≠tq1_0 vec_dot第二块公式墙,标量类,PASS,4.285,dequantize_row_tq1_0,scalar源 autovec→标量类(§〇.1)·per-format clang18 autovec·单世界clang(PR-17)
dequantize_row,tq2_0,rvv,micro-fixed,dequant,标量类,PASS,1.0,dequantize_row_tq2_0,★B线第一块批3 de-lottery·ternary super-block owned 真向量 emit(2-bit vsrl/vand PURE-ARITHMETIC 解包·gather=0 无码本·9 owned distinct/282 calls·[L-8]强义construction·关ISSUE-002该格敞口)·byte-exact GREEN(mism=0/262144·3-arm bite[oracle/DUT/leaf-fault differing_bytes=1]·CORPUS 16/16·single-mul)·具名-X→PASS 真地盘(cold 1.0035/1.0246·2seed·census-F7 覆盖·标量类-rvv 39→40)·标量类硬门·★opp-immaturity(host-autovec-of-scalar-C·§三.12·非perf硬赢)·sealed vec_dot核未动·勿外推vec_dot/grid,标量类,PASS,4.232,dequantize_row_tq2_0,scalar源 autovec→标量类(§〇.1)·per-format clang18 autovec·单世界clang(PR-17)
gemm_tile,q4_0,rvv,decode,matmul,通用向量,PASS(decode-M1-GEVM),6.909,ggml_vec_dot_q4_0_q8_0(block-dot),★二义解〔清偿〕:stock 有 repack(ggml_gemm_q4_0_8x8/16x1)但 VLEN128 gate-off·真派发=block-dot→通用向量·我方win=routing白嫖非beat-repack·decode+prefill·e2e 5.92×/1.91× ·[decode-M1: 便宜档-weak-q4_0-block-dot-VLEN128-gate-off·big-multiple≠hard-win],通用向量,PASS(decode-M1-GEVM),2.575,block-dot,pending-fold ·[decode-M1: 便宜档-what-if(k1 front-door DECLINE repack@decode·force-construct)]
gemm_tile,q4_0,rvv,prefill,matmul,通用向量,PASS,6.224,ggml_vec_dot_q4_0_q8_0(block-dot),★二义解〔清偿〕:stock 有 repack(ggml_gemm_q4_0_8x8/16x1)但 VLEN128 gate-off·真派发=block-dot→通用向量·我方win=routing白嫖非beat-repack·decode+prefill·e2e 5.92×/1.91×,通用向量,PASS,3.5,block-dot,pending-fold
gemm_tile,q4_1,rvv,decode,matmul,通用向量,pending-fold,,ggml_vec_dot_q4_1_q8_1(CROSSOP),block-dot vectorized·nibble-unpack非autovec-able→通用向量〔V-纠〕·e2e 3.68×,通用向量,pending-fold,,ggml_vec_dot_q4_1_q8_1(CROSSOP),block-dot→通用向量〔V-纠〕·pending-fold
gemm_tile,q4_1,rvv,prefill,matmul,通用向量,PASS,6.105,ggml_vec_dot_q4_1_q8_1(CROSSOP),block-dot vectorized·nibble-unpack非autovec-able→通用向量〔V-纠〕·e2e 3.68×,通用向量,PASS,7.11,ggml_vec_dot_q4_1_q8_1(CROSSOP),block-dot→通用向量〔V-纠〕·pending-fold
gemm_tile,q5_0,rvv,decode,matmul,通用向量,PASS(decode-M1-GEVM),0.947,FLAT block-dot,e2e prefill 1.21×·pending-fold ·[decode-M1: near-parity-memory-leaning-compiler-sensitive(clang0.794 named-X)],通用向量,PASS-DEPLOYED(decode-GEVM·C1),1.205,FLAT block-dot,pending-fold ·[decode-M1: C1-deployed·batch4 免测确认1.205×] ·[★裁决④吸纳: deploy k1 repack-GEVM(decode) 1.760× kernel + e2e 2×(独立验证 a6fdf1a3/w91jl99ia)·anti-gate: 真实部署路径新格(C1 per-format measured-gate·d109d6ed2)·成色 beat-weak-baseline(stock q5 block-dot compute-bound·非 beat-hand-tuned)]
gemm_tile,q5_0,rvv,prefill,matmul,通用向量,PASS,1.232,FLAT block-dot,e2e prefill 1.21×·pending-fold,通用向量,PASS,2.327,FLAT block-dot,pending-fold
gemm_tile,q5_1,rvv,decode,matmul,通用向量,PASS(decode-M1-GEVM),1.09,FLAT block-dot,e2e prefill 1.09×·pending-fold ·[decode-M1: near-parity],通用向量,PASS-DEPLOYED(decode-GEVM·C1),1.317,FLAT block-dot,pending-fold ·[decode-M1: C1-deployed·batch4 免测确认1.317×] ·[★裁决④吸纳: deploy k1 repack-GEVM(decode) 2.241× kernel + e2e 2×(独立验证 a6fdf1a3/w91jl99ia)·anti-gate: 真实部署路径新格(C1 per-format measured-gate·d109d6ed2)·成色 beat-weak-baseline(stock q5 block-dot compute-bound·非 beat-hand-tuned)]
gemm_tile,q5_1,rvv,prefill,matmul,通用向量,PASS,1.412,FLAT block-dot,e2e prefill 1.09×·pending-fold,通用向量,PASS,2.568,FLAT block-dot,pending-fold
gemm_tile,q8_0,rvv,decode,matmul,通用向量,pending-fold,,FLAT block-dot,e2e 4.35× correctness-carrier·pending-fold,通用向量,pending-fold,,FLAT block-dot,pending-fold
gemm_tile,q8_0,rvv,prefill,matmul,通用向量,PASS,4.752,FLAT block-dot,e2e 4.35× correctness-carrier·pending-fold,通用向量,PASS,1.48,FLAT block-dot,pending-fold
gemm_tile,q1_0,rvv,prefill,matmul,域外,域外-永久(q1_0),,(Weft-internal),q1_0 internal-A/B·永久域外·非分母,域外,域外-永久(q1_0),,(Weft-internal),q1_0 internal-A/B·永久域外·非分母
gemm_tile,q2_K,rvv,decode,matmul,手调,具名-X(decode-M1),0.0685,ggml_vec_dot_q2_K_q8_K_vl128(CROSSOP),our-gemm vs vl128 手调block-dot·cross-op(rvv零K-quant repack) ·[decode-M1: 对手结构优势具名(手调block-dot register-resident·rvv零K-quant repack)·成本中心留白(旧「fold@M=1不amortize」经ISSUE-014四腿证=非物理地板·纯算术地板0.889-0.941>0.8·真成本中心待诊断·禁写权重位重建)·非物理墙(单侧at-wall·[§三.15])·C3′负·pending-真诊断],手调,PASS(decode-M1-GEVM),0.9585,ggml_gemm_q2_K_8x8_q8_K(REAL),真16x1/8x8 hand-brick repack STRONG ·[decode-M1: ★near-parity非win(ratio<1.0·弱opp·q2_K 2-bit但16-sub-block最高vsetvl81)·唯一非-loss·成色低不称赢]
gemm_tile,q2_K,rvv,prefill,matmul,手调,PASS,1.112,ggml_vec_dot_q2_K_q8_K_vl128(CROSSOP),our-gemm vs vl128 手调block-dot·cross-op(rvv零K-quant repack),手调,PASS,1.364,ggml_gemm_q2_K_8x8_q8_K(REAL),真16x1/8x8 hand-brick repack STRONG
gemm_tile,q3_K,rvv,decode,matmul,手调,具名-X(decode-M1),0.083,ggml_vec_dot_q3_K_q8_K_vl128(CROSSOP),cross-op vs vl128 手调block-dot ·[decode-M1: 对手结构优势具名(手调block-dot·rvv零repack)·成本中心留白(fold@M=1经ISSUE-014证非物理地板·真成本中心待诊断)·非物理墙(单侧at-wall·[§三.15])·C3′负],手调,具名-X(decode-M1),0.4252,ggml_vec_dot_q3_K_q8_K_vl256(CROSSOP),q3_K唯一无repack·cross-op vs vl256 手调block-dot ·[decode-M1: 指令数内禀-fold@M=1不amortize(16-sub-block)·C3′负]
gemm_tile,q3_K,rvv,prefill,matmul,手调,PASS,1.399,ggml_vec_dot_q3_K_q8_K_vl128(CROSSOP),cross-op vs vl128 手调block-dot,手调,PASS,2.92,ggml_vec_dot_q3_K_q8_K_vl256(CROSSOP),q3_K唯一无repack·cross-op vs vl256 手调block-dot
gemm_tile,q4_K,rvv,decode,matmul,手调,具名-X(decode-M1),0.361,ggml_vec_dot_q4_K_q8_K_vl128(CROSSOP),cross-op vs vl128 手调block-dot ·[decode-M1: ★genuine-C3′-negative·对手结构优势具名(rvv q4_K native-vec block-dot 3.6×快·gap=opp-strength非我方核·register-resident)·成本中心留白(旧「fold@M=1不amortize/指令数内禀墙」经ISSUE-014证非物理地板·真成本中心待诊断)·非物理墙([§三.15])],手调,PASS(decode-M1-GEVM),1.535,ggml_gemm_q4_K_16x1_q8_K(REAL),真16x1 hand-brick byte-drop-in STRONG(Win-K1-VLEN) ·[decode-M1: 手调-REAL·k1 WIN vs 弱opp·genuine(k1 real repack hand-brick域·batch4·8-sub-block不泛化到16-sub)]
gemm_tile,q4_K,rvv,prefill,matmul,手调,PASS,1.114,ggml_vec_dot_q4_K_q8_K_vl128(CROSSOP),cross-op vs vl128 手调block-dot,手调,PASS,1.187,ggml_gemm_q4_K_16x1_q8_K(REAL),真16x1 hand-brick byte-drop-in STRONG(Win-K1-VLEN)
gemm_tile,q5_K,rvv,decode,matmul,通用向量,具名-X(decode-M1),0.1273,ggml_vec_dot_q5_K_q8_K(CROSSOP),cross-op vs native-vec-moderate(q5_K无vl-spec) ·[decode-M1: 对手结构优势具名(手调block-dot·rvv零repack)·成本中心留白(fold@M=1经ISSUE-014证非物理地板·真成本中心待诊断)·非物理墙(单侧at-wall·[§三.15])·C3′负],手调,具名-X(decode-M1),0.6806,ggml_gemm_q5_K_8x4_q8_K(repack),repack opponent·★成色升级 DEFERRED(q5_K 8x8 前提证伪·非 verified hand-brick·F-2 纠·真硬赢锁 2=q4_K/q2_K) ·[decode-M1: 指令数内禀-fold@M=1不amortize·C3′负]
gemm_tile,q5_K,rvv,prefill,matmul,通用向量,PASS,1.067,ggml_vec_dot_q5_K_q8_K(CROSSOP),cross-op vs native-vec-moderate(q5_K无vl-spec),手调,PASS,4.448,ggml_gemm_q5_K_8x4_q8_K(repack),repack opponent·★成色升级 DEFERRED(q5_K 8x8 前提证伪·非 verified hand-brick·F-2 纠·真硬赢锁 2=q4_K/q2_K)
gemm_tile,q6_K,rvv,decode,matmul,手调,具名-X(decode-M1),0.0535,ggml_vec_dot_q6_K_q8_K_vl128(CROSSOP),cross-op vs vl128 手调block-dot ·[decode-M1: 对手结构优势具名(手调block-dot·rvv零repack)·成本中心留白(fold@M=1经ISSUE-014证非物理地板·真成本中心待诊断)·非物理墙(单侧at-wall·[§三.15])·C3′负],手调,具名-X(decode-M1),0.3771,ggml_gemm_q6_K_16x1_q8_K(repack),repack opponent·★成色升级 DEFERRED(非 verified hand-brick·F-2 纠) ·[decode-M1: 指令数内禀-fold@M=1不amortize(16-sub-block)·C3′负]
gemm_tile,q6_K,rvv,prefill,matmul,手调,PASS,0.96,ggml_vec_dot_q6_K_q8_K_vl128(CROSSOP),cross-op vs vl128 手调block-dot,手调,PASS,1.769,ggml_gemm_q6_K_16x1_q8_K(repack),repack opponent·★成色升级 DEFERRED(非 verified hand-brick·F-2 纠)
gemm_tile,iq1_s,rvv,prefill,matmul,标量类,具名-X,0.6643,ggml_vec_dot_iq1_s_q8_K_vl128(CROSSOP),★P2 部署对手落账(ISSUE-004)·rvv 实跳 vl128 手调核(反汇编坐实·thunk rvv=0 纯分发)·CROSSOP 同算子 repack 缺席·tier=S 暂留[ISSUE-007 待裁]·verdict 见 P2_GRID4 ·[P2-grid4-prefill(部署对手): 部署 vl128(CROSSOP)·cold_X 0.6643(s1)/0.6699(s2)·墙=我方 generic-aux32 ins13109/rvv10345/vset4565 vs 对手 vl128 full-unroll ins201/rvv109/vset41(≈65×指令量·vset storm)·便宜档 vs generic 15.20×【降披露】],标量类,PASS,1.3406,ggml_vec_dot_iq1_s_q8_K_vl256(CROSSOP),★P2 部署对手落账·k1 实跳 vl256 手调核·CROSSOP·tier=S 暂留[ISSUE-007] ·[P2-grid4-prefill(部署对手): ★deployed VLEN256 fixture(裁决1·ISSUE-105)·cold_X 1.3406(s1)/1.3399(s2)·真硬赢 vs 部署手调 vl256(CROSSOP 系统账·aaee 板验+a6ad check)·byte-exact·objdump 真宽 AVL8→16 非 re-roll·便宜档 vs generic 禁称硬赢]
gemm_tile,iq1_m,rvv,prefill,matmul,标量类,具名-X,0.5713,ggml_vec_dot_iq1_m_q8_K_vl128(CROSSOP),★P2 部署对手落账(ISSUE-004)·rvv 实跳 vl128 手调核·CROSSOP·tier=S 暂留[ISSUE-007]·verdict 见 P2_GRID4 ·[P2-grid4-prefill(部署对手): 部署 vl128(CROSSOP)·cold_X 0.5713(s1)/0.5701(s2)·墙=generic-aux32 ins21018/rvv11922 vs vl128 full-unroll ins231/rvv79(≈91×)·便宜档 vs generic 9.01×【降披露】],标量类,PASS,1.7936,ggml_vec_dot_iq1_m_q8_K_vl256(CROSSOP),★P2 部署对手落账·k1 实跳 vl256 手调核·CROSSOP·tier=S 暂留[ISSUE-007] ·[P2-grid4-prefill(部署对手): ★deployed VLEN256 fixture(裁决1·ISSUE-105)·cold_X 1.7936(s1)/1.7625(s2)·真硬赢 vs 部署手调 vl256(CROSSOP 系统账·aaee 板验+a6ad check·2.94× compound=宽化+spill-storm 810→42 清零)·byte-exact·objdump 真宽非 re-roll·便宜档 vs generic 禁称硬赢]
gemm_tile,iq2_xxs,rvv,decode,matmul,标量类,具名-X(decode-M1),0.6,ggml scalar-ref(fallback),same-op repack absent→标量参考兜底(§〇.2)·待补标量仗 ·[decode-M1: decode·rvv named-X(单世界clang)·便宜档],标量类,PASS(decode-M1-GEVM),1.13,ggml scalar-ref(fallback),待补标量仗 ·[decode-M1: decode·便宜档-scalar-ref·禁称硬赢]
gemm_tile,iq2_xxs,rvv,prefill,matmul,标量类,PASS,2.32,ggml scalar-ref(fallback),clang世界·opp=ggml scalar-ref(便宜档)·具名-X→PASS·便宜档禁称硬赢(A1§1·s1 2.32/s2 2.34),标量类,PASS,1.4581,ggml scalar-ref(fallback),待补标量仗 ·[P2-grid4-prefill(部署对手): ★deployed VLEN256 fixture(PREFILL 行·裁决1/2)·cold_X 1.4581(s1)/1.4761(s2·af60 独立复核==ab6d 1.464)·成色 upgrade: 真硬赢 vs 部署手调 vl256 OPP-X(CROSSOP·同算子 OPP-S 缺席 probe=0)·byte-exact 4-arm mism=0/8192·objdump 真宽 ins14945→7284/vset5461→2515/gather1024→512/AVL8→16 非 re-roll·便宜档 vs generic 5.98× 禁称硬赢]
gemm_tile,iq2_xs,rvv,decode,matmul,标量类,PASS(decode-M1-GEVM),1.0,ggml scalar-ref(fallback),待补标量仗 ·[decode-M1: decode·便宜档-scalar-ref·禁称硬赢],标量类,PASS(decode-M1-GEVM),3.81,ggml scalar-ref(fallback),待补标量仗 ·[decode-M1: decode·便宜档·k1 opp clang-bloat假象·禁称硬赢]
gemm_tile,iq2_xs,rvv,prefill,matmul,标量类,PASS,12.32,ggml scalar-ref(fallback),clang世界·opp=ggml scalar-ref(便宜档)·具名-X→PASS·大倍数=opp-clang编巨胖伪影(160ms)·便宜档禁称硬赢(A1§1·s1 12.32/s2 12.29),标量类,PASS,1.1513,ggml scalar-ref(fallback),待补标量仗 ·[P2-grid4-prefill(部署对手): ★deployed VLEN256 fixture(PREFILL 行·裁决1/2)·cold_X 1.1513(s1)/1.1554(s2·af60==ab6d 1.143)·成色 upgrade: 真硬赢 vs OPP-X vl256(CROSSOP·OPP-S 缺席 probe=0)·byte-exact mism=0/8192·objdump 真宽 16037→7324/5477→2531/1024→512/AVL8→16·便宜档 vs generic 22.4× 禁称硬赢]
gemm_tile,iq2_s,rvv,decode,matmul,标量类,PASS(decode-M1-GEVM),1.03,ggml scalar-ref(fallback),待补标量仗 ·[decode-M1: decode·便宜档],标量类,PASS(decode-M1-GEVM),3.55,ggml scalar-ref(fallback),待补标量仗 ·[decode-M1: decode·便宜档·clang-bloat假象·禁称硬赢]
gemm_tile,iq2_s,rvv,prefill,matmul,标量类,PASS,11.49,ggml scalar-ref(fallback),clang世界·opp=ggml scalar-ref(便宜档)·具名-X→PASS·大倍数=opp-clang编胖伪影(150ms)·便宜档禁称硬赢(A1§1·s1 11.49/s2 11.46),标量类,PASS,1.3932,ggml scalar-ref(fallback),待补标量仗 ·[P2-grid4-prefill(部署对手): ★deployed VLEN256 fixture(PREFILL 行·裁决1/2)·cold_X 1.3932(s1)/1.3899(s2·af60 保守实测·claim 1.408 噪声内)·成色 upgrade: 真硬赢 vs OPP-X vl256(CROSSOP·OPP-S 缺席 probe=0)·byte-exact mism=0/8192·objdump 真宽 16037→7324/5477→2531/1024→512/AVL8→16·便宜档 vs generic 21.2× 禁称硬赢]
gemm_tile,iq3_xxs,rvv,prefill,matmul,标量类,PASS,0.9484,ggml_vec_dot_iq3_xxs_q8_K_vl128(CROSSOP),★P2 部署对手落账(ISSUE-004)·rvv 实跳 vl128 手调核·CROSSOP·tier=S 暂留[ISSUE-007]·verdict 见 P2_GRID4 ·[P2-grid4-prefill(部署对手): 部署 vl128(CROSSOP)·cold_X 0.9484(s1)/0.9545(s2)·near-parity vs 部署手调核(≥0.8·非硬赢·我方 ins15238 vs vl128 ins310)·便宜档 vs generic 2.71×【降披露·禁称硬赢】],标量类,PASS,1.3811,ggml_vec_dot_iq3_xxs_q8_K_vl256(CROSSOP),★P2 部署对手落账·k1 实跳 vl256 手调核·CROSSOP·tier=S 暂留[ISSUE-007] ·[P2-grid4-prefill(部署对手): ★deployed VLEN256 fixture(裁决1·ISSUE-105 放行)·cold_X 1.3811(s1)/1.375(s2·aa640 独立复现 1.371/1.375·变异内·s2 由 aaee 1.4022 软化取保守独立值)·真硬赢 vs 部署手调 vl256(CROSSOP 系统账·aaee 板验 + a6ad + aa640 双独立 check CONFIRMED)·byte-exact 4-arm·objdump 真宽 AVL8→16/gather1024→512/vset5397→2515 非 re-roll·便宜档 vs generic 禁称硬赢·[D-2a]长期形态并行]
gemm_tile,iq3_s,rvv,prefill,matmul,标量类,PASS,1.3483,ggml_vec_dot_iq3_s_q8_K_vl128(CROSSOP),★P2 部署对手落账(ISSUE-004)·rvv 实跳 vl128 手调核·CROSSOP·tier=S 暂留[ISSUE-007]·verdict 见 P2_GRID4 ·[P2-grid4-prefill(部署对手): 部署 vl128(CROSSOP)·cold_X 1.3483(s1)/1.3429(s2)·beat 部署 vl128(对手 leaf 轻 ins105/rvv38·我方 repack-GEMM 摊销更好)·板间翻转候选(k1 输)·便宜档 vs generic 12.26×【降披露】],标量类,PASS,1.2074,ggml_vec_dot_iq3_s_q8_K_vl256(CROSSOP),★P2 部署对手落账·k1 实跳 vl256 手调核·CROSSOP·tier=S 暂留[ISSUE-007] ·[P2-grid4-prefill(部署对手): ★deployed VLEN256 fixture(裁决1·ISSUE-105)·cold_X 1.2074(s1)/1.2063(s2)·真硬赢 vs 部署手调 vl256(CROSSOP 系统账·aaee 板验+a6ad check)·byte-exact·同 leaf rvv 赢现 k1 也赢(VLEN256 宽化补齐半宽缺口·objdump 真宽非 re-roll)·便宜档 vs generic 禁称硬赢]
gemm_tile,iq4_nl,rvv,decode,matmul,通用向量,具名-X,0.234,ggml_vec_dot_iq4_nl_q8_0_vl128(CROSSOP),★r5.1-f iq4_nl gemm fold 收尾(b55b915ad)·honest-null decode(pending-fold→具名-X)·decode M=1 0.2251/0.2394 vs 部署 block-dot(OPP-X CROSSOP)·CI 上界<0.8 robust LOSS·同 prefill 分轴: 码本 gather 墙(ISSUE-021 declined 非可翻)+rvv 已满宽无宽可窄·byte-exact GREEN·零源改,通用向量,具名-X(decode-M1),0.2493,ggml_vec_dot_iq4_nl_q8_0_vl256(CROSSOP),pending-fold ·[decode-M1: ★CROSSOP(我方 repack-GEVM vs 对手 per-column block-dot·非同算子硬赢)·s1 0.2493/s2 0.2490·N=25·2-seed·CI[0.2491—0.2498]·同算子 OPP-S ggml_gemv_iq4_nl_16x1_q8_0 = 0.1469(亦输)·ZERO-MODEL ours0/512 oppX0/512 oppS0/512 = 正确核(输性能非正确性)·★墙(完整环走完·机制级)=codebook-gather-bound: 我 64×vluxei16.v(走内存 codebook 数组 indexed gather) vs OPP-S 32×vrgather.vv(16 项 codebook 常驻向量寄存器的寄存器置换)·16 项平凡装入单寄存器→vrgather 是正确原语·vluxei16 每元素付访存端口往返且无法外提·叠加 vsetvli storm(我 260 vs 51)+2.5×指令量(724 vs 293)·双方 true_sp_spill=0(排除 spill 病)·可修(emitter 成熟度缺口): 需 codebook-size 键控 gather 原语选择(≤VLMAX 项走寄存器 vrgather·大 grid 才走 vluxei16)——与 [emitter-maturity-vluxei16] 方向相反(vluxei16 对 iq1_s 大 grid 是 win·对 16 项 tiny codebook 是 loss)→ 判别键=codebook 尺寸(C3′ 能力键控正例)·★部署成色=what-if(selector=block-dot-decline-vlen256-decode-measured-negative·出货走 block-dot·禁写成 k1 decode 部署输)·循环论证防线: registry DECLINE 由 0.248x 驱动·本轮独立复测 0.2493/0.2490 与 registry Negative 一致(未证伪)→ 无 canon 触发·selector/registry 不动]
gemm_tile,iq4_nl,rvv,prefill,matmul,通用向量,具名-X,0.755,ggml_vec_dot_iq4_nl_q8_0_vl128(CROSSOP),★r5.1-f iq4_nl gemm fold 收尾(b55b915ad)·honest-null(pending-fold→具名-X)·prefill 0.7537/0.7584 vs 部署 block-dot(OPP-X CROSSOP)·4/4 CI 上界<0.8 robust LOSS·前置核: rvv 无宽可窄(OURS 已满宽 vl=8=e32m2 VLMAX@VLEN128·k1 narrow-vl 协因子 rvv 上不存在)+码本 gather 墙(64× vluxei16 vs 对手 vrgather 16项常驻)·唯一 lever=码本 gather 原语=ISSUE-021 已裁禁性能名义·selector 正确 decline·部署 block-dot·非可翻·墙型=emitter 原语选择(同算术 OPP-X 快 1.3-4.4×=非 M=1 roofline)·byte-exact GREEN·零源改,通用向量,具名-X,0.425,ggml_vec_dot_iq4_nl_q8_0_vl256(CROSSOP),pending-fold ·[P2-grid4-prefill(部署对手): ★deployed VLEN256 fixture(PREFILL 行·裁决2)·binding=同算子 OPP-S ggml_gemm_iq4_nl_16x1_q8_0(PRESENT nm4·VALID mism=0/8192)beats 2.35×(ratio_cold_S 0.4250 s1/0.4279 s2)·widening 分离两 co-factor: 墙①narrow-vl(AVL8→16)已解 ours-vs-OPP-X 0.6019→1.2504·墙②codebook-gather(ISSUE-021·16-entry vluxei vs vrgather)立→非硬赢·byte-exact 4-arm mism=0/8192·objdump 真宽 1784→955/656→328/64→32/AVL8→16·具名-X 如实]
gemm_tile,iq4_xs,rvv,decode,matmul,标量类,具名-X(decode-M1),0.63,ggml scalar-ref(fallback),待补标量仗 ·[decode-M1: decode near-parity·rvv named-X(单世界clang)·便宜档-scalar-ref·PR-17],标量类,PASS(decode-M1-GEVM),0.93,ggml scalar-ref(fallback),待补标量仗 ·[decode-M1: decode near-parity·便宜档-scalar-ref·禁称硬赢]
gemm_tile,iq4_xs,rvv,prefill,matmul,标量类,PASS,3.15,ggml scalar-ref(fallback),clang世界(单一编译器世界)·opp=ggml scalar-ref(便宜档)·具名-X→PASS·便宜档禁称硬赢(A1§1·s1 3.15/s2 3.11),标量类,PASS,2.1,ggml scalar-ref(fallback),待补标量仗
gemm_tile,mxfp4,rvv,decode,matmul,标量类,PASS(decode-M1-GEVM),1.51,ggml scalar-ref(fallback),待补标量仗 ·[decode-M1: decode·便宜档-scalar-ref·禁称硬赢],标量类,PASS(decode-M1-GEVM),0.94,ggml scalar-ref(fallback),待补标量仗 ·[decode-M1: decode near-parity·便宜档]
gemm_tile,mxfp4,rvv,prefill,matmul,标量类,PASS,3.65,ggml scalar-ref(fallback),clang世界·opp=ggml scalar-ref(便宜档)·具名-X→PASS·便宜档禁称硬赢(A1§1·s1 3.65/s2 3.66),标量类,PASS,2.3,ggml scalar-ref(fallback),待补标量仗
gemm_tile,nvfp4,rvv,prefill,matmul,标量类,pending-真(待补标量仗),,ggml scalar-ref(fallback·generic-C),generic-C autovec→标量类·待补标量仗,标量类,pending-真(待补标量仗),,ggml scalar-ref(fallback),待补标量仗
gemm_tile,tq1_0,rvv,decode,matmul,标量类,PASS(decode-M1-GEVM),1.67,ggml scalar-ref(fallback),待补标量仗 ·[decode-M1: decode·便宜档(rvv-clang boundary 0.79 X footnote)],标量类,PASS(decode-M1-GEVM),1.99,ggml scalar-ref(fallback),待补标量仗 ·[decode-M1: decode·便宜档·禁称硬赢]
gemm_tile,tq1_0,rvv,prefill,matmul,标量类,PASS,7.9,ggml scalar-ref(fallback),clang世界·opp=ggml scalar-ref(便宜档)·具名-X→PASS·便宜档禁称硬赢(A1§1·s1 7.90/s2 7.93),标量类,PASS,6.45,ggml scalar-ref(fallback),待补标量仗
gemm_tile,tq2_0,rvv,decode,matmul,标量类,PASS(decode-M1-GEVM),1.19,ggml scalar-ref(fallback),待补标量仗 ·[decode-M1: decode·便宜档],标量类,PASS(decode-M1-GEVM),1.59,ggml scalar-ref(fallback),待补标量仗 ·[decode-M1: decode·便宜档·禁称硬赢]
gemm_tile,tq2_0,rvv,prefill,matmul,标量类,PASS,9.91,ggml scalar-ref(fallback),clang世界·opp=ggml scalar-ref(便宜档)·具名-X→PASS·ours vsetvl=8最简·便宜档禁称硬赢(A1§1·s1 9.91/s2 10.10),标量类,PASS,4.76,ggml scalar-ref(fallback),待补标量仗
gemm_tile,q4_0,ime,prefill,matmul,N/A-hw,N/A-hw,,—,ime.present unsatisfiable on rvv(机判),手调,具名-X(IME-kernel-sym·vendor手调IME),0.196,stock IME q4_0 (vendor),vendor IME dispatch chip-specific→手调·成色:tie-stock 1.0088×(未真beat) ·[IME-kernel-sym: IME kernel-sym vs vendor手调IME核 gemm_kernel_i8i4(真硅vmadot)·输5.1×·墙=scale-fold epilogue未融进vmadot MAC·真硬件vendor正面度量负结果]
gemm_tile,q8_0,ime,prefill,matmul,N/A-hw,N/A-hw,,—,ime.present unsatisfiable on rvv(机判),手调,PASS(IME-kernel-sym·对手RVV-repack回退部署真核·near-parity非硬赢·非vendor-IME·禁写赢了IME),0.937,stock IME q8_0 (vendor),vendor IME dispatch chip-specific→手调·成色:beat-stock 2.233×(赢弱vendor) ·[IME-kernel-sym: ★裁决4改判(a4e6·走check)·对手=RVV-repack回退 ggml_gemm_q8_0_16x1_q8_0(部署真核·非vendor IME·runtime gdb证prefill实跳该核·gemm_kernel_i8i4/vec_dot从不触发·IME2 compiled-out无i8i8符号·spacemit get_optimal q8_0仅IME2→IME1下nullptr→mainline repack q8_0_16x1@zvfh VLEN256)·kernel-sym M64N512K2048 byte-exact int32核2097152/2097152 mism=0·OURS byte-identical回退(opp_vs_ours=0)·cold 2seed×6 w4≈0.937/predec≈0.916·compiler-symmetric clang-18·★near-parity非硬赢(ours~6%慢·≥0.8门·同iq3_xxs@rvv 0.9484范式)·系统账部署真核·禁写赢了IME·e2e 2.233×另赛道禁互推·★诚实缺口(a2cd check): 对手身份4路独立坐实(源码/二进制/env/repack·比单点gdb强)+byte-exact int32结构保证·但cold 0.937=a4e6单源(OURS wide-vmadot harness未落盘·精确cold无第二复现通道·建议保存harness·near-parity裕度足不影响≥0.8门)]
gemm_tile,q4_K,ime,prefill,matmul,N/A-hw,N/A-hw,,—,ime.present unsatisfiable on rvv(机判),手调,具名-X(IME-kernel-sym·vendor手调IME),0.049,stock IME q4_K (vendor),vendor IME dispatch chip-specific→手调·成色:黄0.909× super-block 传导稀释 ·[IME-kernel-sym: IME kernel-sym vs vendor IME·输20×·★C3′[PAT-1]format-keyed边界最锋利·gap随格式复杂度扩张(q4_0 5×→q4_K 20×·我方fold随super-block暴涨25→110ms·vendor单核塞所有格式4.9→5.5ms)]
rms_norm,f32,rvv,micro-fixed,forward,通用向量,PASS,1.24,ggml_compute_forward_rms_norm_f32,native RVV m8 vec_scale + scalar-dbl reduce·HYBRID·BORDERLINE,通用向量,PASS,1.336,ggml_compute_forward_rms_norm_f32,HYBRID·native-vec-light
softmax,f32,rvv,micro-fixed,forward,通用向量,PASS,1.007,ggml_vec_soft_max_f32,exported ggml手写RVV intrinsic·expf reduce,通用向量,PASS,1.004,ggml_vec_soft_max_f32,leaf 手写intrinsic·wrapper scalar-setup
rope,f32,rvv,micro-fixed,forward,标量类,PASS,1.013,ggml_compute_forward_rope_f32,scalar cos/sin cache 2-pass + autovec rotate→标量类,标量类,PASS,0.982,ggml_compute_forward_rope_f32,mostly-scalar→标量类
silu,f32,rvv,micro-fixed,forward,通用向量,PASS,0.997,ggml_vec_silu_f32,exported ggml手写RVV intrinsic·sigmoid/expf 向量化,通用向量,PASS,1.012,ggml_vec_silu_f32,手写intrinsic
scale,f32,rvv,micro-fixed,forward,通用向量,PASS,0.998,ggml_vec_scale_f32(vec.h:703),NATIVE RVV m8 vfmul_vf 手写intrinsic·byte-identical algo,通用向量,PASS,0.917,ggml_vec_scale_f32,native RVV m8·板异emit较轻但同源intrinsic
gelu,f32,rvv,micro-fixed,forward,标量类,PASS,0.141,ggml_table_gelu_f16(BSS-LUT),A2 f16-LUT同档重比done·WIN 1.116×·便宜档表查·同档调度胜·非硬赢·0ULP,标量类,PASS,0.247,ggml_table_gelu_f16(BSS-LUT),A2同档重比done·PARITY 0.957×·memory-bound near-parity·便宜档
add,f32,rvv,micro-fixed,forward,标量类,PASS,0.967,ggml_vec_add_f32(vec.h:89),AVX2-only vec path·RV落scalar loop→autovec→标量类,标量类,PASS,1.209,ggml_vec_add_f32,scalar loop autovec→标量类
mul,f32,rvv,micro-fixed,forward,标量类,PASS,0.963,ggml_vec_mul_f32(vec.h:127),pure scalar loop→autovec→标量类,标量类,PASS,1.189,ggml_vec_mul_f32,autovec→标量类
cpy,f32,rvv,micro-fixed,forward,标量类,PASS,0.987,ggml_vec_cpy_f32(vec.h:119),pure scalar loop→autovec/memcpy→标量类,标量类,PASS,1.108,ggml_compute_forward_dup_cpy,scalar/memcpy-stream→标量类
