seq,family_spectrum,scope_format,flip_commit,ledger_delta_hand_LOC,gitcheck_flip_commit_net_LOC(lib+include),delta_C_construct,cost_tier,marginal_position,net_new_vs_reuse,recompute_or_evidence_ref,snapshot,family_kind,axis,descriptor_LOC,descriptor_scope
0,[LED-1]-family-anchor,IME-family-source,--,raw_wc_l=2484 (absolute anchor; not a delta),n/a,--,HIGH (build family primitive),base-expensive (recomputable first ledger point),net-new (first capability family),tools/visibility/recompute_ledger_anchor.sh (verdict PASS: recomputed raw wc-l 2484 == pinned 2484) | [LED-2] anchor厘正+4列住址+曲线: docs/reports/2026-07-12-C2-LED-2-边际曲线-三家族点.md,HEAD=a348bc0c,extension-family,C2-extension-family-接入(真C2;anchor-IME2484;勿动),n/a(extension-family;descriptor-concept-does-not-apply),--
1,flat(single-block),q8_0 vec_dot,9a660e99,+296 (this-flip),+296,3->4,HIGH (build flat primitive),base-expensive,net-new typed_flat_block_dot_loop_body op + loop layer from scratch,docs/method/C2_marginal_cost_ledger.md Phase-1,HEAD=a348bc0c,decode-format,C3'-construction,n/a-no-DecodeFacts-record(mechanism-2:kind=ggml_q8_0_q8_0_block_dot;not-D1-comparable),--
2,flat(single-block),q4_0 vec_dot,1442425c,cohort (MEDIUM; not individually numbered),+429,4->5,MEDIUM,reuse-loop + new-decode-brick,packed-i4 offset-binary decode brick reuses flat loop op,docs/method/C2_marginal_cost_ledger.md Phase-1,HEAD=a348bc0c,decode-format,C3'-construction,n/a-no-DecodeFacts-record(mechanism-2:kind=ggml_q4_0_q8_0_block_dot;not-D1-comparable),--
3,flat(single-block),q4_1 vec_dot,39d790b1,cohort (MEDIUM; not individually numbered),+830,5->6,MEDIUM,reuse-loop + new-decode-brick,unsigned-nibble + min-fold brick (net-new) reuses flat loop op,docs/method/C2_marginal_cost_ledger.md Phase-1,HEAD=a348bc0c,decode-format,C3'-construction,n/a-no-DecodeFacts-record(mechanism-2:kind=ggml_q4_1_q8_1_block_dot;not-D1-comparable),--
4,flat(single-block),flat-monolith-RETIRE (q4/q5/q8 cohort),1185729a,-1797 (ledger),-1785,retire,RETIRE (single typed representation),retire-monolith (first negative delta),-monolith after cohort flip,docs/method/C2_marginal_cost_ledger.md Phase-1,HEAD=a348bc0c,decode-format,C3'-construction,n/a-no-DecodeFacts-record(retired-monolith-cohort;successor-path=mechanism-2),--
5,super-block(K-quant),q4_K vec_dot,0d68f2eb->81b61908->82589f30,+935 (milestone chain),+307 (scaffold-commit 0d68f2eb),8->9,HIGH (build super-block primitive),base-expensive,net-new super-block dual-accumulator loop op + emitter + front-door from scratch + 6 bricks,docs/method/C2_marginal_cost_ledger.md Phase-2,HEAD=a348bc0c,decode-format,C3'-construction,18,D1-facts-initializer-raw-wc-l@5e0c6254:RVVLowerQuantContraction.cpp:387-404:kQ4KDecodeFacts
6,super-block(K-quant),q5_K vec_dot,386d3d4d,-374,-374,9->10,LOW (~free param reuse),near-free-reuse,qh optional attr reuses whole super-block base + all 6 bricks + fold,docs/method/C2_marginal_cost_ledger.md Phase-2,HEAD=a348bc0c,decode-format,C3'-construction,18,D1-facts-initializer-raw-wc-l@5e0c6254:RVVLowerQuantContraction.cpp:491-508:kQ5KDecodeFacts
7,super-block(K-quant),q6_K vec_dot,a489e950->e0034acc,+213 (milestone chain),+95 (scaffold-commit a489e950),10->11,MEDIUM (generalize new axis),bounded-new-axis,accumulator-arity single-vector generalization + no-min fold_model (reuse aux32 core),docs/method/C2_marginal_cost_ledger.md Phase-2,HEAD=a348bc0c,decode-format,C3'-construction,18,D1-facts-initializer-raw-wc-l@5e0c6254:RVVLowerQuantContraction.cpp:410-427:kQ6KDecodeFacts
8,super-block(K-quant),q2_K vec_dot,37e589f4->e96c113e,+388 (milestone chain),+323 (scaffold-commit 37e589f4),11->12,HIGH (structurally far),structurally-far-expensive,net-new 2-bit integer core + third scalar accumulator arity,docs/method/C2_marginal_cost_ledger.md Phase-2,HEAD=a348bc0c,decode-format,C3'-construction,18,D1-facts-initializer-raw-wc-l@5e0c6254:RVVLowerQuantContraction.cpp:436-453:kQ2KDecodeFacts
9,super-block(K-quant),q3_K vec_dot,afa03ce1,+16,+16,12->13,LOW (structure covered by q6_K),cheap-reuse,reuse q6_K single-vector arity + no-min fold; only hmask decode brick net-new,docs/method/C2_marginal_cost_ledger.md Phase-2,HEAD=a348bc0c,decode-format,C3'-construction,18,D1-facts-initializer-raw-wc-l@5e0c6254:RVVLowerQuantContraction.cpp:463-480:kQ3KDecodeFacts
10,2nd-spectrum: repack GEVM,q4_0 repack gemm_tile,a9f48bc4,greenfield (3rd distinct typed-loop shape),-529 (flip-retire commit),13->14,HIGH (greenfield loop-shape),base-expensive (new loop-shape),net-new per-strip lane-wise f32 VECTOR accumulator (flat/super-block cannot express),docs/method/C2_marginal_cost_ledger.md 第二谱,HEAD=a348bc0c,kernel-loop-shape,C3'-construction,n/a-no-DecodeFacts-record(repack-loop-shape-row;neither-mechanism-1-nor-2-applies),--
11,2nd-spectrum: flat codebook,iq4_nl vec_dot,ede04009,mid (flat family reused; codebook decode new axis),-355 (flip-retire commit),14->15,MEDIUM,bounded-new-axis,reuse flat block-dot shell + codebook bricks; net-new emitter codebook sub-case + front-door branch,docs/method/C2_marginal_cost_ledger.md 第二谱,HEAD=a348bc0c,decode-format,C3'-construction,15,D1-facts-initializer-raw-wc-l@5e0c6254:RVVLowerQuantContraction.cpp:822-836:kIq4NlDecodeFacts
12,2nd-spectrum: grid super-block,iq1_s vec_dot,cc4b5559,greenfield (~-475 net retire monolith),-353 (flip-retire commit),15->16,HIGH (grid family greenfield),base-expensive (grid family),net-new vluxei16 2048-grid core + scalar_delta_grid fold + super-block grid branch + selector,docs/method/C2_marginal_cost_ledger.md 第二谱,HEAD=a348bc0c,kernel-loop-shape,C3'-construction,16,D1-facts-initializer-raw-wc-l@5e0c6254:RVVLowerQuantContraction.cpp:991-1006:kIq1SDecodeFacts
13,2nd-spectrum: grid super-block,iq1_m vec_dot,9070abd0,~0 marginal (one workflow; ★C3′ payoff),+327 (mostly body code-move; scaffold reused),16->17,LOW (param reuse of iq1_s scaffold),near-free-reuse (grid analogue of q4_K->q5_K),reuse whole iq1_s scalar-delta-grid scaffold; only distinct core brick net-new,docs/method/C2_marginal_cost_ledger.md 第二谱,HEAD=a348bc0c,decode-format,C3'-construction,16,D1-facts-initializer-raw-wc-l@5e0c6254:RVVLowerQuantContraction.cpp:1033-1048:kIq1MDecodeFacts
14,[LED-2]-family-second-point,Scalar-family-source (X-SCALAR; vector-absent independent family #3),landed 5c010b2b->f96f767a->2dd654d8 (no flip; 收口非从零),raw_wc_l=1501 / cloc_approx=1148 (absolute family接入 cost; not a delta),n/a (landed across 3 commits; family_ledger.py recompute),--,HIGH (independent family: net-new pure-C emitter 878 raw; F-6 forbids RVV-emitter reuse),second C2 point (IME2484 raw -> Scalar1501 raw = ~60% of #2; NOT a monotone curve; integrated sub-ext cheap / independent family pays real emitter),net-new (independent capability family #3; ScalarBackendEmissionDriver.cpp 878 raw = largest component),family_ledger.py report --family Scalar (raw 1501 / cloc-approx 1148); 排期报告 2026-07-11 甲.5 (hand-est ~1131) | [LED-2] 曲线+住址: docs/reports/2026-07-12-C2-LED-2-边际曲线-三家族点.md,HEAD=2d2d8a1b,extension-family,C2-extension-family-接入(第二点;X-SCALAR1501/1148 pin@2dd654d8;vs-anchor-IME2484 pin@54465ee7;两-regime成本分解-〇.2定案;轨二independent-如实实测-成本高即论点;统一<300已废),n/a(extension-family;descriptor-concept-does-not-apply),--
15,3rd-axis: IME forward-integration,q4_0@ime forward-wiring BUILD,13c1c74a->3b6ff278->9aeaab2d,+109 lib (session-1 scale-fold epilogue+f32 wrapper on existing IME kernel emitter) + board pattern (5 bridges+env-gated parallel tcrv tensor_traits routing),+109 (lib session-1; sessions 2-3 board harness no lib),n/a (forward-integration axis; not C_construct),HIGH (build forward-integration primitive),base-expensive (new axis: IME e2e forward-traffic layer),net-new forward-wiring pattern: scale-fold epilogue+shape driver(#1/#2)+data-path bridges(#3/#4)+vendor forward_mul_mat tensor_traits routing(#5); [GAP-IME-E2E-INTEGRATION] closed,experiments/active/g5-wiring/M3-ime-q4_0-bridge/ (session1-3),HEAD=d73096da,extension-family-forward,C1-cross-paradigm-forward-integration,n/a(forward-wiring-row;descriptor-concept-does-not-apply),--
16,3rd-axis: IME forward-integration,q4_K@ime forward-wiring REUSE (super-block),d73096da,+0 lib (reused forward-ready emitter+int32 core verbatim); board super-block delta only (two-level q8_K fold+brick),+0 (lib reused; board harness per-format),n/a,LOW-MEDIUM (reuse pattern; super-block fold/brick delta),near-free-lib-reuse (forward-integration analogue of q5_K vec_dot -374),reuse env-gated tensor_traits pattern+int32 core+bridge structure verbatim; only super-block two-level q8_K fold(S_scale/S_min)+repack brick net-new (board); ★C2 payoff: forward-integration generalizes flat->super-block cheap,experiments/active/g5-wiring/M3-ime-q4_K-forward/,HEAD=d73096da,extension-family-forward,C1-cross-paradigm-forward-integration,n/a(forward-wiring-row;descriptor-concept-does-not-apply),--
17,[LED-2]-family-anchor-substrate,RVV-family-source (N1 vector substrate; the reference family IME/X-SCALAR generalize FROM),-- (accreted over whole project; no single founding flip),raw_wc_l=163629 / 119 files (FULL accreted substrate; NOT an onboarding-slice delta -- apples-to-oranges vs IME founding 2484 / X-SCALAR founding 1501),n/a (RVV IS the base template; no onboarding-slice口径 exists),--,SUBSTRATE (reference family; NOT a marginal onboarding point),"anchor-of-diversity NOT anchor-of-cost-curve: RVV = origin families generalize FROM; the marginal-COST curve's base-expensive point = IME founding 2484 (first MEASURED onboarding). 2484 belongs to IME (byte-exact @54465ee7), NOT RVV.",substrate (N1 base; every family reuses it),厘正: 裁五.2 'RVV(anchor 2484)' conflates RVV(substrate)+IME(2484). measured find lib/Dialect/RVV+lib/Plugin/RVV+includes raw wc-l 163629 (119 files). 见 docs/reports/2026-07-12-C2-LED-2-边际曲线-三家族点.md,HEAD=ef5ab440,extension-family-substrate,C2-extension-family-接入(anchor厘正;RVV=substrate-origin≠2484;2484=IME首接入;163629=full-stack非onboarding-slice;勿当可比onboarding点),n/a(extension-family;descriptor-concept-does-not-apply),--
18,[C2-track-one]-integrated-subext (zvfh; reuses host RVV emission machinery),zvfh sub-ext capability onboarding (rvv.zvfh + rvv.zvfhmin; f16 path),landed 95f1a482 (fact-reg + [S-2] closure) + 7ec864f3 (fp16 packager); no flip,"raw_wc_l≈70 recurring fact-registration (67 non-blank; <100 坐实 = track-one 边际近零主张实证); milestone total≈161 = 注册70 + [S-2]闭包70 (one-time reusable) + fp16packager21 (RVV-family infra)",".RVVCapabilityProfile.cpp fact-reg 70 (recurring, pure zvfh-marginal); [S-2] closure CapabilityModel.h+cpp 70 (one-time reusable host machinery, next sub-ext pays ~0); fp16 packager RVVTargetSupportBundle.cpp +21 net (RVV-family fp16 infra, hardcoded deployment-assumed); tests 164 (cloc excludes)",n/a (sub-ext onboarding; not C_construct),LOW (integrated sub-ext: reuse host emission machinery; recurring marginal ≈70 raw <100),"track-one integrated sub-ext point (recurring marginal ≈70 raw <100; NOT on track-two independent-family curve -- separate curve, do NOT co-plot as one decreasing line)","reuse-host-machinery (fact declaration only; [S-2] closure = one-time reusable; fp16 packager = RVV-family infra)",docs/reports/2026-07-13-C2-zvfh-轨一粒度点.md (git show 95f1a482 -- RVVCapabilityProfile.cpp = 70 raw / 67 non-blank),HEAD=59a592fe,sub-extension-integrated,C2-track-one-integrated-subext(zvfh;<100坐实;轨一≠轨二勿混画递减线;注册70=recurring;[S-2]闭包70=一次性可复用;fp16packager21=RVV-family-infra),n/a(extension-family;descriptor-concept-does-not-apply),--
