seq,family_spectrum,decode_model,frontdoor_flip_commit,gross_insert_LOC(lib+include),gross_delete_LOC(lib+include),net_LOC,reusable_framework_LOC(paid-once),family_specific_LOC,of_which_copy_adapt_template_LOC,retirement_offset_LOC(retired-direct-emit-bypass),delta_C_construct,cost_tier,marginal_position,labor_proxy_passes,recompute_ref,snapshot
0,ternary(2-bit trit repack),tq2_0,7a4250c5,948,717,+231,~60,~888,~400,-717,33->34,HIGH (first front-door multi-family generalization),base-expensive (framework built once; first frontdoor-framework point),2 (emission-only rejected by adversarial-verify -> construction added; see result-tables T8 口径 verify-interception note),git show 7a4250c5 --numstat -- lib/ include/ (gross); component split = NOTES.md; framework hunks = GgmlQuantContractionOp::verify family-dispatch + TypedRepackGemv/GemmLoopBodyOp::verify isTernaryFold + lowerOne scale_model dispatch/fail-closed,HEAD=b2fa5b61
1,ternary(base-3 trit repack),tq1_0,0b907d0c,412,1605,-1193,~0 (reuses tq2_0 framework),~170,~130,-1605,34->35,LOW (framework re-pay 0; base-3 decode-leaf specific),cheap-reuse (second ternary family; base-3 two-plane qs+qh delta + qh OptionalAttr only),1,git show 0b907d0c --numstat -- lib/ include/ (gross); family-specific = TernaryDecodeFacts struct + emitRepackTernaryGem{v/m}BodyTQ10 base-3 leaf + weight_qh_byte_offset attr,HEAD=7a4250c5
2,K-quant(super-block dual-scale+bsums-min repack),q4_K,pending-user-commit,1065,854,+211,~30 (contraction verifier q4_K family bool + loop-body fold gating touch; core framework paid at tq2_0),~700,~600,-707 (monolith ops+verifiers DELETED but emitter bodies RELOCATED in place not deleted -> positive net despite retirement),35->36,LOW (framework re-pay ~0; K-quant-specific decode leaf only),cheap-reuse (THIRD decode family {q4_0 ternary K-quant}; NEW fold_model kquant_dmin_bsums_min RE-EMITTED whole/emitter-inlined not a separate fold brick -> honest scope: the min+bsums fold structure fit the leaf not a new brick),1,git diff --numstat -- lib/ include/ (gross); family-specific = KQuantDecodeFacts + lowerToRepackGem{v/m}KQuant (~386) + RepackGem{v/m}KQuantCoreOp ops+verifiers (~330) + loop-body fold gating + K-quant branch dispatch; body leaves emitRepackKQuantGem{v/m}BodyQ4K = MOVED not new,HEAD=0b907d0c
3,K-quant(super-block 6-bit two-plane no-min single-accumulator repack),q6_K,pending-user-commit,550,880,-330,~15 (facts.hasMin/foldModel/weightQh fields + loop-body verifier no-min gating restructure; core K-quant framework paid at q4_K),~500,~400,-626 (monolith ops ~211 + verifiers ~387 + recognizers ~28 DELETED; emitter bodies RELOCATED in place not deleted),36->37,LOW (framework re-pay ~0; no-min decode leaf + first S6-tiled construction),cheap-reuse (SECOND K-quant super-block; NO new ops -- REUSES RepackGem{v/m}KQuantCoreOp by decode_model; framework generalized to NO-MIN fold via facts.hasMin/foldModel; NEW fold_model kquant_single_scale_no_min RE-EMITTED whole; GEMM S6-tiled at construction = decoded signed-scale stack-panel + on-demand d + NO inline-min-fold + SSA-register accs),1,git diff --numstat -- lib/ include/ (gross); family-specific = kQ6KDecodeFacts + lowerToRepackGem{v/m}KQuant no-min conditional + emitRepackKQuantGem{v/m}BodyQ6K (MOVED from direct emitter + GEMM S6 scale-panel/on-demand-d) + K-quant no-min branch dispatch (~140) + verifier no-min gating + abstract q6_K plain-fact branch stride 210; NO new ops,HEAD=ca0673a6
4,K-quant(super-block 2-bit dual-scale+bsums-min repack),q2_K,pending-user-commit,542,1005,-463,~0 (reuses q4_K min fold; ZERO framework re-pay -- q2_K shares kquant_dmin_bsums_min via SAME KQuantDecodeFacts),~500,~430,-669 (monolith ops ~221 + verifiers ~420 + recognizers ~28 DELETED; emitter bodies RELOCATED in place not deleted),37->38,LOW (framework re-pay ~0; q2_K decode leaf + S6 tiling only; = 40.9% past M2 40% gate),cheap-reuse (FOURTH K-quant decode-family member / SECOND min-fold after q4_K; SHARES q4_K fold_model kquant_dmin_bsums_min WHOLE via SAME KQuantDecodeFacts -- only kQ2KDecodeFacts block offsets + the 2-bit weight peel / 4-bit packed scale-min / 16-sub-block single-bsum decode leaf are net-new; ★S6 tiling HOLDS = q4_K register-cliff lever transferred WHOLE unlike q6_K weight-bound NULL),1,git diff --numstat -- lib/ include/ (gross); family-specific = kQ2KDecodeFacts + lowerToRepackGem{v/m}KQuant q2_K dispatch (~10) + emitRepackKQuantGem{v/m}BodyQ2K (GEVM MOVED from direct emitter; GEMM MOVED + S6-tiled from q4_K template) + emitTypedRepackGem{v/m}LoopBody K-quant decode_model dispatch + GgmlQuantContractionOp::verify q2_K plain-fact branch (stride 84 qs@16) + verifyRepackKQuantCoreCommon q2_K; NO new ops; NO loop-body verifier change (reuses q4_K kquant_dmin_bsums_min fold),HEAD=c3cf7301
5,K-quant(super-block 3-bit subtractive-hmask no-min single-accumulator repack),q3_K,pending-user-commit,326,816,-490,~0 (reuses q6_K no-min fold; ZERO framework re-pay -- q3_K shares kquant_single_scale_no_min via SAME KQuantDecodeFacts hasMin=false),~470,~400,-612 (monolith ops ~214 + verifiers ~392 + recognizers ~28 DELETED; emitter bodies RELOCATED in place not deleted -> net negative),38->39,LOW (framework re-pay ~0; q3_K decode leaf only; S6 tiling NULL like q6_K -> GEMM ships PLAIN),cheap-reuse (FIFTH K-quant decode-family member / SECOND no-min after q6_K / LAST K-quant repack sibling; SHARES q6_K fold_model kquant_single_scale_no_min WHOLE via SAME KQuantDecodeFacts -- only kQ3KDecodeFacts block offsets + the 3-bit subtractive-hmask decode leaf are net-new; ★S6 tiling NULL = weight-reconstruction-bound like q6_K, the q4_K register-cliff lever does NOT transfer -> GEMM ships PLAIN/UNTILED per 更简单者胜),1,git diff --numstat -- lib/ include/ (gross); family-specific = kQ3KDecodeFacts + lowerToRepackGem{v/m}KQuant q3_K dispatch (~4) + emitRepackKQuantGem{v/m}BodyQ3K (GEVM+GEMM MOVED from direct emitter; PLAIN not tiled) + emitTypedRepackGem{v/m}LoopBody K-quant no-min decode_model dispatch + GgmlQuantContractionOp::verify q3_K plain-fact branch (stride 110 hmask@0) + verifyRepackKQuantCoreCommon q3_K; NO new ops; NO loop-body verifier change (reuses q6_K kquant_single_scale_no_min no-min fold gating),HEAD=1b367c1f
6,K-quant(super-block 5-bit nibble+qh dual-scale+bsums-min repack),q5_K,pending-user-commit,645,1025,-380,~8 (reuses q4_K min fold; ZERO framework re-pay -- q5_K shares kquant_dmin_bsums_min via SAME KQuantDecodeFacts hasMin=true; only the loop-body verifier qh-gate widen + the attr-stamping hasMin/qh split are framework touch),~700,~620,-660 (monolith ops ~219 + verifiers ~418 + recognizers ~28 DELETED; GEVM body RELOCATED in place / GEMM body REPLACED by the q4_K S6-tiled template + the qh inject -> net negative),39->40,LOW (framework re-pay ~0; q5_K decode leaf [qh inject] only; S6 tiling HOLDS),cheap-reuse (FIFTH K-quant decode-family member / THIRD min-fold after q4_K+q2_K / LAST K-quant repack sibling -- COMPLETES the K-quant repack family; SHARES q4_K fold_model kquant_dmin_bsums_min WHOLE via SAME KQuantDecodeFacts -- only kQ5KDecodeFacts block offsets [ADD a qh plane @256] + the qh 5th-bit decode leaf are net-new; ★S6 tiling HOLDS = the q4_K register-cliff lever transfers WHOLE like q2_K [XFER-1 verify #2] -> GEMM ships S6-TILED),1,git diff --numstat -- lib/ include/ (gross); family-specific = kQ5KDecodeFacts + lowerToRepackGem{v/m}KQuant q5_K dispatch (~5) + emitRepackKQuantGem{v/m}BodyQ5K (GEVM MOVED from direct emitter; GEMM = q4_K S6-tiled body template + the qh inject) + emitTypedRepackGem{v/m}LoopBody K-quant MIN decode_model dispatch + GgmlQuantContractionOp::verify q5_K plain-fact branch (stride 176 qs@48) + verifyRepackKQuantCoreCommon q5_K + loop-body verifier qh-on-min-fold gate widen + attr-stamping hasMin/qh split; NO new ops,HEAD=54d3741c
7,codebook(flat non-linear 16-entry codebook repack),iq4_nl,pending-user-commit,957,669,+288,~50 (new codebook core op family + verifyRepackCodebookCoreCommon + codebook fold gating in loop-body verifiers + contraction family branch; loop-op/dispatch skeleton reused from q4_0/K-quant),~750,~620,-669 (monolith ops+verifiers+recognizers DELETED; emitter bodies RELOCATED in place not deleted -> positive net despite retirement),40->41,MODERATE (FOURTH decode family = NEW codebook core op family + NEW fold; but loop-op/dispatch skeleton reused -> re-pay small),new-family-small (FOURTH decode family {q4_0 ternary K-quant codebook}; NEW core op family RepackGem{v/m}CodebookCoreOp + NEW fold_model codebook_flat_single_scale; codebook RECONSTRUCTED from-abstract [kvalues_iq4nl] -- a true CONSTRUCT-from-abstract the abstract request omits; GEMM ships PLAIN -- iq4_nl at <=32-vreg cliff so S6 structural no-op),1,git diff --numstat -- lib/ include/ (gross); family-specific = CodebookDecodeFacts + kvalues_iq4nl + lowerToRepackGem{v/m}Codebook + RepackGem{v/m}CodebookCoreOp ops+verifiers (verifyRepackCodebookCoreCommon) + codebook fold gating in loop-body verifiers + codebook branch dispatch + GgmlQuantContractionOp::verify iq4_nl plain-fact branch (stride 18 nibbles@2 highhalf@16); body leaves emitRepackCodebookGem{v/m}BodyIq4Nl = MOVED from direct emitter not new,HEAD=81a8050b
8,dequantize_row(streaming block-decode; block_qX -> f32 row),q8_0,pending-user-commit,655,33,+622,~525,~130,~130,0 (dequant NOT in emit-bypass-whitelist -- that ratchet is repack gemm_tile-only; the q8_0 monolith is KEPT as the defensive fallback that calls the SAME shared body -- no tracked bypass retired; only the inner bareInt8 block MOVED into emitDequantizeRowQ8_0BodyShared),42->43,HIGH (NEW dequantize_row STREAMING spectrum -- the SECOND front-door SPECTRUM after the RepackGem contraction seq 0-7; base-expensive framework built once for the whole 23-format family),base-expensive (dequant streaming front-door framework built once = FIRST dequantize_row spectrum point; ALL streaming CONSTRUCTION-ONLY [no reduction/no accumulator; no tiling decision; no S6/[XFER-1]]; subsequent formats ~decode-leaf-only re-pay = a new emitDequantizeRow<fmt>BodyShared + 1 allowlist line + a construct-facts branch),1,git diff --numstat SCOPED to the 5 dequant touch-set files (RVVOps.td + RVVDialectWideningOps.cpp + RVVToEmitCForwardElementwise.cpp + RVVToEmitC.cpp + RVVToEmitCInternal.h; the working tree ALSO carries DISJOINT line-C changes to RVVLowerQuantContraction.cpp/RVVToEmitCBlockQuantLinear.cpp/RVVRepackTilingSelection.h -- EXCLUDED from this count); reusable framework hunks = TypedDequantizeRowLoopBodyOp/DequantizeRowDecodeCoreOp/TypedDequantizeRowLoopYieldOp ODS+verifiers + isConstructedDequantizeRowDecodeModel + constructOrEmitGgmlDequantizeRow front-door + emitTypedDequantizeRowLoopBody typed-region walker + isTypedDequantizeRowLoopBody dispatch/kBlockDotKernels; family-specific = emitDequantizeRowQ8_0BodyShared (q8_0 decode leaf; copy-adapt VERBATIM from the in-place monolith bareInt8 branch -- BEFORE/AFTER emit byte-identical modulo provenance token),HEAD=530c0995
9,dequantize_row(flat 4-bit nibble streaming block-decode; block_qX -> f32 row),q4_0,pending-user-commit,120,40,+80,~85 (nibble-CLASS re-pay reused by q4_1/q5_0/q5_1: the constructOrEmit per-format facts-branch generalization + emitTypedDequantizeRowLoopBody decode_model dispatch widen + the SHARED nibble body shell; the flat streaming FRONT-DOOR framework itself was paid ONCE at the q8_0 family-head seq 8),~35,"~35 (RELOCATED VERBATIM: the whole nibble decode body was MOVED from the emitGgmlDequantizeRow monolith tail into emitDequantizeRowNibbleBodyShared -- net-new LOC ~0, only the signature+qk-const+call-site are new)",0 (dequant NOT in emit-bypass-whitelist; the monolith is KEPT as the defensive fallback that calls the SAME shared nibble body -- no tracked bypass retired; the nibble tail MOVED into emitDequantizeRowNibbleBodyShared),43->44,LOW (nibble-class framework re-pay small; the nibble decode body already EXISTED in the monolith -> RELOCATED not authored; first flat-nibble leaf),cheap-reuse (FIRST flat-nibble dequant leaf; the dequantize_row streaming FRONT-DOOR framework built once at q8_0 seq 8 is reused WHOLE -- only the nibble-class routing generalization + the fully-parameterized shared nibble body are net-new; the 4 nibble formats differ ONLY in 8 ggml-ABI fact values),1,git diff --numstat SCOPED to the 4 dequant touch-set lib+include files (RVVToEmitCForwardElementwise.cpp 132/29 + RVVToEmitCInternal.h 43/0 + RVVDialectWideningOps.cpp 16/11 + RVVOps.td 13/9 = 204/49 gross for the WHOLE q4_0..q5_1 batch; the working tree line-C changes are in DISJOINT files RVVLowerQuantContraction.cpp/RVVToEmitCBlockQuantLinear.cpp/RVVRepackTilingSelection.h -- EXCLUDED); reusable = emitDequantizeRowNibbleBodyShared shell + constructOrEmit facts-branch + emitTypedDequantizeRowLoopBody dispatch; family-specific = emitDequantizeRowQ4_0BodyShared facts-wrapper leaf,HEAD=3fbe65f1
10,dequantize_row(flat 4-bit nibble+min streaming block-decode),q4_1,pending-user-commit,28,3,+25,~0 (reuses the nibble-class routing + the SHARED nibble body WHOLE via emitDequantizeRowNibbleBodyShared; ZERO framework re-pay),~28,~28 (facts-wrapper leaf: sets the 8 q4_1 ABI facts stride=20/mOff=2/qsOff=4/hasMin=true and calls the shared nibble body -- the min-fold path already lives in the shared body),0 (monolith KEPT as defensive fallback calling the SAME shared nibble body),44->45,LOW (facts-wrapper-only; the nibble body + the min-fold path are FULLY shared -- q4_1 differs from q4_0 only in the min add + offsets),cheap-reuse (SECOND flat-nibble leaf / FIRST min-fold sibling; ~decode-leaf-only = a ~10-line facts-wrapper emitDequantizeRowQ4_1BodyShared + 1 allowlist token + 1 constructOrEmit facts branch + 1 emitTypedDequantizeRowLoopBody dispatch if),1,git diff --numstat scoped to the 4 dequant touch-set lib+include files (see seq 9; per-format share of the 204/49 batch); family-specific = emitDequantizeRowQ4_1BodyShared facts-wrapper leaf,HEAD=3fbe65f1
11,dequantize_row(flat 5-bit nibble+qh streaming block-decode),q5_0,pending-user-commit,28,3,+25,~0 (reuses the nibble-class routing + the SHARED nibble body WHOLE; the qh 5th-bit plane + merge path already lives in the shared body via hasQh; ZERO framework re-pay),~28,~28 (facts-wrapper leaf: sets the 8 q5_0 ABI facts stride=22/qhOff=2/qsOff=6/sub=16/hasQh=true and calls the shared nibble body),0 (monolith KEPT as defensive fallback calling the SAME shared nibble body),45->46,LOW (facts-wrapper-only; the byte-assembled qh 5th-bit plane + the 5th-bit merge are FULLY shared -- q5_0 differs from q4_0 only in hasQh + the -16 bias + offsets),cheap-reuse (THIRD flat-nibble leaf / FIRST qh-plane sibling; ~decode-leaf-only = a ~10-line facts-wrapper emitDequantizeRowQ5_0BodyShared + 1 allowlist token + 1 constructOrEmit facts branch + 1 emitTypedDequantizeRowLoopBody dispatch if),1,git diff --numstat scoped to the 4 dequant touch-set lib+include files (see seq 9); family-specific = emitDequantizeRowQ5_0BodyShared facts-wrapper leaf,HEAD=3fbe65f1
12,dequantize_row(flat 5-bit nibble+qh+min streaming block-decode),q5_1,pending-user-commit,28,3,+25,~0 (reuses the nibble-class routing + the SHARED nibble body WHOLE; BOTH the qh 5th-bit plane AND the min-fold paths already live in the shared body; ZERO framework re-pay),~28,~28 (facts-wrapper leaf: sets the 8 q5_1 ABI facts stride=24/mOff=2/qhOff=4/qsOff=8/hasMin=true/hasQh=true and calls the shared nibble body),0 (monolith KEPT as defensive fallback calling the SAME shared nibble body),46->47,"LOW (facts-wrapper-only; q5_1 = q5_0's qh-plane + q4_1's min-fold, BOTH already shared -- differs only in 8 fact values; COMPLETES the flat legacy dequantize_row family {q4_0/q4_1/q5_0/q5_1/q8_0})",cheap-reuse (FOURTH flat-nibble leaf / COMPLETES the flat legacy dequant family; ~decode-leaf-only = a ~10-line facts-wrapper emitDequantizeRowQ5_1BodyShared + 1 allowlist token + 1 constructOrEmit facts branch + 1 emitTypedDequantizeRowLoopBody dispatch if),1,git diff --numstat scoped to the 4 dequant touch-set lib+include files (see seq 9); family-specific = emitDequantizeRowQ5_1BodyShared facts-wrapper leaf,HEAD=3fbe65f1
13,dequantize_row(K-quant super-block streaming block-decode; block_qX_K -> f32 row; QK_K=256; dual-scale d/dmin + get_scale_min_k4 6-bit + nibble; min-fold),q4_K,pending-user-commit,118,37,+81,~90 (the dequant streaming FRONT-DOOR framework itself was paid ONCE at the q8_0 family-head seq 8; the K-quant-CLASS re-pay reused WHOLE by q5_K/q6_K/q2_K/q3_K = the emitGgmlDequantizeRowExtended FORMAT-KEYED refactor [deqOp -> format string; ONE source both the dispatch-wired monolith fallback AND the constructed path run] + the emitDequantizeRowKQuantBodyShared thin forwarder + the emitTypedDequantizeRowLoopBody K-quant decode_model dispatch/allowlist widen + the verifier isConstructedDequantizeRowDecodeModel widen),~28 (the q4_K constructOrEmit facts branch qk=256/stride=144/dOff=0/qsOff=16 + the ODS/verifier allowlist doc widen share),0 (NO copied decode leaf: the whole K-quant super-block decode is REUSED WHOLE from the monolith emitGgmlDequantizeRowExtended via the format-keyed refactor -- that function is the SINGLE source both paths run; nothing was copied or relocated),0 (dequant NOT in emit-bypass-whitelist; the monolith is KEPT and is now the SHARED single source reached by BOTH the dispatch-wired fallback AND the constructed path -- no tracked bypass retired; the K-quant leaves were NOT deleted/relocated),47->48,LOW (K-quant-class framework re-pay small; the K-quant super-block decode already EXISTED in emitGgmlDequantizeRowExtended -> REUSED WHOLE not authored; only the format-keyed refactor + the routing/allowlist are net-new; first K-quant dequant leaf),cheap-reuse (FIRST K-quant super-block dequant leaf; the dequantize_row streaming FRONT-DOOR framework built once at q8_0 seq 8 is reused WHOLE -- only the K-quant-class routing generalization + the format-keyed monolith refactor are net-new; the SAME emitGgmlDequantizeRowExtended super-block decode is reused WHOLE via emitDequantizeRowKQuantBodyShared; the 5 K-quant formats differ ONLY in qk=256 + per-format stride/offset facts),1,git diff --numstat SCOPED to the 4 K-quant dequant touch-set lib+include files (RVVToEmitCForwardElementwise.cpp 70/24 + RVVToEmitCInternal.h 29/5 + RVVDialectWideningOps.cpp 6/2 + RVVOps.td 13/6 = 118/37 gross for the WHOLE q4_K..q3_K batch; the working-tree line-C changes are in DISJOINT files -- EXCLUDED); reusable = emitGgmlDequantizeRowExtended format-keyed refactor + emitDequantizeRowKQuantBodyShared forwarder + emitTypedDequantizeRowLoopBody K-quant dispatch/allowlist + verifier allowlist; family-specific = the q4_K constructOrEmit facts branch,HEAD=8783cd0f
14,dequantize_row(K-quant super-block streaming block-decode; QK_K=256; dual-scale d/dmin + get_scale_min_k4 6-bit + nibble + qh 5th-bit; min-fold),q5_K,pending-user-commit,3,0,+3,~0 (reuses the K-quant-class routing + the SAME emitGgmlDequantizeRowExtended super-block decode WHOLE via emitDequantizeRowKQuantBodyShared; ZERO framework re-pay),~3 (facts-wrapper leaf: the q5_K constructOrEmit facts branch qk=256/stride=176/dOff=0/qsOff=48 -- the qh 5th-bit path already lives WHOLE in the shared monolith decode),0 (NO copied decode leaf: the q5_K super-block decode is REUSED WHOLE from the monolith),0 (monolith KEPT as the SHARED single source; no tracked bypass retired),48->49,LOW (facts-wrapper-only; the get_scale_min_k4 unpack + the qh 5th-bit merge + the min fold are FULLY shared -- q5_K differs from q4_K only in stride/offset + the qh path already in the shared decode),cheap-reuse (SECOND K-quant super-block leaf / FIRST qh-plane K-quant sibling; ~decode-leaf-only = a ~3-line constructOrEmit facts branch + the shared allowlist/dispatch || token; the super-block decode is REUSED WHOLE from the monolith),1,git diff --numstat scoped to the 4 K-quant dequant touch-set lib+include files (per-format share of the 118/37 batch; see seq 13); family-specific = the q5_K constructOrEmit facts branch,HEAD=8783cd0f
15,dequantize_row(K-quant super-block streaming block-decode; QK_K=256; SIGNED int8 scales[16] + 6-bit ql|qh assembly; no-min; -32 bias),q6_K,pending-user-commit,3,0,+3,~0 (reuses the K-quant-class routing + the SAME emitGgmlDequantizeRowExtended super-block decode WHOLE; ZERO framework re-pay),~3 (facts-wrapper leaf: the q6_K constructOrEmit facts branch qk=256/stride=210/dOff=208/qsOff=0 -- the signed int8 scales + the 6-bit assembly live WHOLE in the shared decode),0 (NO copied decode leaf: the q6_K super-block decode is REUSED WHOLE from the monolith),0 (monolith KEPT as the SHARED single source; no tracked bypass retired),49->50,LOW (facts-wrapper-only; the SIGNED int8 scale loads + the 6-bit ql|qh assembly + the -32 bias are FULLY shared -- q6_K differs only in stride/offset facts),cheap-reuse (THIRD K-quant super-block leaf / FIRST no-min K-quant sibling; ~decode-leaf-only = a ~3-line constructOrEmit facts branch + the shared allowlist/dispatch || token; the super-block decode is REUSED WHOLE from the monolith),1,git diff --numstat scoped to the 4 K-quant dequant touch-set lib+include files (per-format share of the 118/37 batch; see seq 13); family-specific = the q6_K constructOrEmit facts branch,HEAD=8783cd0f
16,dequantize_row(K-quant super-block streaming block-decode; QK_K=256; dual-scale d/dmin + 4-bit packed scale/min + 2-bit quant; min-fold),q2_K,pending-user-commit,3,0,+3,~0 (reuses the K-quant-class routing + the SAME emitGgmlDequantizeRowExtended super-block decode WHOLE; ZERO framework re-pay),~3 (facts-wrapper leaf: the q2_K constructOrEmit facts branch qk=256/stride=84/dOff=80/qsOff=16 -- the 4-bit packed scale/min + the 2-bit quant live WHOLE in the shared decode),0 (NO copied decode leaf: the q2_K super-block decode is REUSED WHOLE from the monolith),0 (monolith KEPT as the SHARED single source; no tracked bypass retired),50->51,LOW (facts-wrapper-only; the 4-bit packed scale/min + the 2-bit quant unpack + the min fold are FULLY shared -- q2_K differs only in stride/offset facts),cheap-reuse (FOURTH K-quant super-block leaf / SECOND min-fold K-quant sibling; ~decode-leaf-only = a ~3-line constructOrEmit facts branch + the shared allowlist/dispatch || token; the super-block decode is REUSED WHOLE from the monolith),1,git diff --numstat scoped to the 4 K-quant dequant touch-set lib+include files (per-format share of the 118/37 batch; see seq 13); family-specific = the q2_K constructOrEmit facts branch,HEAD=8783cd0f
17,dequantize_row(K-quant super-block streaming block-decode; QK_K=256; aux kmask 6-bit scale shuffle + 2-bit quant + hmask high-bit; no-min; -32 bias),q3_K,pending-user-commit,3,0,+3,~0 (reuses the K-quant-class routing + the SAME emitGgmlDequantizeRowExtended super-block decode WHOLE; ZERO framework re-pay),~3 (facts-wrapper leaf: the q3_K constructOrEmit facts branch qk=256/stride=110/dOff=108/qsOff=32 -- the aux kmask 6-bit scale shuffle + the hmask high-bit term live WHOLE in the shared decode),0 (NO copied decode leaf: the q3_K super-block decode is REUSED WHOLE from the monolith),0 (monolith KEPT as the SHARED single source; no tracked bypass retired),51->52,LOW (facts-wrapper-only; the aux kmask 6-bit scale shuffle + the 2-bit quant + the hmask high-bit term + the -32 bias are FULLY shared -- q3_K differs only in stride/offset facts; COMPLETES the K-quant super-block dequantize_row family {q2_K/q3_K/q4_K/q5_K/q6_K}),cheap-reuse (FIFTH K-quant super-block leaf / COMPLETES the K-quant dequant family; ~decode-leaf-only = a ~3-line constructOrEmit facts branch + the shared allowlist/dispatch || token; the super-block decode is REUSED WHOLE from the monolith),1,git diff --numstat scoped to the 4 K-quant dequant touch-set lib+include files (per-format share of the 118/37 batch; see seq 13); family-specific = the q3_K constructOrEmit facts branch,HEAD=8783cd0f
18,quantize_row(streaming activation-quantizer; f32 row -> block_qX; the MIRROR of dequantize_row),q8_0,pending-user-commit,607,53,+554,"~490 (the quantize streaming front-door framework built ONCE: the 3 ODS ops TypedQuantizeRowLoopBodyOp/QuantizeRowEncodeCoreOp/TypedQuantizeRowLoopYieldOp + the 2 verifiers + isConstructedQuantizeRowEncodeModel + constructQuantizeRowRegionAndLower + emitTypedQuantizeRowLoopBody typed-region walker + the header decls -- a MIRROR copy-adapt of the dequant seq-8 framework, so authoring cost < a from-scratch spectrum)",~117,"~117 (RELOCATED VERBATIM: the whole q8_0 amax/scale/narrow block loop was MOVED from the emitGgmlQuantizeRowQ80 monolith tail into emitQuantizeRowQ80BodyShared -- net-new LOC ~0, only the signature+facts-const+wrapper are new; the SHARED per-block core emitQuantizeQ80BlockBody is UNCHANGED and still shared with the [FMT-PROP] fused epilogue)","0 (quantize NOT in emit-bypass-whitelist -- that ratchet is repack gemm_tile-only; the emitGgmlQuantizeRowQ8{0,1,K} entry points are KEPT as the construct-then-lower wrappers -- no tracked bypass retired; only the inner block loops MOVED into the shared bodies)",52->53,HIGH (NEW quantize_row STREAMING spectrum -- the THIRD front-door spectrum after the RepackGem contraction seq 0-7 + the dequantize_row streaming spectrum seq 8-17; base cost REDUCED by MIRROR copy-adapt of the dequant seq-8 framework),base-cheaper-mirror (quantize streaming front-door framework built once = FIRST quantize_row spectrum point; ALL streaming CONSTRUCTION-ONLY [no cross-block accumulator; block-local amax; no tiling decision; no S6/[XFER-1]]; the framework is a copy-adapt MIRROR of the dequant seq-8 base so authoring cost < dequant base; subsequent formats ~encode-leaf-only re-pay = a MOVED emitQuantizeRow<fmt>BodyShared + 1 allowlist token + 1 emitTypedQuantizeRowLoopBody dispatch if + 1 construct facts branch),1,"git diff --numstat SCOPED to the 4 quantize touch-set lib+include files (RVVOps.td 143/0 + RVVDialectWideningOps.cpp 175/0 + RVVToEmitCForwardElementwise.cpp 236/53 + RVVToEmitCInternal.h 53/0 = 607/53 gross for the WHOLE q8_0..q8_K batch; the working tree ALSO carries DISJOINT line-C changes to RVVLowerQuantContraction.cpp/RVVToEmitCBlockQuantLinear.cpp/RVVRepackTilingSelection.h -- EXCLUDED; RVVToEmitC.cpp UNTOUCHED, the abstract quantize dispatch entries route to the construct-then-lower wrappers); reusable framework = the 3 ODS ops+verifiers + isConstructedQuantizeRowEncodeModel + constructQuantizeRowRegionAndLower front-door + emitTypedQuantizeRowLoopBody walker; family-specific = emitQuantizeRowQ80BodyShared (q8_0 encode leaf; MOVED VERBATIM -- BEFORE/AFTER emit byte-identical modulo provenance token)",HEAD=ce19ed3c
19,quantize_row(streaming activation-quantizer; f32 row -> block_q8_1; +vwredsum integer block sum),q8_1,pending-user-commit,28,0,+28,~0 (reuses the quantize streaming FRONT-DOOR framework WHOLE -- the framework itself was paid ONCE at the q8_0 family-head seq 18; ZERO framework re-pay),~28,"~28 (RELOCATED VERBATIM: the whole q8_1 amax/scale/narrow + vwredsum block-sum loop was MOVED from the emitGgmlQuantizeRowQ81 monolith tail into emitQuantizeRowQ81BodyShared -- net-new LOC ~0, only the facts-const + the wrapper + the emitTypedQuantizeRowLoopBody dispatch if are new)",0 (quantize NOT in emit-bypass-whitelist; the emitGgmlQuantizeRowQ81 entry KEPT as the construct-then-lower wrapper),53->54,LOW (framework re-pay ~0; the q8_1 encode body already EXISTED in the monolith -> RELOCATED not authored; the SIBLING leaf differs from q8_0 only in the extra vwredsum block sum + the byte offsets),cheap-reuse (SECOND quantize leaf / FIRST sum-fold sibling; the quantize streaming FRONT-DOOR framework built once at q8_0 seq 18 is reused WHOLE -- only the encode-leaf relocation + the routing dispatch if + the construct facts branch (block_stride=36) are net-new; the vwredsum block sum feeding block_q8_1.s already lives in the moved body),1,git diff --numstat scoped to the 4 quantize touch-set lib+include files (per-format share of the 607/53 batch; see seq 18); family-specific = emitQuantizeRowQ81BodyShared encode leaf (MOVED VERBATIM) + the q8_1 construct facts branch,HEAD=ce19ed3c
20,quantize_row(streaming K-quant activation-quantizer; f32 row -> block_q8_K; QK_K=256 min/max-symmetric + float d + per-16 bsums + zero-block memset),q8_K,pending-user-commit,28,0,+28,~0 (reuses the quantize streaming FRONT-DOOR framework WHOLE; ZERO framework re-pay),~28,"~28 (RELOCATED VERBATIM: the whole q8_K QK_K=256 super-block quantizer loop was MOVED from the emitGgmlQuantizeRowQ8K monolith tail into emitQuantizeRowQ8KBodyShared -- net-new LOC ~0, only the facts-const + the wrapper + the emitTypedQuantizeRowLoopBody dispatch if are new)",0 (quantize NOT in emit-bypass-whitelist; the emitGgmlQuantizeRowQ8K entry KEPT as the construct-then-lower wrapper),54->55,LOW (framework re-pay ~0; the q8_K encode body already EXISTED in the monolith -> RELOCATED not authored; the K-quant activation-quantizer leaf; COMPLETES the quantize_row family {q8_0/q8_1/q8_K}),"cheap-reuse (THIRD quantize leaf / COMPLETES the quantize activation-quantizer family; the heaviest quantizer -- QK_K=256 min/max-symmetric iscale, float d, RNE vfcvt/vnclip narrow, per-16 vslidedown vwredsum bsums, zero-block memset -- but the whole super-block body is REUSED WHOLE from the monolith via the MOVED shared body; only the encode-leaf relocation + the routing dispatch if + the construct facts branch (qk=256/block_stride=292) are net-new)",1,git diff --numstat scoped to the 4 quantize touch-set lib+include files (per-format share of the 607/53 batch; see seq 18); family-specific = emitQuantizeRowQ8KBodyShared encode leaf (MOVED VERBATIM) + the q8_K construct facts branch,HEAD=ce19ed3c
21,dequantize_row(IQ grid-table super-block streaming block-decode; block_iqX -> f32 row; QK_K=256; grid-of-8 int64 codebook + DERIVED signs64 (+-1) sign plane; aux 4-bit scale + 7-bit ksigns selectors),iq2_xxs,pending-user-commit,123,30,+93,~85 (the dequant streaming FRONT-DOOR framework itself was paid ONCE at the q8_0 family-head seq 8; the emitGgmlDequantizeRowExtended FORMAT-KEYED refactor [deqOp -> format string] was ALREADY paid at the K-quant flip seq 13; the ONLY genuinely-new IQ-class framework here = the emitDequantizeRowIQGridBodyShared thin forwarder + the emitTypedDequantizeRowLoopBody IQ decode_model dispatch branch + the allowlist widen + the verifier isConstructedDequantizeRowDecodeModel widen + the ODS/header doc -- MOSTLY explanatory doc comments not decode logic; the whole IQ grid decode already lives WHOLE in emitGgmlDequantizeRowExtended so it is REUSED WHOLE both paths run),~8 (the iq2_xxs constructOrEmit facts branch qk=256/stride=66/dOff=0/qsOff=2 -- the grid-of-8 int64 gather + the DERIVED signs64 sign plane + the aux scale/selectors already live WHOLE in the shared decode),~8 (the emitDequantizeRowIQGridBodyShared forwarder is a near-VERBATIM copy-adapt of the emitDequantizeRowKQuantBodyShared K-quant forwarder -- same signature; a single-line forward to emitGgmlDequantizeRowExtended; the IQ grid super-block decode itself is NOT copied -- REUSED WHOLE from the monolith emitGgmlDequantizeRowExtended which is the SINGLE source both paths run),0 (dequant NOT in emit-bypass-whitelist; the monolith is KEPT and is now the SHARED single source reached by BOTH the dispatch-wired fallback AND the constructed path -- no tracked bypass retired; the IQ grid leaves were NOT deleted/relocated),55->56,LOW (IQ-class framework re-pay small AND lower than the K-quant seq-13 re-pay -- the format-keyed emitGgmlDequantizeRowExtended refactor was ALREADY paid at K-quant; the whole IQ grid decode already EXISTED -> REUSED WHOLE not authored; the IQ forwarder is a copy-adapt of the K-quant forwarder; most net LOC is explanatory doc; first IQ grid-table dequant leaf),cheap-reuse (FIRST IQ grid-table super-block dequant leaf; the dequantize_row streaming FRONT-DOOR framework built once at q8_0 seq 8 + the format-keyed monolith refactor paid at K-quant seq 13 are BOTH reused WHOLE -- only the IQ-class routing generalization [a copy-adapt forwarder + 1 dispatch if + allowlist/verifier tokens] is net-new; the SAME emitGgmlDequantizeRowExtended grid decode is reused WHOLE via emitDequantizeRowIQGridBodyShared; the 5 IQ formats differ ONLY in qk=256 + per-format stride/offset facts; NO signs64/grid-table op-attr blocker -- that blocker is block-dot-repack-only; this streaming dequant leaf is self-contained),1,git diff --numstat SCOPED to the 4 IQ dequant touch-set lib+include files (RVVToEmitCForwardElementwise.cpp 65/14 + RVVToEmitCInternal.h 36/8 + RVVDialectWideningOps.cpp 9/4 + RVVOps.td 13/4 = 123/30 gross for the WHOLE iq2_xxs..iq3_s batch; the working-tree line-C + quantize_row changes are in DISJOINT hunks/files -- EXCLUDED; RVVToEmitC.cpp UNTOUCHED); reusable = emitDequantizeRowIQGridBodyShared forwarder + emitTypedDequantizeRowLoopBody IQ dispatch/allowlist + verifier allowlist + ODS/header doc; family-specific = the iq2_xxs constructOrEmit facts branch,HEAD=76810f9f
22,dequantize_row(IQ grid-table super-block streaming block-decode; QK_K=256; 512-entry int64 grid (9-bit index qs&511) + DERIVED signs64 (selector qs>>9); 4-bit scales),iq2_xs,pending-user-commit,3,0,+3,~0 (reuses the IQ-class routing + the SAME emitGgmlDequantizeRowExtended grid decode WHOLE via emitDequantizeRowIQGridBodyShared; ZERO framework re-pay),~3 (facts-wrapper leaf: the iq2_xs constructOrEmit facts branch qk=256/stride=74/dOff=0/qsOff=2 -- the 512-entry grid + the qs>>9 signs64 selector already live WHOLE in the shared decode),0 (NO copied decode leaf: the iq2_xs grid decode is REUSED WHOLE from the monolith),0 (monolith KEPT as the SHARED single source; no tracked bypass retired),56->57,LOW (facts-wrapper-only; the 512-entry grid gather + the qs>>9 signs64 selector + the 4-bit scales are FULLY shared -- iq2_xs differs from iq2_xxs only in stride/offset + the u16-strip 9-bit index path already in the shared decode),cheap-reuse (SECOND IQ grid-table super-block leaf / FIRST u16-strip 9-bit-index sibling; ~decode-leaf-only = a ~3-line constructOrEmit facts branch + the shared allowlist/dispatch || token; the grid decode is REUSED WHOLE from the monolith),1,git diff --numstat scoped to the 4 IQ dequant touch-set lib+include files (per-format share of the 123/30 batch; see seq 21); family-specific = the iq2_xs constructOrEmit facts branch,HEAD=76810f9f
23,dequantize_row(IQ grid-table super-block streaming block-decode; QK_K=256; 1024-entry int64 grid (qs|qh-bit index) + universal signs256 by EXPLICIT sign byte; 4-bit scales),iq2_s,pending-user-commit,3,0,+3,~0 (reuses the IQ-class routing + the SAME emitGgmlDequantizeRowExtended grid decode WHOLE; ZERO framework re-pay),~3 (facts-wrapper leaf: the iq2_s constructOrEmit facts branch qk=256/stride=82/dOff=0/qsOff=2 -- the 1024-entry grid + the signs256 explicit-sign-byte plane already live WHOLE in the shared decode),0 (NO copied decode leaf: the iq2_s grid decode is REUSED WHOLE from the monolith),0 (monolith KEPT as the SHARED single source; no tracked bypass retired),57->58,LOW (facts-wrapper-only; the 1024-entry grid + the universal signs256 explicit-sign-byte plane + the qs|qh index + the 4-bit scales are FULLY shared -- iq2_s differs only in stride/offset facts),cheap-reuse (THIRD IQ grid-table super-block leaf / FIRST explicit-sign-byte + qh-index sibling; ~decode-leaf-only = a ~3-line constructOrEmit facts branch + the shared allowlist/dispatch || token; the grid decode is REUSED WHOLE from the monolith),1,git diff --numstat scoped to the 4 IQ dequant touch-set lib+include files (per-format share of the 123/30 batch; see seq 21); family-specific = the iq2_s constructOrEmit facts branch,HEAD=76810f9f
24,dequantize_row(IQ grid-table super-block streaming block-decode; QK_K=256; grid-of-4 uint32 codebook + ksigns selector plane (per-lane bit-tested); aux scale d*(0.5+(aux>>28))*0.5),iq3_xxs,pending-user-commit,3,0,+3,~0 (reuses the IQ-class routing + the SAME emitGgmlDequantizeRowExtended grid decode WHOLE; ZERO framework re-pay),~3 (facts-wrapper leaf: the iq3_xxs constructOrEmit facts branch qk=256/stride=98/dOff=0/qsOff=2 -- the grid-of-4 uint32 gather + the ksigns selector plane already live WHOLE in the shared decode),0 (NO copied decode leaf: the iq3_xxs grid decode is REUSED WHOLE from the monolith),0 (monolith KEPT as the SHARED single source; no tracked bypass retired),58->59,LOW (facts-wrapper-only; the grid-of-4 uint32 gather + the ksigns selector plane + the aux scale + the per-lane bit-tested signs are FULLY shared -- iq3_xxs differs only in stride/offset facts),cheap-reuse (FOURTH IQ grid-table super-block leaf / FIRST grid-of-4 uint32 + ksigns sibling; ~decode-leaf-only = a ~3-line constructOrEmit facts branch + the shared allowlist/dispatch || token; the grid decode is REUSED WHOLE from the monolith),1,git diff --numstat scoped to the 4 IQ dequant touch-set lib+include files (per-format share of the 123/30 batch; see seq 21); family-specific = the iq3_xxs constructOrEmit facts branch,HEAD=76810f9f
25,dequantize_row(IQ grid-table super-block streaming block-decode; QK_K=256; 512-entry uint32 grid-of-4 with 9th index bit from qh; EXPLICIT per-lane sign bytes; two-pass qh0/qh1 db=d*(1+2*scale)),iq3_s,pending-user-commit,3,0,+3,~0 (reuses the IQ-class routing + the SAME emitGgmlDequantizeRowExtended grid decode WHOLE; ZERO framework re-pay),~3 (facts-wrapper leaf: the iq3_s constructOrEmit facts branch qk=256/stride=110/dOff=0/qsOff=2 -- the qh-merged 9th index bit + the EXPLICIT per-lane sign bytes + the two-pass db already live WHOLE in the shared decode),0 (NO copied decode leaf: the iq3_s grid decode is REUSED WHOLE from the monolith),0 (monolith KEPT as the SHARED single source; no tracked bypass retired),59->60,LOW (facts-wrapper-only; the 512-entry grid + the qh-merged 9th index bit + the EXPLICIT per-lane sign bytes + the two-pass db=d*(1+2*scale) are FULLY shared -- iq3_s differs only in stride/offset facts; COMPLETES the iq2/iq3 grid-table dequant cohort {iq2_xxs/iq2_xs/iq2_s/iq3_xxs/iq3_s}),cheap-reuse (FIFTH IQ grid-table super-block leaf / COMPLETES the iq2/iq3 grid-table dequant cohort; ~decode-leaf-only = a ~3-line constructOrEmit facts branch + the shared allowlist/dispatch || token; the grid decode is REUSED WHOLE from the monolith),1,git diff --numstat scoped to the 4 IQ dequant touch-set lib+include files (per-format share of the 123/30 batch; see seq 21); family-specific = the iq3_s constructOrEmit facts branch,HEAD=76810f9f
26,dequantize_row(codebook / ternary-grid extended streaming block-decode; QK_K=256; 2048-entry ternary iq1s_grid gather + qh per-group scale + +-0.125 delta; fp16 d seam),iq1_s,pending-user-commit,130,24,+106,~100 (the dequant streaming FRONT-DOOR framework itself was paid ONCE at the q8_0 family-head seq 8; the emitGgmlDequantizeRowExtended FORMAT-KEYED refactor was ALREADY paid at the K-quant flip seq 13; the ONLY genuinely-new codebook/ternary-grid framework here = the emitDequantizeRowCodebookGridBodyShared thin forwarder + the emitTypedDequantizeRowLoopBody codebook/grid decode_model dispatch branch + the decode_model gate widen (6 tokens) + the isConstructedDequantizeRowDecodeModel verifier widen (6 tokens) + the ODS/header doc -- MOSTLY explanatory doc comments not decode logic; the whole iq1/iq4/fp4 decode already lives WHOLE in emitGgmlDequantizeRowExtended so it is REUSED WHOLE both paths run),~6 (the iq1_s constructOrEmit facts branch qk=256/stride=50/dOff=0/qsOff=2 + comment -- the ternary iq1s_grid gather + qh scale + delta already live WHOLE in the shared decode),~6 (the emitDequantizeRowCodebookGridBodyShared forwarder is a near-VERBATIM copy-adapt of the emitDequantizeRowIQGridBodyShared forwarder -- same signature; a single-line forward to emitGgmlDequantizeRowExtended; the codebook/grid super-block decode itself is NOT copied -- REUSED WHOLE from the monolith emitGgmlDequantizeRowExtended which is the SINGLE source both paths run),0 (dequant NOT in emit-bypass-whitelist; the monolith is KEPT and is now the SHARED single source reached by BOTH the dispatch-wired fallback AND the constructed path -- no tracked bypass retired; the codebook/ternary-grid leaves were NOT deleted/relocated),60->61,LOW (codebook/ternary-grid framework re-pay small AND lower than the K-quant seq-13 re-pay -- the format-keyed emitGgmlDequantizeRowExtended refactor was ALREADY paid; the whole iq1/iq4/fp4 decode already EXISTED -> REUSED WHOLE not authored; the forwarder is a copy-adapt of the IQ-grid forwarder; most net LOC is explanatory doc; first codebook/ternary-grid dequant leaf),cheap-reuse (FIRST codebook/ternary-grid extended dequant leaf; the dequantize_row streaming FRONT-DOOR framework built once at q8_0 seq 8 + the format-keyed monolith refactor paid at K-quant seq 13 are BOTH reused WHOLE -- only the codebook/grid routing generalization [a copy-adapt forwarder + 1 dispatch if + gate/allowlist/verifier tokens] is net-new; the SAME emitGgmlDequantizeRowExtended decode is reused WHOLE via emitDequantizeRowCodebookGridBodyShared; the 6 formats differ ONLY in qk + per-format stride/offset facts; NO codebook/grid op-attr blocker -- that blocker is block-dot-repack-only; this streaming dequant leaf is self-contained),1,git diff --numstat SCOPED to the 4 codebook/ternary-grid dequant touch-set lib+include files (RVVToEmitCForwardElementwise.cpp 75/11 + RVVToEmitCInternal.h 23/0 + RVVDialectWideningOps.cpp 9/4 + RVVOps.td 23/9 = 130/24 gross for the WHOLE iq1_s..nvfp4 batch; the working-tree line-C changes are in DISJOINT files -- EXCLUDED; RVVToEmitC.cpp UNTOUCHED); reusable = emitDequantizeRowCodebookGridBodyShared forwarder + emitTypedDequantizeRowLoopBody codebook/grid dispatch/gate + verifier allowlist + ODS/header doc; family-specific = the iq1_s constructOrEmit facts branch,HEAD=f1201748
27,dequantize_row(codebook / ternary-grid extended streaming block-decode; QK_K=256; 2048-entry ternary iq1m_grid; NO fp16 d -- reconstructed packed iq1m_scale fp16; dl1/dl2 3-bit sub-scales + +-0.125 delta),iq1_m,pending-user-commit,7,0,+7,~0 (reuses the codebook/grid routing + the SAME emitGgmlDequantizeRowExtended decode WHOLE; ZERO framework re-pay),~6 (facts-wrapper leaf: the iq1_m constructOrEmit facts branch qk=256/stride=56/dOff=0/qsOff=0 -- the decode already lives WHOLE in the shared decode),0 (NO copied decode leaf: the iq1_m decode is REUSED WHOLE from the monolith),0 (monolith KEPT as the SHARED single source; no tracked bypass retired),61->62,LOW (facts-wrapper-only; the decode is FULLY shared -- iq1_m differs only in qk + stride/offset facts),cheap-reuse (SECOND codebook/ternary-grid leaf / FIRST no-fp16-d reconstructed-packed-scale sibling; ~decode-leaf-only = a ~6-line constructOrEmit facts branch + the shared gate/allowlist/dispatch || token; the decode is REUSED WHOLE from the monolith),1,git diff --numstat scoped to the 4 codebook/ternary-grid dequant touch-set lib+include files (per-format share of the 130/24 batch; see seq 26); family-specific = the iq1_m constructOrEmit facts branch,HEAD=f1201748
28,dequantize_row(codebook extended streaming block-decode; QK4_NL=32; fp16 d seam + 16-entry non-linear kvalues_iq4nl codebook nibble gather),iq4_nl,pending-user-commit,7,0,+7,~0 (reuses the codebook/grid routing + the SAME emitGgmlDequantizeRowExtended decode WHOLE; ZERO framework re-pay),~6 (facts-wrapper leaf: the iq4_nl constructOrEmit facts branch qk=32/stride=18/dOff=0/qsOff=2 -- the decode already lives WHOLE in the shared decode),0 (NO copied decode leaf: the iq4_nl decode is REUSED WHOLE from the monolith),0 (monolith KEPT as the SHARED single source; no tracked bypass retired),62->63,LOW (facts-wrapper-only; the decode is FULLY shared -- iq4_nl differs only in qk + stride/offset facts),cheap-reuse (THIRD codebook/ternary-grid leaf / FIRST flat non-linear codebook sibling; ~decode-leaf-only = a ~6-line constructOrEmit facts branch + the shared gate/allowlist/dispatch || token; the decode is REUSED WHOLE from the monolith),1,git diff --numstat scoped to the 4 codebook/ternary-grid dequant touch-set lib+include files (per-format share of the 130/24 batch; see seq 26); family-specific = the iq4_nl constructOrEmit facts branch,HEAD=f1201748
29,"dequantize_row(codebook extended streaming block-decode; QK_K=256; fp16 d + 6-bit signed super-block scale (scales_l nibble | scales_h 2-bit, ls-32) + 16-entry iq4_nl codebook)",iq4_xs,pending-user-commit,7,0,+7,~0 (reuses the codebook/grid routing + the SAME emitGgmlDequantizeRowExtended decode WHOLE; ZERO framework re-pay),~6 (facts-wrapper leaf: the iq4_xs constructOrEmit facts branch qk=256/stride=136/dOff=0/qsOff=8 -- the decode already lives WHOLE in the shared decode),0 (NO copied decode leaf: the iq4_xs decode is REUSED WHOLE from the monolith),0 (monolith KEPT as the SHARED single source; no tracked bypass retired),63->64,LOW (facts-wrapper-only; the decode is FULLY shared -- iq4_xs differs only in qk + stride/offset facts),cheap-reuse (FOURTH codebook/ternary-grid leaf / FIRST super-block signed-6-scale codebook sibling; COMPLETES iq4 codebook pair on dequant path; ~decode-leaf-only = a ~6-line constructOrEmit facts branch + the shared gate/allowlist/dispatch || token; the decode is REUSED WHOLE from the monolith),1,git diff --numstat scoped to the 4 codebook/ternary-grid dequant touch-set lib+include files (per-format share of the 130/24 batch; see seq 26); family-specific = the iq4_xs constructOrEmit facts branch,HEAD=f1201748
30,dequantize_row(FP4 negative-control codebook extended streaming block-decode; QK_MXFP4=32; E8M0 exact-bit shared-exponent scale + 16-entry FP4 e2m1 kvalues_mxfp4 codebook nibble gather),mxfp4,pending-user-commit,7,0,+7,~0 (reuses the codebook/grid routing + the SAME emitGgmlDequantizeRowExtended decode WHOLE; ZERO framework re-pay),~6 (facts-wrapper leaf: the mxfp4 constructOrEmit facts branch qk=32/stride=17/dOff=0/qsOff=1 -- the decode already lives WHOLE in the shared decode),0 (NO copied decode leaf: the mxfp4 decode is REUSED WHOLE from the monolith),0 (monolith KEPT as the SHARED single source; no tracked bypass retired),64->65,LOW (facts-wrapper-only; the decode is FULLY shared -- mxfp4 differs only in qk + stride/offset facts),cheap-reuse (FIFTH codebook/ternary-grid leaf / FIRST FP4 e2m1 / E8M0 negative-control sibling; ~decode-leaf-only = a ~6-line constructOrEmit facts branch + the shared gate/allowlist/dispatch || token; the decode is REUSED WHOLE from the monolith),1,git diff --numstat scoped to the 4 codebook/ternary-grid dequant touch-set lib+include files (per-format share of the 130/24 batch; see seq 26); family-specific = the mxfp4 constructOrEmit facts branch,HEAD=f1201748
31,"dequantize_row(FP4 negative-control codebook extended streaming block-decode; QK_NVFP4=64; four UE4M3 sub-block scales via ldexpf + 16-entry FP4 codebook per sub-block; COMPLETES codebook/ternary-grid dequant cohort {iq1_s/iq1_m/iq4_nl/iq4_xs/mxfp4/nvfp4}, only tq1_0/tq2_0 remain)",nvfp4,pending-user-commit,7,0,+7,~0 (reuses the codebook/grid routing + the SAME emitGgmlDequantizeRowExtended decode WHOLE; ZERO framework re-pay),~6 (facts-wrapper leaf: the nvfp4 constructOrEmit facts branch qk=64/stride=36/dOff=0/qsOff=4 -- the decode already lives WHOLE in the shared decode),0 (NO copied decode leaf: the nvfp4 decode is REUSED WHOLE from the monolith),0 (monolith KEPT as the SHARED single source; no tracked bypass retired),65->66,LOW (facts-wrapper-only; the decode is FULLY shared -- nvfp4 differs only in qk + stride/offset facts),cheap-reuse (SIXTH codebook/ternary-grid leaf / COMPLETES the codebook/ternary-grid dequant cohort; only ternary tq1_0/tq2_0 remain dispatch-wired; ~decode-leaf-only = a ~6-line constructOrEmit facts branch + the shared gate/allowlist/dispatch || token; the decode is REUSED WHOLE from the monolith),1,git diff --numstat scoped to the 4 codebook/ternary-grid dequant touch-set lib+include files (per-format share of the 130/24 batch; see seq 26); family-specific = the nvfp4 constructOrEmit facts branch,HEAD=f1201748
